grupo,customer_types,sin_tacc,event_date,reserved_at,canceled_at,checked_at,anticipacion_min,status,customer_id
Becas personal,Becas Docentes,False,2026-07-01,2026-07-01 08:19:09.319000-03:00,,2026-07-01 12:38:57.007000-03:00,259.7948,used,381
Becas personal,Becas Docentes,False,2026-07-01,2026-07-01 08:52:46.923000-03:00,,2026-07-01 12:50:41.237000-03:00,237.90523333333334,used,476
Becas personal,Becas Docentes,False,2026-07-01,2026-07-01 08:07:28.588000-03:00,,2026-07-01 12:50:46.024000-03:00,283.29060000000004,used,477
Becas personal,Becas Docentes,False,2026-07-01,2026-07-01 09:58:20.105000-03:00,,2026-07-01 12:50:48.206000-03:00,172.46835000000002,used,478
Becas personal,Becas Docentes,False,2026-07-01,2026-07-01 08:58:39.269000-03:00,,2026-07-01 12:56:40.491000-03:00,238.02036666666666,used,511
Becas personal,Becas Docentes,False,2026-07-01,2026-07-01 08:47:40.491000-03:00,,2026-07-01 12:56:42.838000-03:00,249.03911666666667,used,512
Becas personal,Becas Docentes,False,2026-07-01,2026-07-01 09:17:39.447000-03:00,,2026-07-01 12:56:44.939000-03:00,219.09153333333333,used,513
Becas personal,Becas Docentes,False,2026-07-01,2026-07-01 08:35:57.817000-03:00,,2026-07-01 12:56:47.136000-03:00,260.8219833333333,used,514
Becas personal,Becas Docentes,False,2026-07-01,2026-07-01 08:33:31.989000-03:00,,2026-07-01 13:12:08.740000-03:00,278.6125166666667,used,649
Becas personal,Becas Docentes,False,2026-07-01,2026-07-01 08:27:51.394000-03:00,,2026-07-01 13:25:17.415000-03:00,297.43368333333336,used,770
Becas personal,Becas Docentes,False,2026-07-01,2026-07-01 08:58:45.142000-03:00,,2026-07-01 13:33:29.261000-03:00,274.7353166666666,used,838
Becas personal,Becas Docentes,False,2026-07-01,2026-07-01 10:02:38.434000-03:00,,2026-07-01 14:01:29.932000-03:00,238.85829999999999,used,1019
Becas personal,Becas Docentes,False,2026-07-01,2026-07-01 09:39:58.914000-03:00,,2026-07-01 14:02:44.876000-03:00,262.7660333333333,used,1024
Becas personal,Becas Docentes,False,2026-07-02,2026-07-02 08:22:29.698000-03:00,,2026-07-02 12:15:39.275000-03:00,233.15961666666666,used,1312
Becas personal,Becas Docentes,False,2026-07-02,2026-07-02 08:00:40.052000-03:00,,2026-07-02 12:29:54.778000-03:00,269.2454333333333,used,1382
Becas personal,Becas Docentes,False,2026-07-02,2026-07-02 09:36:45.728000-03:00,,2026-07-02 12:33:53.245000-03:00,177.12528333333333,used,1400
Becas personal,Becas Docentes,False,2026-07-02,2026-07-02 09:07:46.806000-03:00,,2026-07-02 12:33:55.246000-03:00,206.14066666666668,used,1401
Becas personal,Becas Docentes,False,2026-07-02,2026-07-02 09:18:05.262000-03:00,,2026-07-02 12:33:57.742000-03:00,195.87466666666666,used,1402
Becas personal,Becas Docentes,False,2026-07-02,2026-07-02 09:22:11.988000-03:00,,2026-07-02 12:33:59.761000-03:00,191.79621666666665,used,1403
Becas personal,Becas Docentes,False,2026-07-02,2026-07-02 10:31:10.390000-03:00,,2026-07-02 12:40:17.301000-03:00,129.11518333333333,used,1421
Becas personal,Becas Docentes,False,2026-07-02,2026-07-02 08:45:46.570000-03:00,,2026-07-02 13:06:03.622000-03:00,260.2842,used,1522
Becas personal,Becas Docentes,False,2026-07-02,2026-07-02 09:09:11.351000-03:00,,2026-07-02 13:06:06.614000-03:00,236.92105,used,1523
Becas personal,Becas Docentes,False,2026-07-02,2026-07-02 08:42:48.535000-03:00,,2026-07-02 13:33:20.092000-03:00,290.52595,used,1671
Becas personal,Becas Docentes,False,2026-07-02,2026-07-02 08:12:50.187000-03:00,,2026-07-02 13:41:49.642000-03:00,328.9909166666667,used,1705
Becas personal,Becas Docentes,False,2026-07-02,2026-07-02 09:48:50.037000-03:00,,2026-07-02 13:45:12.847000-03:00,236.38016666666667,used,1716
Becas personal,Becas Docentes,False,2026-07-02,2026-07-02 08:53:07.910000-03:00,,2026-07-02 13:58:29.507000-03:00,305.35995,used,1800
Becas personal,Becas Docentes,False,2026-07-03,2026-07-03 09:00:34.535000-03:00,,2026-07-03 12:35:57.137000-03:00,215.3767,used,2223
Becas personal,Becas Docentes,False,2026-07-03,2026-07-03 08:10:34.142000-03:00,,2026-07-03 12:36:01.305000-03:00,265.4527166666667,used,2224
Becas personal,Becas Docentes,False,2026-07-03,2026-07-03 09:16:07.894000-03:00,,2026-07-03 12:36:03.488000-03:00,199.92656666666664,used,2225
Becas personal,Becas Docentes,False,2026-07-03,2026-07-03 09:19:03.651000-03:00,,2026-07-03 12:40:58.987000-03:00,201.92226666666664,used,2251
Becas personal,Becas Docentes,False,2026-07-03,2026-07-03 09:11:22.583000-03:00,,2026-07-03 12:41:00.641000-03:00,209.63430000000002,used,2252
Becas personal,Becas Docentes,False,2026-07-03,2026-07-03 09:30:57.334000-03:00,,2026-07-03 12:41:04.932000-03:00,190.12663333333333,used,2253
Becas personal,Becas Docentes,False,2026-07-03,2026-07-03 09:19:44.739000-03:00,,2026-07-03 12:41:07.452000-03:00,201.37855,used,2254
Becas personal,Becas Docentes,False,2026-07-03,2026-07-03 09:42:31.419000-03:00,,2026-07-03 12:53:05.119000-03:00,190.56166666666667,used,2325
Becas personal,Becas Docentes,False,2026-07-03,2026-07-03 08:36:32.172000-03:00,,2026-07-03 13:13:22.085000-03:00,276.83188333333334,used,2434
Becas personal,Becas Docentes,False,2026-07-03,2026-07-03 10:13:16.877000-03:00,,2026-07-03 13:23:52.924000-03:00,190.60078333333334,used,2510
Becas personal,Becas Docentes,False,2026-07-03,2026-07-03 08:30:39.734000-03:00,,2026-07-03 13:52:44.702000-03:00,322.0828,used,2681
Becas personal,Becas Docentes,False,2026-07-03,2026-07-03 08:01:42.013000-03:00,,2026-07-03 13:59:55.103000-03:00,358.21816666666666,used,2717
Becas personal,Becas Docentes,False,2026-07-07,2026-07-07 09:21:12.997000-03:00,,2026-07-07 12:02:48.476000-03:00,161.59131666666664,used,2896
Becas personal,Becas Docentes,False,2026-07-07,2026-07-07 09:29:22.814000-03:00,,2026-07-07 12:02:52.613000-03:00,153.49665000000002,used,2897
Becas personal,Becas Docentes,False,2026-07-07,2026-07-07 10:14:36.698000-03:00,,2026-07-07 12:07:57.335000-03:00,113.34394999999999,used,2941
Becas personal,Becas Docentes,False,2026-07-07,2026-07-07 09:23:49.469000-03:00,,2026-07-07 12:12:13.867000-03:00,168.40663333333333,used,2951
Becas personal,Becas Docentes,False,2026-07-07,2026-07-07 09:38:07.208000-03:00,,2026-07-07 12:12:15.937000-03:00,154.14548333333332,used,2952
Becas personal,Becas Docentes,False,2026-07-07,2026-07-07 08:43:39.900000-03:00,,2026-07-07 12:12:18.213000-03:00,208.63855,used,2953
Becas personal,Becas Docentes,False,2026-07-07,2026-07-07 09:22:57.029000-03:00,,2026-07-07 12:12:20.218000-03:00,169.38648333333333,used,2954
Becas personal,Becas Docentes,False,2026-07-07,2026-07-07 08:02:10.759000-03:00,,2026-07-07 12:39:39.792000-03:00,277.4838833333333,used,3042
Becas personal,Becas Docentes,False,2026-07-08,2026-07-08 08:05:50.756000-03:00,,2026-07-08 12:15:52.621000-03:00,250.03108333333333,used,3160
Becas personal,Becas Docentes,False,2026-07-08,2026-07-08 10:15:47.067000-03:00,,2026-07-08 12:37:44.563000-03:00,141.95826666666665,used,3202
Becas personal,Becas Docentes,False,2026-07-08,2026-07-08 09:17:04.375000-03:00,,2026-07-08 12:37:49.459000-03:00,200.75140000000002,used,3203
Becas personal,Becas Docentes,False,2026-07-08,2026-07-08 08:45:08.556000-03:00,,2026-07-08 12:39:13.873000-03:00,234.08861666666664,used,3206
Becas personal,Becas Docentes,False,2026-07-08,2026-07-08 08:16:41.088000-03:00,,2026-07-08 12:41:38.562000-03:00,264.9579,used,3217
Becas personal,Becas Docentes,False,2026-07-08,2026-07-08 08:54:56.407000-03:00,,2026-07-08 13:01:27.359000-03:00,246.51586666666665,used,3268
Becas personal,Becas Docentes,False,2026-07-08,2026-07-08 09:31:32.065000-03:00,,2026-07-08 13:26:14.873000-03:00,234.71346666666668,used,3357
Becas personal,Becas Docentes,False,2026-07-20,2026-07-20 08:26:10.175000-03:00,,2026-07-20 12:24:13.474000-03:00,238.05498333333335,used,3565
Becas personal,Becas Docentes,False,2026-07-20,2026-07-20 08:01:50.456000-03:00,,2026-07-20 12:26:40.891000-03:00,264.8405833333333,used,3570
Becas personal,Becas Docentes,False,2026-07-20,2026-07-20 09:04:13.189000-03:00,,2026-07-20 12:31:45.214000-03:00,207.53375,used,3585
Becas personal,Becas Docentes,False,2026-07-20,2026-07-20 08:28:39.378000-03:00,,2026-07-20 12:41:22.047000-03:00,252.71115,used,3601
Becas personal,Becas Docentes,False,2026-07-20,2026-07-20 08:59:55.322000-03:00,,2026-07-20 12:44:57.738000-03:00,225.04026666666667,used,3608
Becas personal,Becas Docentes,False,2026-07-20,2026-07-20 08:35:10.644000-03:00,,2026-07-20 12:45:00.162000-03:00,249.8253,used,3609
Becas personal,Becas Docentes,False,2026-07-20,2026-07-20 09:22:21.059000-03:00,,2026-07-20 12:45:02.465000-03:00,202.6901,used,3610
Becas personal,Becas Docentes,False,2026-07-20,2026-07-20 08:01:04.191000-03:00,,2026-07-20 12:45:20.967000-03:00,284.2796,used,3614
Becas personal,Becas Docentes,False,2026-07-20,2026-07-20 09:59:05.137000-03:00,,2026-07-20 12:45:27.901000-03:00,166.37939999999998,used,3615
Becas personal,Becas Docentes,False,2026-07-20,2026-07-20 10:15:17.843000-03:00,,2026-07-20 12:45:30.519000-03:00,150.21126666666666,used,3616
Becas personal,Becas Docentes,False,2026-07-20,2026-07-20 09:20:01.322000-03:00,,2026-07-20 13:11:20.484000-03:00,231.31936666666667,used,3698
Becas personal,Becas Docentes,False,2026-07-20,2026-07-20 09:28:34.797000-03:00,,2026-07-20 13:23:00.548000-03:00,234.42918333333333,used,3738
Becas personal,Becas Docentes,False,2026-07-20,2026-07-20 10:08:14.872000-03:00,,2026-07-20 13:28:15.193000-03:00,200.00535,used,3761
Becas personal,Becas Docentes,False,2026-07-21,2026-07-21 08:13:11.254000-03:00,,2026-07-21 12:05:49.488000-03:00,232.63723333333334,used,3982
Becas personal,Becas Docentes,False,2026-07-21,2026-07-21 08:13:01.819000-03:00,,2026-07-21 12:29:07.809000-03:00,256.0998333333333,used,4044
Becas personal,Becas Docentes,False,2026-07-21,2026-07-21 10:50:07.977000-03:00,,2026-07-21 12:47:37.189000-03:00,117.48686666666667,used,4095
Becas personal,Becas Docentes,False,2026-07-21,2026-07-21 09:11:03.378000-03:00,,2026-07-21 12:47:39.642000-03:00,216.6044,used,4096
Becas personal,Becas Docentes,False,2026-07-21,2026-07-21 08:02:21.609000-03:00,,2026-07-21 12:56:52.377000-03:00,294.5128,used,4127
Becas personal,Becas Docentes,False,2026-07-21,2026-07-21 09:43:16.690000-03:00,,2026-07-21 12:56:55.931000-03:00,193.65401666666668,used,4128
Becas personal,Becas Docentes,False,2026-07-21,2026-07-21 08:27:06.821000-03:00,,2026-07-21 13:04:43.728000-03:00,277.61511666666667,used,4161
Becas personal,Becas Docentes,False,2026-07-21,2026-07-21 08:39:24.882000-03:00,,2026-07-21 13:21:01.679000-03:00,281.6132833333333,used,4244
Becas personal,Becas Docentes,False,2026-07-21,2026-07-21 09:35:56.887000-03:00,,2026-07-21 13:37:17.794000-03:00,241.34844999999999,used,4310
Becas personal,Becas Docentes,False,2026-07-21,2026-07-21 09:30:00.412000-03:00,,2026-07-21 13:49:19.301000-03:00,259.3148166666667,used,4358
Becas personal,Becas Docentes,False,2026-07-21,2026-07-21 08:52:50.367000-03:00,,2026-07-21 13:55:06.242000-03:00,302.26458333333335,used,4379
Becas personal,Becas Docentes,False,2026-07-22,2026-07-22 08:05:44.411000-03:00,,2026-07-22 11:59:45.538000-03:00,234.01878333333335,used,4499
Becas personal,Becas Docentes,False,2026-07-22,2026-07-22 10:10:08.523000-03:00,,2026-07-22 12:23:18.272000-03:00,133.16248333333334,used,4621
Becas personal,Becas Docentes,False,2026-07-22,2026-07-22 08:53:36.265000-03:00,,2026-07-22 12:23:21.288000-03:00,209.75038333333333,used,4622
Becas personal,Becas Docentes,False,2026-07-22,2026-07-22 09:34:09.010000-03:00,,2026-07-22 12:23:23.384000-03:00,169.23956666666666,used,4623
Becas personal,Becas Docentes,False,2026-07-22,2026-07-22 08:10:27.786000-03:00,,2026-07-22 13:18:23.438000-03:00,307.9275333333333,used,4870
Becas personal,Becas Docentes,False,2026-07-22,2026-07-22 09:11:12.762000-03:00,,2026-07-22 13:18:26.928000-03:00,247.2361,used,4871
Becas personal,Becas Docentes,False,2026-07-22,2026-07-22 09:28:27.042000-03:00,,2026-07-22 13:18:30.064000-03:00,230.0503666666667,used,4872
Becas personal,Becas Docentes,False,2026-07-22,2026-07-22 09:59:22.109000-03:00,,2026-07-22 13:37:17.499000-03:00,217.92316666666665,used,4973
Becas personal,Becas Docentes,False,2026-07-22,2026-07-22 10:13:49.966000-03:00,,2026-07-22 14:09:44.066000-03:00,235.90166666666667,used,5116
Becas personal,Becas Docentes,False,2026-07-23,2026-07-23 08:26:35.243000-03:00,,2026-07-23 12:09:45.616000-03:00,223.17288333333332,used,5252
Becas personal,Becas Docentes,False,2026-07-23,2026-07-23 08:07:09.276000-03:00,,2026-07-23 12:14:11.994000-03:00,247.04530000000003,used,5292
Becas personal,Becas Docentes,False,2026-07-23,2026-07-23 08:45:09.063000-03:00,,2026-07-23 12:28:15.237000-03:00,223.1029,used,5346
Becas personal,Becas Docentes,False,2026-07-23,2026-07-23 08:39:56.603000-03:00,,2026-07-23 12:49:07.908000-03:00,249.18841666666668,used,5403
Becas personal,Becas Docentes,False,2026-07-23,2026-07-23 09:07:58.909000-03:00,,2026-07-23 12:49:10.324000-03:00,221.19025000000002,used,5404
Becas personal,Becas Docentes,False,2026-07-23,2026-07-23 09:45:34.039000-03:00,,2026-07-23 12:49:13.324000-03:00,183.65475,used,5405
Becas personal,Becas Docentes,False,2026-07-23,2026-07-23 08:00:50.328000-03:00,,2026-07-23 13:11:24.604000-03:00,310.5712666666667,used,5501
Becas personal,Becas Docentes,False,2026-07-23,2026-07-23 10:26:09.347000-03:00,,2026-07-23 13:11:26.452000-03:00,165.28508333333332,used,5502
Becas personal,Becas Docentes,False,2026-07-23,2026-07-23 10:03:17.707000-03:00,,2026-07-23 13:11:29.316000-03:00,188.19348333333335,used,5503
Becas personal,Becas Docentes,False,2026-07-23,2026-07-23 08:17:57.509000-03:00,,2026-07-23 13:14:00.939000-03:00,296.05716666666666,used,5517
Becas personal,Becas Docentes,False,2026-07-23,2026-07-23 10:23:00.892000-03:00,,2026-07-23 13:44:04.394000-03:00,201.05836666666667,used,5690
Becas personal,Becas Docentes,False,2026-07-24,2026-07-24 10:49:19.881000-03:00,,2026-07-24 12:11:34.906000-03:00,82.25041666666667,used,5926
Becas personal,Becas Docentes,False,2026-07-24,2026-07-24 08:18:08.078000-03:00,,2026-07-24 12:30:24.123000-03:00,252.26741666666666,used,5976
Becas personal,Becas Docentes,False,2026-07-24,2026-07-24 09:50:58.652000-03:00,,2026-07-24 12:48:09.506000-03:00,177.18089999999998,used,6030
Becas personal,Becas Docentes,False,2026-07-24,2026-07-24 08:00:15.635000-03:00,,2026-07-24 12:48:11.896000-03:00,287.9376833333333,used,6031
Becas personal,Becas Docentes,False,2026-07-24,2026-07-24 09:35:23.249000-03:00,,2026-07-24 12:48:14.186000-03:00,192.84895,used,6032
Becas personal,Becas Docentes,False,2026-07-24,2026-07-24 08:42:45.416000-03:00,,2026-07-24 13:13:37.599000-03:00,270.8697166666667,used,6119
Becas personal,Becas Docentes,False,2026-07-24,2026-07-24 08:34:36.459000-03:00,,2026-07-24 13:24:15.831000-03:00,289.6562,used,6159
Becas personal,Becas Docentes,False,2026-07-24,2026-07-24 09:30:41.041000-03:00,,2026-07-24 13:33:23.025000-03:00,242.69973333333334,used,6191
Becas personal,Becas Docentes,False,2026-07-24,2026-07-24 08:35:58.271000-03:00,,2026-07-24 13:36:02.591000-03:00,300.072,used,6200
Becas personal,Becas Docentes,False,2026-07-24,2026-07-24 10:23:36.367000-03:00,,2026-07-24 13:39:06.186000-03:00,195.49698333333333,used,6209
Becas personal,Becas Docentes,False,2026-07-24,2026-07-24 09:16:02.236000-03:00,,2026-07-24 13:55:07.828000-03:00,279.0932,used,6253
Becas personal,Becas Docentes,False,2026-07-24,2026-07-24 09:54:27.523000-03:00,,2026-07-24 14:04:18.705000-03:00,249.85303333333334,used,6280
Becas personal,Becas Docentes,False,2026-07-27,2026-07-27 10:30:20.480000-03:00,,2026-07-27 12:08:42.954000-03:00,98.37456666666667,used,6426
Becas personal,Becas Docentes,False,2026-07-27,2026-07-27 08:04:22.494000-03:00,,2026-07-27 12:09:50.949000-03:00,245.47425,used,6442
Becas personal,Becas Docentes,False,2026-07-27,2026-07-27 09:49:11.692000-03:00,,2026-07-27 12:15:33.808000-03:00,146.3686,used,6472
Becas personal,Becas Docentes,False,2026-07-27,2026-07-27 08:10:02.193000-03:00,,2026-07-27 12:22:55.730000-03:00,252.89228333333332,used,6507
Becas personal,Becas Docentes,False,2026-07-27,2026-07-27 09:02:47.691000-03:00,,2026-07-27 12:22:58.244000-03:00,200.17588333333333,used,6508
Becas personal,Becas Docentes,False,2026-07-27,2026-07-27 08:02:01.338000-03:00,,2026-07-27 12:23:26.634000-03:00,261.4216,used,6511
Becas personal,Becas Docentes,False,2026-07-27,2026-07-27 08:21:14.923000-03:00,,2026-07-27 12:35:47.014000-03:00,254.53485,used,6565
Becas personal,Becas Docentes,False,2026-07-27,2026-07-27 09:34:07.072000-03:00,,2026-07-27 12:56:33.456000-03:00,202.43973333333332,used,6655
Becas personal,Becas Docentes,False,2026-07-27,2026-07-27 09:35:11.921000-03:00,,2026-07-27 12:56:40.271000-03:00,201.4725,used,6656
Becas personal,Becas Docentes,False,2026-07-27,2026-07-27 08:49:21.961000-03:00,,2026-07-27 12:56:43.160000-03:00,247.35331666666667,used,6657
Becas personal,Becas Docentes,False,2026-07-27,2026-07-27 10:30:11.608000-03:00,,2026-07-27 12:56:45.119000-03:00,146.55851666666666,used,6658
Becas personal,Becas Docentes,False,2026-07-27,2026-07-27 08:26:35.254000-03:00,,2026-07-27 13:13:59.778000-03:00,287.4087333333334,used,6746
Becas personal,Becas Docentes,False,2026-07-27,2026-07-27 09:29:13.471000-03:00,,2026-07-27 13:25:09.838000-03:00,235.93945,used,6798
Becas personal,Becas Docentes,False,2026-07-27,2026-07-27 09:08:49.064000-03:00,,2026-07-27 13:26:19.575000-03:00,257.50851666666665,used,6808
Becas personal,Becas Docentes,False,2026-07-27,2026-07-27 10:34:53.493000-03:00,,2026-07-27 13:49:20.013000-03:00,194.442,used,6920
Becas personal,Becas Docentes,False,2026-07-27,2026-07-27 09:05:08.943000-03:00,,2026-07-27 13:55:29.863000-03:00,290.34866666666665,used,6943
Becas personal,Becas Docentes,False,2026-07-28,2026-07-28 10:43:16.218000-03:00,,2026-07-28 12:08:48.004000-03:00,85.52976666666667,used,7172
Becas personal,Becas Docentes,False,2026-07-28,2026-07-28 08:12:57.266000-03:00,,2026-07-28 12:09:25.117000-03:00,236.46418333333335,used,7178
Becas personal,Becas Docentes,False,2026-07-28,2026-07-28 08:22:39.132000-03:00,,2026-07-28 12:10:40.142000-03:00,228.01683333333332,used,7185
Becas personal,Becas Docentes,False,2026-07-28,2026-07-28 08:22:10.774000-03:00,,2026-07-28 12:34:07.873000-03:00,251.95165,used,7327
Becas personal,Becas Docentes,False,2026-07-28,2026-07-28 08:02:05.474000-03:00,,2026-07-28 12:35:14.079000-03:00,273.14341666666667,used,7329
Becas personal,Becas Docentes,False,2026-07-28,2026-07-28 09:50:33.014000-03:00,,2026-07-28 12:35:16.741000-03:00,164.72878333333335,used,7330
Becas personal,Becas Docentes,False,2026-07-28,2026-07-28 08:07:43.129000-03:00,,2026-07-28 12:35:19.407000-03:00,267.6046333333333,used,7331
Becas personal,Becas Docentes,False,2026-07-28,2026-07-28 09:24:52.620000-03:00,,2026-07-28 12:40:31.594000-03:00,195.64956666666666,used,7373
Becas personal,Becas Docentes,False,2026-07-28,2026-07-28 10:11:59.324000-03:00,,2026-07-28 12:40:35.322000-03:00,148.59996666666666,used,7374
Becas personal,Becas Docentes,False,2026-07-28,2026-07-28 08:48:08.697000-03:00,,2026-07-28 12:40:42.046000-03:00,232.55581666666666,used,7375
Becas personal,Becas Docentes,False,2026-07-28,2026-07-28 10:11:53.444000-03:00,,2026-07-28 12:40:45.333000-03:00,148.86481666666666,used,7376
Becas personal,Becas Docentes,False,2026-07-28,2026-07-28 10:32:02.667000-03:00,,2026-07-28 13:25:15.354000-03:00,173.21144999999999,used,7634
Becas personal,Becas Docentes,False,2026-07-28,2026-07-28 13:18:21.036000-03:00,,2026-07-28 13:25:31.817000-03:00,7.179683333333333,used,7637
Becas personal,Becas Docentes,False,2026-07-28,2026-07-28 08:01:27.676000-03:00,,2026-07-28 13:28:05.127000-03:00,326.62418333333335,used,7650
Becas personal,Becas Docentes,False,2026-07-29,2026-07-29 10:51:52.040000-03:00,,2026-07-29 12:08:41.984000-03:00,76.8324,used,7980
Becas personal,Becas Docentes,False,2026-07-29,2026-07-29 08:26:00.385000-03:00,,2026-07-29 12:14:59.381000-03:00,228.98326666666665,used,8044
Becas personal,Becas Docentes,False,2026-07-29,2026-07-29 08:33:42.874000-03:00,,2026-07-29 12:43:47.474000-03:00,250.07666666666668,used,8194
Becas personal,Becas Docentes,False,2026-07-29,2026-07-29 09:15:47.117000-03:00,,2026-07-29 12:43:51.288000-03:00,208.06951666666666,used,8195
Becas personal,Becas Docentes,False,2026-07-29,2026-07-29 08:06:45.665000-03:00,,2026-07-29 12:43:54.233000-03:00,277.14279999999997,used,8196
Becas personal,Becas Docentes,False,2026-07-29,2026-07-29 09:41:40.700000-03:00,,2026-07-29 12:48:55.040000-03:00,187.239,used,8216
Becas personal,Becas Docentes,False,2026-07-29,2026-07-29 09:00:30.698000-03:00,,2026-07-29 13:22:09.764000-03:00,261.6511,used,8372
Becas personal,Becas Docentes,False,2026-07-29,2026-07-29 09:36:13.559000-03:00,,2026-07-29 13:24:32.377000-03:00,228.3136333333333,used,8392
Becas personal,Becas Docentes,False,2026-07-29,2026-07-29 09:19:56.257000-03:00,,2026-07-29 13:24:34.326000-03:00,244.63448333333332,used,8393
Becas personal,Becas Docentes,False,2026-07-29,2026-07-29 09:15:03.209000-03:00,,2026-07-29 13:24:38.188000-03:00,249.58298333333332,used,8394
Becas personal,Becas Docentes,False,2026-07-29,2026-07-29 09:16:01.997000-03:00,,2026-07-29 13:24:39.596000-03:00,248.62665,used,8395
Becas personal,Becas Docentes,False,2026-07-29,2026-07-29 10:17:20.160000-03:00,,2026-07-29 13:31:51.515000-03:00,194.52258333333333,used,8429
Becas personal,Becas Docentes,False,2026-07-29,2026-07-29 09:00:04.173000-03:00,,2026-07-29 13:51:41.806000-03:00,291.6272166666667,used,8496
Becas personal,Becas Docentes,False,2026-07-29,2026-07-29 08:21:38.478000-03:00,,2026-07-29 14:17:30.459000-03:00,355.86635,used,8596
Becas personal,Becas Docentes,False,2026-07-30,2026-07-30 08:00:51.459000-03:00,,2026-07-30 12:23:26.809000-03:00,262.5891666666667,used,8823
Becas personal,Becas Docentes,False,2026-07-30,2026-07-30 10:39:46.860000-03:00,,2026-07-30 12:35:30.159000-03:00,115.72165,used,8871
Becas personal,Becas Docentes,False,2026-07-30,2026-07-30 09:47:52.713000-03:00,,2026-07-30 12:42:47.248000-03:00,174.90891666666667,used,8911
Becas personal,Becas Docentes,False,2026-07-30,2026-07-30 08:06:23.702000-03:00,,2026-07-30 12:42:57.437000-03:00,276.56225,used,8914
Becas personal,Becas Docentes,False,2026-07-30,2026-07-30 08:23:03.862000-03:00,,2026-07-30 12:43:02.248000-03:00,259.9731,used,8915
Becas personal,Becas Docentes,False,2026-07-30,2026-07-30 08:41:16.219000-03:00,,2026-07-30 12:52:51.686000-03:00,251.59111666666666,used,8960
Becas personal,Becas Docentes,False,2026-07-30,2026-07-30 08:42:23.232000-03:00,,2026-07-30 12:52:53.781000-03:00,250.50915,used,8961
Becas personal,Becas Docentes,False,2026-07-30,2026-07-30 08:43:22.473000-03:00,,2026-07-30 12:53:02.402000-03:00,249.66548333333333,used,8963
Becas personal,Becas Docentes,False,2026-07-30,2026-07-30 10:01:35.574000-03:00,,2026-07-30 13:05:30.964000-03:00,183.92316666666665,used,9028
Becas personal,Becas Docentes,False,2026-07-30,2026-07-30 08:41:34.269000-03:00,,2026-07-30 13:11:11.201000-03:00,269.61553333333336,used,9062
Becas personal,Becas Docentes,False,2026-07-30,2026-07-30 09:01:56.809000-03:00,,2026-07-30 13:14:04.510000-03:00,252.12834999999998,used,9087
Becas personal,Becas Docentes,False,2026-07-30,2026-07-30 08:17:10.666000-03:00,,2026-07-30 13:16:47.075000-03:00,299.60681666666665,used,9108
Becas personal,Becas Docentes,False,2026-07-30,2026-07-30 09:00:16.446000-03:00,,2026-07-30 13:29:23.909000-03:00,269.12438333333336,used,9183
Becas personal,Becas Docentes,False,2026-07-30,2026-07-30 09:15:09.422000-03:00,,2026-07-30 13:46:57.781000-03:00,271.80598333333336,used,9299
Becas personal,Becas Docentes,False,2026-07-30,2026-07-30 09:14:23.611000-03:00,,2026-07-30 13:59:17.328000-03:00,284.89528333333334,used,9352
Becas personal,Becas Docentes,False,2026-07-30,2026-07-30 09:24:31.785000-03:00,,2026-07-30 14:20:17.409000-03:00,295.7604,used,9446
Becas personal,Becas Docentes,False,2026-07-31,2026-07-31 08:01:04.245000-03:00,,2026-07-31 12:12:23.615000-03:00,251.32283333333334,used,9600
Becas personal,Becas Docentes,False,2026-07-31,2026-07-31 09:00:18.760000-03:00,,2026-07-31 12:16:18.101000-03:00,195.98901666666669,used,9639
Becas personal,Becas Docentes,False,2026-07-31,2026-07-31 09:36:12.787000-03:00,,2026-07-31 12:18:54.017000-03:00,162.68716666666666,used,9663
Becas personal,Becas Docentes,False,2026-07-31,2026-07-31 08:35:26.057000-03:00,,2026-07-31 12:18:56.651000-03:00,223.5099,used,9664
Becas personal,Becas Docentes,False,2026-07-31,2026-07-31 08:19:11.982000-03:00,,2026-07-31 12:18:58.754000-03:00,239.77953333333335,used,9665
Becas personal,Becas Docentes,False,2026-07-31,2026-07-31 10:06:24.057000-03:00,,2026-07-31 12:25:34.164000-03:00,139.16845,used,9704
Becas personal,Becas Docentes,False,2026-07-31,2026-07-31 09:37:50.175000-03:00,,2026-07-31 12:26:15.821000-03:00,168.42743333333334,used,9709
Becas personal,Becas Docentes,False,2026-07-31,2026-07-31 09:36:21.793000-03:00,,2026-07-31 12:26:20.257000-03:00,169.9744,used,9711
Becas personal,Becas Docentes,False,2026-07-31,2026-07-31 08:50:57.657000-03:00,,2026-07-31 12:26:22.952000-03:00,215.42158333333333,used,9712
Becas personal,Becas Docentes,False,2026-07-31,2026-07-31 10:39:40.342000-03:00,,2026-07-31 12:26:24.464000-03:00,106.73536666666668,used,9713
Becas personal,Becas Docentes,False,2026-07-31,2026-07-31 08:56:06.725000-03:00,,2026-07-31 13:17:33.214000-03:00,261.44148333333334,used,10003
Becas personal,Becas Docentes,False,2026-07-31,2026-07-31 08:25:27.371000-03:00,,2026-07-31 13:26:19.860000-03:00,300.8748166666667,used,10072
Becas personal,Becas Docentes,False,2026-07-31,2026-07-31 08:07:57.571000-03:00,,2026-07-31 13:26:49.571000-03:00,318.8666666666667,used,10078
Becas personal,Becas Docentes,False,2026-07-31,2026-07-31 09:38:11.997000-03:00,,2026-07-31 13:57:42.978000-03:00,259.51635,used,10215
Becas personal,Becas Docentes,False,2026-07-31,2026-07-31 08:16:33.511000-03:00,,2026-07-31 14:22:34.375000-03:00,366.0144,used,10350
Becas personal,Becas Docentes,False,2026-08-03,2026-08-03 09:14:28.325000-03:00,,2026-08-03 12:15:18.755000-03:00,180.8405,used,10531
Becas personal,Becas Docentes,False,2026-08-03,2026-08-03 09:21:51.810000-03:00,,2026-08-03 12:15:20.716000-03:00,173.4817666666667,used,10532
Becas personal,Becas Docentes,False,2026-08-03,2026-08-03 09:12:13.890000-03:00,,2026-08-03 12:15:23.291000-03:00,183.15668333333332,used,10533
Becas personal,Becas Docentes,False,2026-08-03,2026-08-03 09:15:19.286000-03:00,,2026-08-03 12:15:25.181000-03:00,180.09825,used,10534
Becas personal,Becas Docentes,False,2026-08-03,2026-08-03 08:00:52.536000-03:00,,2026-08-03 12:16:24.526000-03:00,255.53316666666666,used,10545
Becas personal,Becas Docentes,False,2026-08-03,2026-08-03 08:32:47.712000-03:00,,2026-08-03 12:28:34.594000-03:00,235.78136666666666,used,10616
Becas personal,Becas Docentes,False,2026-08-03,2026-08-03 10:20:19.611000-03:00,,2026-08-03 12:30:14.968000-03:00,129.92261666666667,used,10629
Becas personal,Becas Docentes,False,2026-08-03,2026-08-03 08:28:10.007000-03:00,,2026-08-03 12:36:24.857000-03:00,248.2475,used,10665
Becas personal,Becas Docentes,False,2026-08-03,2026-08-03 09:18:04.833000-03:00,,2026-08-03 12:36:27.213000-03:00,198.373,used,10666
Becas personal,Becas Docentes,False,2026-08-03,2026-08-03 08:02:12.731000-03:00,,2026-08-03 12:36:29.765000-03:00,274.2839,used,10667
Becas personal,Becas Docentes,False,2026-08-03,2026-08-03 09:15:49.317000-03:00,,2026-08-03 12:52:15.494000-03:00,216.43628333333334,used,10743
Becas personal,Becas Docentes,False,2026-08-03,2026-08-03 09:23:36.326000-03:00,,2026-08-03 13:19:25.315000-03:00,235.81648333333334,used,10933
Becas personal,Becas Docentes,False,2026-08-03,2026-08-03 09:37:43.563000-03:00,,2026-08-03 13:21:03.313000-03:00,223.32916666666668,used,10953
Becas personal,Becas Docentes,False,2026-08-03,2026-08-03 08:06:45.387000-03:00,,2026-08-03 13:28:30.067000-03:00,321.74466666666666,used,11001
Becas personal,Becas Docentes,False,2026-08-03,2026-08-03 10:43:20.499000-03:00,,2026-08-03 13:41:47.156000-03:00,178.44428333333332,used,11099
Becas personal,Becas Docentes,False,2026-08-03,2026-08-03 08:06:43.807000-03:00,,2026-08-03 14:18:08.105000-03:00,371.40496666666667,used,11327
Becas personal,Becas Docentes,False,2026-08-04,2026-08-04 08:14:51.191000-03:00,,2026-08-04 12:25:08.034000-03:00,250.28071666666668,used,11641
Becas personal,Becas Docentes,False,2026-08-04,2026-08-04 08:44:10.310000-03:00,,2026-08-04 12:30:04.150000-03:00,225.89733333333334,used,11694
Becas personal,Becas Docentes,False,2026-08-04,2026-08-04 08:03:43.449000-03:00,,2026-08-04 12:30:18.701000-03:00,266.58753333333334,used,11695
Becas personal,Becas Docentes,False,2026-08-04,2026-08-04 08:41:06.264000-03:00,,2026-08-04 12:40:05.144000-03:00,238.9813333333333,used,11769
Becas personal,Becas Docentes,False,2026-08-04,2026-08-04 08:12:13.210000-03:00,,2026-08-04 12:40:08.342000-03:00,267.91886666666664,used,11770
Becas personal,Becas Docentes,False,2026-08-04,2026-08-04 08:54:56.018000-03:00,,2026-08-04 12:40:12.987000-03:00,225.28281666666666,used,11771
Becas personal,Becas Docentes,False,2026-08-04,2026-08-04 10:31:37.799000-03:00,,2026-08-04 12:43:43.773000-03:00,132.09956666666668,used,11804
Becas personal,Becas Docentes,False,2026-08-04,2026-08-04 09:51:24.047000-03:00,,2026-08-04 12:50:51.374000-03:00,179.45544999999998,used,11870
Becas personal,Becas Docentes,False,2026-08-04,2026-08-04 09:31:04.791000-03:00,,2026-08-04 12:51:40.118000-03:00,200.5887833333333,used,11880
Becas personal,Becas Docentes,False,2026-08-04,2026-08-04 09:30:11.094000-03:00,,2026-08-04 12:51:49.810000-03:00,201.64526666666669,used,11882
Becas personal,Becas Docentes,False,2026-08-04,2026-08-04 08:27:54.300000-03:00,,2026-08-04 12:51:52.684000-03:00,263.9730666666667,used,11883
Becas personal,Becas Docentes,False,2026-08-04,2026-08-04 09:32:49.456000-03:00,,2026-08-04 12:51:56.377000-03:00,199.11535,used,11884
Becas personal,Becas Docentes,False,2026-08-04,2026-08-04 08:33:15.344000-03:00,,2026-08-04 12:58:41.408000-03:00,265.4344,used,11958
Becas personal,Becas Docentes,False,2026-08-04,2026-08-04 10:25:52.843000-03:00,,2026-08-04 13:28:22.477000-03:00,182.4939,used,12180
Becas personal,Becas Docentes,False,2026-08-04,2026-08-04 10:20:52.606000-03:00,,2026-08-04 13:29:36.382000-03:00,188.7296,used,12196
Becas personal,Becas Docentes,False,2026-08-04,2026-08-04 08:21:02.106000-03:00,,2026-08-04 13:50:12.131000-03:00,329.1670833333334,used,12328
Becas personal,Becas Docentes,False,2026-08-04,2026-08-04 08:22:20.774000-03:00,,2026-08-04 13:54:35.255000-03:00,332.24135,used,12347
Becas personal,Becas Docentes,False,2026-08-05,2026-08-05 09:08:56.981000-03:00,,2026-08-05 12:10:23.490000-03:00,181.44181666666665,used,12644
Becas personal,Becas Docentes,False,2026-08-05,2026-08-05 08:20:25.732000-03:00,,2026-08-05 12:26:56.158000-03:00,246.50709999999998,used,12784
Becas personal,Becas Docentes,False,2026-08-05,2026-08-05 09:24:07.867000-03:00,,2026-08-05 12:40:20.813000-03:00,196.21576666666667,used,12913
Becas personal,Becas Docentes,False,2026-08-05,2026-08-05 09:23:07.549000-03:00,,2026-08-05 12:40:23.968000-03:00,197.27365,used,12914
Becas personal,Becas Docentes,False,2026-08-05,2026-08-05 09:03:27.626000-03:00,,2026-08-05 12:40:28.538000-03:00,217.0152,used,12915
Becas personal,Becas Docentes,False,2026-08-05,2026-08-05 08:54:35.861000-03:00,,2026-08-05 12:42:22.215000-03:00,227.77256666666665,used,12934
Becas personal,Becas Docentes,False,2026-08-05,2026-08-05 08:25:04.967000-03:00,,2026-08-05 12:50:05.319000-03:00,265.0058666666667,used,12979
Becas personal,Becas Docentes,False,2026-08-05,2026-08-05 08:01:36.881000-03:00,,2026-08-05 12:50:19.913000-03:00,288.7172,used,12982
Becas personal,Becas Docentes,False,2026-08-05,2026-08-05 09:00:04.848000-03:00,,2026-08-05 12:50:22.325000-03:00,230.29128333333335,used,12983
Becas personal,Becas Docentes,False,2026-08-05,2026-08-05 08:02:43.498000-03:00,,2026-08-05 12:58:58.319000-03:00,296.24701666666664,used,13053
Becas personal,Becas Docentes,False,2026-08-05,2026-08-05 09:50:11.674000-03:00,,2026-08-05 13:32:00.877000-03:00,221.82004999999998,used,13310
Becas personal,Becas Docentes,False,2026-08-05,2026-08-05 08:45:23.847000-03:00,,2026-08-05 13:41:11.372000-03:00,295.7920833333334,used,13362
Becas personal,Becas Docentes,False,2026-08-05,2026-08-05 08:44:34.472000-03:00,,2026-08-05 13:46:01.921000-03:00,301.45748333333336,used,13385
Becas personal,Becas Docentes,False,2026-08-05,2026-08-05 09:15:14.486000-03:00,,2026-08-05 13:52:15.687000-03:00,277.02001666666666,used,13411
Becas personal,Becas Docentes,False,2026-08-05,2026-08-05 09:06:46.767000-03:00,,2026-08-05 13:52:54.094000-03:00,286.12211666666667,used,13420
Becas personal,Becas Docentes,False,2026-08-05,2026-08-05 08:44:03.857000-03:00,,2026-08-05 13:57:58.538000-03:00,313.91135,used,13449
Becas personal,Becas Docentes,False,2026-08-05,2026-08-05 09:31:35.233000-03:00,,2026-08-05 13:58:20.847000-03:00,266.7602333333333,used,13454
Becas personal,Becas Docentes,False,2026-08-06,2026-08-06 09:06:09.218000-03:00,,2026-08-06 12:15:24.305000-03:00,189.25145,used,13815
Becas personal,Becas Docentes,False,2026-08-06,2026-08-06 08:33:42.653000-03:00,,2026-08-06 12:24:41.068000-03:00,230.97358333333335,used,13925
Becas personal,Becas Docentes,False,2026-08-06,2026-08-06 08:46:38.170000-03:00,,2026-08-06 12:29:14.926000-03:00,222.6126,used,13974
Becas personal,Becas Docentes,False,2026-08-06,2026-08-06 08:09:26.286000-03:00,,2026-08-06 12:29:17.866000-03:00,259.85966666666667,used,13975
Becas personal,Becas Docentes,False,2026-08-06,2026-08-06 08:41:56.309000-03:00,,2026-08-06 12:29:22.445000-03:00,227.4356,used,13976
Becas personal,Becas Docentes,False,2026-08-06,2026-08-06 08:38:07.849000-03:00,,2026-08-06 12:39:57.641000-03:00,241.82986666666665,used,14053
Becas personal,Becas Docentes,False,2026-08-06,2026-08-06 09:07:44.860000-03:00,,2026-08-06 12:47:44.060000-03:00,219.98666666666668,used,14106
Becas personal,Becas Docentes,False,2026-08-06,2026-08-06 09:45:07.212000-03:00,,2026-08-06 12:47:47.220000-03:00,182.6668,used,14107
Becas personal,Becas Docentes,False,2026-08-06,2026-08-06 09:47:15.830000-03:00,,2026-08-06 12:47:48.771000-03:00,180.5490166666667,used,14108
Becas personal,Becas Docentes,False,2026-08-06,2026-08-06 08:09:50.998000-03:00,,2026-08-06 12:59:39.648000-03:00,289.81083333333333,used,14208
Becas personal,Becas Docentes,False,2026-08-06,2026-08-06 09:45:43.922000-03:00,,2026-08-06 12:59:49.969000-03:00,194.10078333333334,used,14212
Becas personal,Becas Docentes,False,2026-08-06,2026-08-06 10:51:11.970000-03:00,,2026-08-06 13:19:14.379000-03:00,148.04014999999998,used,14380
Becas personal,Becas Docentes,False,2026-08-06,2026-08-06 09:55:33.364000-03:00,,2026-08-06 13:19:28.723000-03:00,203.92265,used,14382
Becas personal,Becas Docentes,False,2026-08-06,2026-08-06 09:45:23.014000-03:00,,2026-08-06 13:25:54.405000-03:00,220.52318333333332,used,14411
Becas personal,Becas Docentes,False,2026-08-06,2026-08-06 10:14:21.121000-03:00,,2026-08-06 13:38:56.128000-03:00,204.58345,used,14512
Becas personal,Becas Docentes,False,2026-08-06,2026-08-06 08:56:01.767000-03:00,,2026-08-06 13:49:59.055000-03:00,293.95480000000003,used,14582
Becas personal,Becas Docentes,False,2026-08-06,2026-08-06 09:18:41.106000-03:00,,2026-08-06 14:11:24.953000-03:00,292.73078333333336,used,14720
Becas personal,Becas Docentes,False,2026-08-07,2026-08-07 08:04:44.226000-03:00,,2026-08-07 12:12:25.950000-03:00,247.6954,used,14969
Becas personal,Becas Docentes,False,2026-08-07,2026-08-07 10:33:59.261000-03:00,,2026-08-07 12:12:28.197000-03:00,98.48226666666666,used,14970
Becas personal,Becas Docentes,False,2026-08-07,2026-08-07 09:07:47.170000-03:00,,2026-08-07 12:12:33.121000-03:00,184.76584999999997,used,14971
Becas personal,Becas Docentes,False,2026-08-07,2026-08-07 09:26:20.103000-03:00,,2026-08-07 12:13:49.267000-03:00,167.4860666666667,used,14990
Becas personal,Becas Docentes,False,2026-08-07,2026-08-07 09:39:01.097000-03:00,,2026-08-07 12:13:52.805000-03:00,154.86180000000002,used,14991
Becas personal,Becas Docentes,False,2026-08-07,2026-08-07 09:21:52.956000-03:00,,2026-08-07 12:14:11.189000-03:00,172.30388333333335,used,14992
Becas personal,Becas Docentes,False,2026-08-07,2026-08-07 10:10:05.900000-03:00,,2026-08-07 12:14:12.670000-03:00,124.11283333333334,used,14993
Becas personal,Becas Docentes,False,2026-08-07,2026-08-07 09:23:51.700000-03:00,,2026-08-07 12:15:07.918000-03:00,171.27030000000002,used,15007
Becas personal,Becas Docentes,False,2026-08-07,2026-08-07 09:49:51.343000-03:00,,2026-08-07 12:35:35.797000-03:00,165.74089999999998,used,15150
Becas personal,Becas Docentes,False,2026-08-07,2026-08-07 08:41:43.300000-03:00,,2026-08-07 12:38:51.833000-03:00,237.14221666666666,used,15169
Becas personal,Becas Docentes,False,2026-08-07,2026-08-07 08:24:22.629000-03:00,,2026-08-07 13:18:32.942000-03:00,294.1718833333333,used,15490
Becas personal,Becas Docentes,False,2026-08-07,2026-08-07 09:34:10.358000-03:00,,2026-08-07 13:20:43.760000-03:00,226.5567,used,15505
Becas personal,Becas Docentes,False,2026-08-07,2026-08-07 10:28:28.321000-03:00,,2026-08-07 13:22:45.554000-03:00,174.28721666666667,used,15526
Becas personal,Becas Docentes,False,2026-08-07,2026-08-07 08:50:37.426000-03:00,,2026-08-07 14:12:38.530000-03:00,322.0184,used,15838
Becas personal,Becas Docentes,False,2026-08-07,2026-08-07 08:03:17.598000-03:00,,2026-08-07 14:22:42.606000-03:00,379.4168,used,15928
Becas personal,Becas Docentes,False,2026-08-10,2026-08-10 10:03:29.101000-03:00,,2026-08-10 12:27:12.112000-03:00,143.71685,used,16262
Becas personal,Becas Docentes,False,2026-08-10,2026-08-10 08:39:47.557000-03:00,,2026-08-10 12:32:16.713000-03:00,232.48593333333335,used,16321
Becas personal,Becas Docentes,False,2026-08-10,2026-08-10 09:50:53.629000-03:00,,2026-08-10 12:48:13.228000-03:00,177.32665,used,16520
Becas personal,Becas Docentes,False,2026-08-10,2026-08-10 10:11:52.883000-03:00,,2026-08-10 12:48:16.908000-03:00,156.40041666666667,used,16521
Becas personal,Becas Docentes,False,2026-08-10,2026-08-10 09:16:11.755000-03:00,,2026-08-10 12:48:19.081000-03:00,212.1221,used,16522
Becas personal,Becas Docentes,False,2026-08-10,2026-08-10 09:45:50.211000-03:00,,2026-08-10 12:48:25.717000-03:00,182.59176666666664,used,16523
Becas personal,Becas Docentes,False,2026-08-10,2026-08-10 10:40:42.323000-03:00,,2026-08-10 12:57:35.214000-03:00,136.88151666666667,used,16632
Becas personal,Becas Docentes,False,2026-08-10,2026-08-10 08:24:55.067000-03:00,,2026-08-10 12:59:46.497000-03:00,274.85716666666667,used,16659
Becas personal,Becas Docentes,False,2026-08-10,2026-08-10 08:49:30.532000-03:00,,2026-08-10 13:06:22.002000-03:00,256.8578333333333,used,16731
Becas personal,Becas Docentes,False,2026-08-10,2026-08-10 08:37:26.003000-03:00,,2026-08-10 13:07:17.362000-03:00,269.8559833333333,used,16747
Becas personal,Becas Docentes,False,2026-08-10,2026-08-10 08:30:20.850000-03:00,,2026-08-10 13:07:31.796000-03:00,277.18243333333334,used,16750
Becas personal,Becas Docentes,False,2026-08-10,2026-08-10 08:51:48.767000-03:00,,2026-08-10 13:07:34.126000-03:00,255.75598333333335,used,16751
Becas personal,Becas Docentes,False,2026-08-10,2026-08-10 08:02:32.401000-03:00,,2026-08-10 13:07:36.165000-03:00,305.0627333333333,used,16752
Becas personal,Becas Docentes,False,2026-08-10,2026-08-10 08:01:44.910000-03:00,,2026-08-10 13:17:10.067000-03:00,315.41928333333334,used,16868
Becas personal,Becas Docentes,False,2026-08-10,2026-08-10 10:25:48.186000-03:00,,2026-08-10 13:49:02.672000-03:00,203.24143333333333,used,17226
Becas personal,Becas Docentes,False,2026-08-10,2026-08-10 08:47:40.770000-03:00,,2026-08-10 14:02:44.458000-03:00,315.06146666666666,used,17331
Becas personal,Becas Docentes,False,2026-08-10,2026-08-10 09:22:11.994000-03:00,,2026-08-10 14:08:23.596000-03:00,286.19336666666663,used,17378
Becas personal,Becas Docentes,False,2026-08-11,2026-08-11 09:22:32.389000-03:00,,2026-08-11 12:40:26.005000-03:00,197.8936,used,18014
Becas personal,Becas Docentes,False,2026-08-11,2026-08-11 09:35:31.382000-03:00,,2026-08-11 12:40:38.039000-03:00,185.11094999999997,used,18015
Becas personal,Becas Docentes,False,2026-08-11,2026-08-11 09:11:31.573000-03:00,,2026-08-11 12:40:48.034000-03:00,209.27435,used,18016
Becas personal,Becas Docentes,False,2026-08-11,2026-08-11 09:11:18.179000-03:00,,2026-08-11 12:41:01.260000-03:00,209.71801666666667,used,18017
Becas personal,Becas Docentes,False,2026-08-11,2026-08-11 08:01:56.178000-03:00,,2026-08-11 13:03:42.455000-03:00,301.7712833333333,used,18247
Becas personal,Becas Docentes,False,2026-08-11,2026-08-11 08:14:29.190000-03:00,,2026-08-11 13:08:21.268000-03:00,293.8679666666667,used,18317
Becas personal,Becas Docentes,False,2026-08-11,2026-08-11 09:58:53.674000-03:00,,2026-08-11 13:08:24.516000-03:00,189.51403333333334,used,18318
Becas personal,Becas Docentes,False,2026-08-11,2026-08-11 08:41:31.255000-03:00,,2026-08-11 13:09:05.564000-03:00,267.5718166666667,used,18322
Becas personal,Becas Docentes,False,2026-08-11,2026-08-11 08:00:38.411000-03:00,,2026-08-11 13:11:52.025000-03:00,311.2269,used,18363
Becas personal,Becas Docentes,False,2026-08-11,2026-08-11 08:02:46.109000-03:00,,2026-08-11 13:30:05.610000-03:00,327.32501666666667,used,18617
Becas personal,Becas Docentes,False,2026-08-11,2026-08-11 09:29:54.656000-03:00,,2026-08-11 13:31:28.742000-03:00,241.5681,used,18627
Becas personal,Becas Docentes,False,2026-08-11,2026-08-11 09:55:08.908000-03:00,,2026-08-11 13:47:16.499000-03:00,232.12651666666667,used,18797
Becas personal,Becas Docentes,False,2026-08-11,2026-08-11 09:00:41.917000-03:00,,2026-08-11 14:00:49.421000-03:00,300.12506666666667,used,18928
Becas personal,Becas Docentes,False,2026-08-11,2026-08-11 08:03:11.704000-03:00,,2026-08-11 14:06:48.189000-03:00,363.60808333333335,used,18977
Becas personal,Becas Docentes,False,2026-08-13,2026-08-13 10:01:29.676000-03:00,,2026-08-13 12:10:52.915000-03:00,129.38731666666666,used,19230
Becas personal,Becas Docentes,False,2026-08-13,2026-08-13 09:15:53.879000-03:00,,2026-08-13 12:20:44.288000-03:00,184.84015,used,19334
Becas personal,Becas Docentes,False,2026-08-13,2026-08-13 09:11:20.090000-03:00,,2026-08-13 12:20:47.726000-03:00,189.4606,used,19335
Becas personal,Becas Docentes,False,2026-08-13,2026-08-13 08:02:49.905000-03:00,,2026-08-13 12:24:10.695000-03:00,261.3465,used,19385
Becas personal,Becas Docentes,False,2026-08-13,2026-08-13 09:12:05.791000-03:00,,2026-08-13 12:24:14.879000-03:00,192.15146666666666,used,19386
Becas personal,Becas Docentes,False,2026-08-13,2026-08-13 08:51:41.719000-03:00,,2026-08-13 12:24:18.216000-03:00,212.60828333333333,used,19387
Becas personal,Becas Docentes,False,2026-08-13,2026-08-13 09:11:03.266000-03:00,,2026-08-13 12:36:16.047000-03:00,205.21301666666668,used,19517
Becas personal,Becas Docentes,False,2026-08-13,2026-08-13 09:17:35.679000-03:00,,2026-08-13 12:36:18.172000-03:00,198.7082166666667,used,19518
Becas personal,Becas Docentes,False,2026-08-13,2026-08-13 08:00:21.335000-03:00,,2026-08-13 12:46:39.900000-03:00,286.30941666666666,used,19633
Becas personal,Becas Docentes,False,2026-08-13,2026-08-13 08:31:40.459000-03:00,,2026-08-13 12:50:17.946000-03:00,258.6247833333333,used,19683
Becas personal,Becas Docentes,False,2026-08-13,2026-08-13 09:07:23.049000-03:00,,2026-08-13 13:15:23.973000-03:00,248.01540000000003,used,20012
Becas personal,Becas Docentes,False,2026-08-13,2026-08-13 08:02:46.047000-03:00,,2026-08-13 13:26:10.394000-03:00,323.4057833333334,used,20162
Becas personal,Becas Docentes,False,2026-08-13,2026-08-13 09:26:28.498000-03:00,,2026-08-13 13:56:47.013000-03:00,270.30858333333333,used,20418
Becas personal,Becas Docentes,False,2026-08-14,2026-08-14 08:06:56.655000-03:00,,2026-08-14 12:21:49.192000-03:00,254.87561666666667,used,20858
Becas personal,Becas Docentes,False,2026-08-14,2026-08-14 08:01:18.923000-03:00,,2026-08-14 12:26:37.715000-03:00,265.3132,used,20910
Becas personal,Becas Docentes,False,2026-08-14,2026-08-14 08:10:26.880000-03:00,,2026-08-14 12:26:40.482000-03:00,256.2267,used,20911
Becas personal,Becas Docentes,False,2026-08-14,2026-08-14 10:34:41.872000-03:00,,2026-08-14 12:28:06.587000-03:00,113.41191666666667,used,20933
Becas personal,Becas Docentes,False,2026-08-14,2026-08-14 09:42:43.149000-03:00,,2026-08-14 12:28:53.599000-03:00,166.17416666666668,used,20943
Becas personal,Becas Docentes,False,2026-08-14,2026-08-14 09:14:59.033000-03:00,,2026-08-14 12:28:57.173000-03:00,193.969,used,20944
Becas personal,Becas Docentes,False,2026-08-14,2026-08-14 09:15:34.014000-03:00,,2026-08-14 12:43:33.869000-03:00,207.99758333333332,used,21115
Becas personal,Becas Docentes,False,2026-08-14,2026-08-14 08:17:33.862000-03:00,,2026-08-14 12:48:13.164000-03:00,270.65503333333334,used,21157
Becas personal,Becas Docentes,False,2026-08-14,2026-08-14 09:04:52.262000-03:00,,2026-08-14 13:15:18.761000-03:00,250.44165,used,21474
Becas personal,Becas Docentes,False,2026-08-14,2026-08-14 09:27:14.659000-03:00,,2026-08-14 13:18:41.301000-03:00,231.44403333333332,used,21503
Becas personal,Becas Docentes,False,2026-08-14,2026-08-14 08:03:30.196000-03:00,,2026-08-14 13:22:39.008000-03:00,319.1468666666667,used,21563
Becas personal,Becas Docentes,False,2026-08-14,2026-08-14 08:24:57.296000-03:00,,2026-08-14 13:25:32.350000-03:00,300.5842333333333,used,21604
Becas personal,Becas Docentes,False,2026-08-14,2026-08-14 08:01:58.978000-03:00,,2026-08-14 13:34:37.390000-03:00,332.6402,used,21680
Becas personal,Becas Docentes,False,2026-08-14,2026-08-14 08:32:30.998000-03:00,,2026-08-14 13:51:21.359000-03:00,318.83935,used,21796
Becas personal,Becas Docentes,False,2026-08-14,2026-08-14 10:42:45.047000-03:00,,2026-08-14 13:59:01.081000-03:00,196.26723333333334,used,21857
Becas personal,Becas Docentes,False,2026-08-18,2026-08-18 10:20:58.387000-03:00,,2026-08-18 12:51:39.115000-03:00,150.6788,used,22486
Becas personal,Becas Docentes,False,2026-08-18,2026-08-18 09:15:15.670000-03:00,,2026-08-18 12:56:15.481000-03:00,220.99685,used,22542
Becas personal,Becas Docentes,False,2026-08-18,2026-08-18 09:22:36.379000-03:00,,2026-08-18 12:56:18.649000-03:00,213.7045,used,22543
Becas personal,Becas Docentes,False,2026-08-18,2026-08-18 09:26:58.833000-03:00,,2026-08-18 12:56:21.361000-03:00,209.37546666666668,used,22544
Becas personal,Becas Docentes,False,2026-08-18,2026-08-18 08:35:15.576000-03:00,,2026-08-18 12:57:09.512000-03:00,261.89893333333333,used,22551
Becas personal,Becas Docentes,False,2026-08-18,2026-08-18 08:27:57.191000-03:00,,2026-08-18 13:09:44.472000-03:00,281.78801666666664,used,22734
Becas personal,Becas Docentes,False,2026-08-18,2026-08-18 08:35:42.076000-03:00,,2026-08-18 13:27:20.648000-03:00,291.6428666666667,used,22954
Becas personal,Becas Docentes,False,2026-08-18,2026-08-18 08:16:30.515000-03:00,,2026-08-18 13:30:03.800000-03:00,313.55475,used,22985
Becas personal,Becas Docentes,False,2026-08-18,2026-08-18 09:32:17.755000-03:00,,2026-08-18 13:30:05.865000-03:00,237.80183333333335,used,22986
Becas personal,Becas Docentes,False,2026-08-18,2026-08-18 08:06:02.786000-03:00,,2026-08-18 13:32:30.174000-03:00,326.45646666666664,used,23020
Becas personal,Becas Docentes,False,2026-08-18,2026-08-18 08:14:12.581000-03:00,,2026-08-18 13:41:38.672000-03:00,327.43485,used,23141
Becas personal,Becas Docentes,False,2026-08-18,2026-08-18 13:21:06.307000-03:00,,2026-08-18 13:45:54.577000-03:00,24.8045,used,23193
Becas personal,Becas Docentes,False,2026-08-18,2026-08-18 08:28:44.865000-03:00,,2026-08-18 13:49:06.815000-03:00,320.36583333333334,used,23241
Becas personal,Becas Docentes,False,2026-08-18,2026-08-18 09:20:22.836000-03:00,,2026-08-18 14:03:18.902000-03:00,282.9344333333333,used,23392
Becas personal,Becas Docentes,False,2026-08-18,2026-08-18 09:40:19.704000-03:00,,2026-08-18 14:05:03.959000-03:00,264.7375833333333,used,23411
Becas personal,Becas Docentes,False,2026-08-18,2026-08-18 08:02:01.568000-03:00,,2026-08-18 14:08:07.348000-03:00,366.0963333333333,used,23442
Becas personal,Becas Docentes,False,2026-08-20,2026-08-20 09:22:10.725000-03:00,,2026-08-20 12:21:14.521000-03:00,179.06326666666666,used,23932
Becas personal,Becas Docentes,False,2026-08-20,2026-08-20 09:17:40.180000-03:00,,2026-08-20 12:21:17.320000-03:00,183.619,used,23933
Becas personal,Becas Docentes,False,2026-08-20,2026-08-20 08:12:40.033000-03:00,,2026-08-20 12:21:19.556000-03:00,248.65871666666666,used,23934
Becas personal,Becas Docentes,False,2026-08-20,2026-08-20 09:11:53.448000-03:00,,2026-08-20 12:21:25.747000-03:00,189.53831666666667,used,23935
Becas personal,Becas Docentes,False,2026-08-20,2026-08-20 09:26:47.207000-03:00,,2026-08-20 12:53:31.405000-03:00,206.73663333333334,used,24300
Becas personal,Becas Docentes,False,2026-08-20,2026-08-20 08:49:39.483000-03:00,,2026-08-20 12:56:44.152000-03:00,247.07781666666668,used,24335
Becas personal,Becas Docentes,False,2026-08-20,2026-08-20 08:02:55.003000-03:00,,2026-08-20 12:56:47.403000-03:00,293.87333333333333,used,24336
Becas personal,Becas Docentes,False,2026-08-20,2026-08-20 08:31:43.496000-03:00,,2026-08-20 13:22:02.856000-03:00,290.3226666666667,used,24630
Becas personal,Becas Docentes,False,2026-08-20,2026-08-20 08:30:03.843000-03:00,,2026-08-20 13:27:34.903000-03:00,297.5176666666667,used,24697
Becas personal,Becas Docentes,False,2026-08-20,2026-08-20 08:01:39.278000-03:00,,2026-08-20 13:27:39.125000-03:00,325.99745,used,24698
Becas personal,Becas Docentes,False,2026-08-20,2026-08-20 08:26:14.570000-03:00,,2026-08-20 13:30:50.977000-03:00,304.60678333333334,used,24741
Becas personal,Becas Docentes,False,2026-08-20,2026-08-20 10:02:17.720000-03:00,,2026-08-20 13:33:02.151000-03:00,210.74051666666668,used,24761
Becas personal,Becas Docentes,False,2026-08-20,2026-08-20 08:02:54.035000-03:00,,2026-08-20 13:45:56.839000-03:00,343.04673333333335,used,24888
Becas personal,Becas Docentes,False,2026-08-21,2026-08-21 09:24:43.219000-03:00,,2026-08-21 12:14:14.303000-03:00,169.51806666666667,used,25332
Becas personal,Becas Docentes,False,2026-08-21,2026-08-21 08:01:57.081000-03:00,,2026-08-21 12:16:04.611000-03:00,254.12550000000002,used,25363
Becas personal,Becas Docentes,False,2026-08-21,2026-08-21 08:10:37.007000-03:00,,2026-08-21 12:16:06.635000-03:00,245.49380000000002,used,25364
Becas personal,Becas Docentes,False,2026-08-21,2026-08-21 10:11:43.153000-03:00,,2026-08-21 12:18:56.163000-03:00,127.21683333333334,used,25410
Becas personal,Becas Docentes,False,2026-08-21,2026-08-21 09:44:27.745000-03:00,,2026-08-21 12:19:00.915000-03:00,154.55283333333333,used,25411
Becas personal,Becas Docentes,False,2026-08-21,2026-08-21 10:11:01.866000-03:00,,2026-08-21 12:19:07.673000-03:00,128.09678333333332,used,25412
Becas personal,Becas Docentes,False,2026-08-21,2026-08-21 08:16:30.890000-03:00,,2026-08-21 12:21:31.756000-03:00,245.01443333333333,used,25439
Becas personal,Becas Docentes,False,2026-08-21,2026-08-21 08:18:08.563000-03:00,,2026-08-21 13:25:12.292000-03:00,307.06215,used,26184
Becas personal,Becas Docentes,False,2026-08-21,2026-08-21 09:10:49.403000-03:00,,2026-08-21 13:28:22.319000-03:00,257.54859999999996,used,26213
Becas personal,Becas Docentes,False,2026-08-21,2026-08-21 08:20:14.857000-03:00,,2026-08-21 13:32:02.746000-03:00,311.79814999999996,used,26263
Becas personal,Becas Docentes,False,2026-08-21,2026-08-21 10:00:47.093000-03:00,,2026-08-21 13:40:41.106000-03:00,219.9002166666667,used,26338
Becas personal,Becas Docentes,False,2026-08-21,2026-08-21 08:00:28.482000-03:00,,2026-08-21 14:11:14.676000-03:00,370.7699,used,26525
Becas personal,Becas Docentes,False,2026-08-21,2026-08-21 08:06:48.599000-03:00,,2026-08-21 14:12:32.780000-03:00,365.73635,used,26540
Becas personal,Becas Docentes,False,2026-08-21,2026-08-21 09:11:58.644000-03:00,,2026-08-21 14:27:44.275000-03:00,315.76051666666666,used,26699
Becas personal,Becas Docentes,False,2026-08-24,2026-08-24 09:51:37.227000-03:00,,2026-08-24 12:09:29.929000-03:00,137.87836666666666,used,26878
Becas personal,Becas Docentes,False,2026-08-24,2026-08-24 08:03:48.931000-03:00,,2026-08-24 12:36:10.854000-03:00,272.36538333333334,used,27247
Becas personal,Becas Docentes,False,2026-08-24,2026-08-24 09:00:30.059000-03:00,,2026-08-24 12:36:29.490000-03:00,215.99051666666668,used,27248
Becas personal,Becas Docentes,False,2026-08-24,2026-08-24 08:26:47.002000-03:00,,2026-08-24 12:36:50.548000-03:00,250.0591,used,27255
Becas personal,Becas Docentes,False,2026-08-24,2026-08-24 08:57:53.540000-03:00,,2026-08-24 12:38:11.526000-03:00,220.29976666666667,used,27269
Becas personal,Becas Docentes,False,2026-08-24,2026-08-24 08:21:03.749000-03:00,,2026-08-24 12:51:42.513000-03:00,270.6460666666666,used,27391
Becas personal,Becas Docentes,False,2026-08-24,2026-08-24 08:46:55.481000-03:00,,2026-08-24 12:51:55.232000-03:00,244.99585,used,27393
Becas personal,Becas Docentes,False,2026-08-24,2026-08-24 08:04:35.503000-03:00,,2026-08-24 12:51:57.525000-03:00,287.3670333333333,used,27394
Becas personal,Becas Docentes,False,2026-08-24,2026-08-24 08:37:30.600000-03:00,,2026-08-24 12:54:40.714000-03:00,257.16856666666666,used,27417
Becas personal,Becas Docentes,False,2026-08-24,2026-08-24 09:32:51.874000-03:00,,2026-08-24 12:58:42.048000-03:00,205.83623333333335,used,27452
Becas personal,Becas Docentes,False,2026-08-24,2026-08-24 10:12:25.730000-03:00,,2026-08-24 12:58:44.896000-03:00,166.3194333333333,used,27453
Becas personal,Becas Docentes,False,2026-08-24,2026-08-24 08:52:11.382000-03:00,,2026-08-24 12:58:47.633000-03:00,246.60418333333334,used,27454
Becas personal,Becas Docentes,False,2026-08-24,2026-08-24 08:15:36.817000-03:00,,2026-08-24 12:59:09.408000-03:00,283.54318333333333,used,27458
Becas personal,Becas Docentes,False,2026-08-24,2026-08-24 08:25:07.214000-03:00,,2026-08-24 13:00:53.756000-03:00,275.77570000000003,used,27485
Becas personal,Becas Docentes,False,2026-08-24,2026-08-24 08:57:15.782000-03:00,,2026-08-24 13:17:35.806000-03:00,260.3337333333333,used,27677
Becas personal,Becas Docentes,False,2026-08-24,2026-08-24 08:18:22.366000-03:00,,2026-08-24 13:28:02.200000-03:00,309.66389999999996,used,27789
Becas personal,Becas Docentes,False,2026-08-24,2026-08-24 09:06:34.933000-03:00,,2026-08-24 13:46:07.449000-03:00,279.5419333333333,used,27954
Becas personal,Becas Docentes,False,2026-08-24,2026-08-24 08:59:41.288000-03:00,,2026-08-24 14:08:16.141000-03:00,308.5808833333333,used,28118
Becas personal,Becas Docentes,False,2026-08-25,2026-08-25 08:01:55.685000-03:00,,2026-08-25 12:33:52.164000-03:00,271.94131666666664,used,28759
Becas personal,Becas Docentes,False,2026-08-25,2026-08-25 09:26:08.130000-03:00,,2026-08-25 12:38:52.589000-03:00,192.74098333333333,used,28833
Becas personal,Becas Docentes,False,2026-08-25,2026-08-25 09:50:00.748000-03:00,,2026-08-25 12:38:55.926000-03:00,168.91963333333334,used,28834
Becas personal,Becas Docentes,False,2026-08-25,2026-08-25 09:50:35.384000-03:00,,2026-08-25 12:38:59.043000-03:00,168.39431666666667,used,28835
Becas personal,Becas Docentes,False,2026-08-25,2026-08-25 10:49:25.031000-03:00,,2026-08-25 12:39:01.258000-03:00,109.60378333333333,used,28836
Becas personal,Becas Docentes,False,2026-08-25,2026-08-25 08:04:05.331000-03:00,,2026-08-25 12:41:40.420000-03:00,277.58481666666665,used,28871
Becas personal,Becas Docentes,False,2026-08-25,2026-08-25 09:35:09.486000-03:00,,2026-08-25 12:44:49.895000-03:00,189.67348333333334,used,28897
Becas personal,Becas Docentes,False,2026-08-25,2026-08-25 09:37:55.823000-03:00,,2026-08-25 12:44:52.136000-03:00,186.93855,used,28898
Becas personal,Becas Docentes,False,2026-08-25,2026-08-25 10:06:54.700000-03:00,,2026-08-25 12:44:54.330000-03:00,157.99383333333333,used,28899
Becas personal,Becas Docentes,False,2026-08-25,2026-08-25 09:45:50.928000-03:00,,2026-08-25 13:00:15.223000-03:00,194.40491666666668,used,29087
Becas personal,Becas Docentes,False,2026-08-25,2026-08-25 10:00:56.915000-03:00,,2026-08-25 13:05:24.524000-03:00,184.46015,used,29157
Becas personal,Becas Docentes,False,2026-08-25,2026-08-25 10:09:30.269000-03:00,,2026-08-25 13:07:15.519000-03:00,177.75416666666666,used,29185
Becas personal,Becas Docentes,False,2026-08-25,2026-08-25 09:02:12.044000-03:00,,2026-08-25 13:13:12.235000-03:00,251.00318333333334,used,29263
Becas personal,Becas Docentes,False,2026-08-25,2026-08-25 08:00:49.288000-03:00,,2026-08-25 13:34:51.986000-03:00,334.04496666666665,used,29477
Becas personal,Becas Docentes,False,2026-08-26,2026-08-26 08:32:34.228000-03:00,,2026-08-26 12:49:06.660000-03:00,256.54053333333337,used,30423
Becas personal,Becas Docentes,False,2026-08-26,2026-08-26 09:15:03.314000-03:00,,2026-08-26 12:49:22.089000-03:00,214.31291666666667,used,30427
Becas personal,Becas Docentes,False,2026-08-26,2026-08-26 09:21:53.547000-03:00,,2026-08-26 12:49:33.368000-03:00,207.66368333333332,used,30428
Becas personal,Becas Docentes,False,2026-08-26,2026-08-26 08:19:06.051000-03:00,,2026-08-26 12:49:36.801000-03:00,270.5125,used,30429
Becas personal,Becas Docentes,False,2026-08-26,2026-08-26 09:22:03.656000-03:00,,2026-08-26 12:49:43.296000-03:00,207.66066666666666,used,30430
Becas personal,Becas Docentes,False,2026-08-26,2026-08-26 08:43:23.834000-03:00,,2026-08-26 12:57:45.879000-03:00,254.36741666666666,used,30526
Becas personal,Becas Docentes,False,2026-08-26,2026-08-26 08:02:08.433000-03:00,,2026-08-26 12:57:57.565000-03:00,295.8188666666667,used,30527
Becas personal,Becas Docentes,False,2026-08-26,2026-08-26 09:48:38.758000-03:00,,2026-08-26 13:08:44.326000-03:00,200.09279999999998,used,30648
Becas personal,Becas Docentes,False,2026-08-26,2026-08-26 09:00:57.359000-03:00,,2026-08-26 13:08:52.356000-03:00,247.91661666666667,used,30650
Becas personal,Becas Docentes,False,2026-08-26,2026-08-26 08:26:10.508000-03:00,,2026-08-26 13:08:55.975000-03:00,282.75778333333335,used,30651
Becas personal,Becas Docentes,False,2026-08-26,2026-08-26 09:35:27.927000-03:00,,2026-08-26 13:19:07.096000-03:00,223.65281666666667,used,30787
Becas personal,Becas Docentes,False,2026-08-26,2026-08-26 08:07:46.169000-03:00,,2026-08-26 13:22:32.202000-03:00,314.7672166666667,used,30833
Becas personal,Becas Docentes,False,2026-08-26,2026-08-26 08:28:32.688000-03:00,,2026-08-26 13:27:18.520000-03:00,298.7638666666666,used,30905
Becas personal,Becas Docentes,False,2026-08-26,2026-08-26 09:01:42.177000-03:00,,2026-08-26 13:29:26.834000-03:00,267.7442833333333,used,30936
Becas personal,Becas Docentes,False,2026-08-26,2026-08-26 08:26:11.892000-03:00,,2026-08-26 13:33:01.596000-03:00,306.82840000000004,used,30988
Becas personal,Becas Docentes,False,2026-08-26,2026-08-26 09:50:22.392000-03:00,,2026-08-26 13:34:17.627000-03:00,223.92058333333335,used,31004
Becas personal,Becas Docentes,False,2026-08-31,2026-08-31 10:47:56.933000-03:00,2026-08-31 10:47:43.204000-03:00,2026-08-31 12:07:26.264000-03:00,79.48885,used,31477
Becas personal,Becas Docentes,False,2026-08-31,2026-08-31 09:53:30.545000-03:00,,2026-08-31 12:16:38.676000-03:00,143.13551666666666,used,31619
Becas personal,Becas Docentes,False,2026-08-31,2026-08-31 09:33:46.417000-03:00,,2026-08-31 12:16:41.294000-03:00,162.91461666666666,used,31620
Becas personal,Becas Docentes,False,2026-08-31,2026-08-31 09:20:36.100000-03:00,,2026-08-31 12:16:42.859000-03:00,176.11265,used,31621
Becas personal,Becas Docentes,False,2026-08-31,2026-08-31 08:56:44.110000-03:00,,2026-08-31 12:33:25.538000-03:00,216.69046666666665,used,31884
Becas personal,Becas Docentes,False,2026-08-31,2026-08-31 09:00:22.926000-03:00,,2026-08-31 12:42:05.204000-03:00,221.70463333333333,used,32005
Becas personal,Becas Docentes,False,2026-08-31,2026-08-31 08:17:37.264000-03:00,,2026-08-31 12:44:30.533000-03:00,266.88781666666665,used,32041
Becas personal,Becas Docentes,False,2026-08-31,2026-08-31 08:02:49.806000-03:00,,2026-08-31 12:44:33.142000-03:00,281.72226666666666,used,32042
Becas personal,Becas Docentes,False,2026-08-31,2026-08-31 10:06:11.320000-03:00,,2026-08-31 12:44:35.178000-03:00,158.39763333333335,used,32043
Becas personal,Becas Docentes,False,2026-08-31,2026-08-31 08:23:52.634000-03:00,,2026-08-31 12:57:47.002000-03:00,273.9061333333333,used,32208
Becas personal,Becas Docentes,False,2026-08-31,2026-08-31 08:08:00.242000-03:00,,2026-08-31 13:07:10.669000-03:00,299.17378333333335,used,32290
Becas personal,Becas Docentes,False,2026-08-31,2026-08-31 08:40:39.676000-03:00,,2026-08-31 13:07:27.932000-03:00,266.80426666666665,used,32295
Becas personal,Becas Docentes,False,2026-08-31,2026-08-31 09:55:59.370000-03:00,,2026-08-31 13:18:34.689000-03:00,202.58865,used,32410
Becas personal,Becas Docentes,False,2026-08-31,2026-08-31 08:56:48.910000-03:00,,2026-08-31 13:26:53.757000-03:00,270.08078333333333,used,32523
Becas personal,Becas Docentes,False,2026-08-31,2026-08-31 08:20:43.778000-03:00,,2026-08-31 13:29:50.254000-03:00,309.10793333333334,used,32551
Becas personal,Becas Docentes,False,2026-08-31,2026-08-31 09:26:17.499000-03:00,,2026-08-31 13:56:05.028000-03:00,269.79215,used,32771
Becas personal,Becas Docentes,False,2026-08-31,2026-08-31 09:05:58.754000-03:00,,2026-08-31 14:01:52.771000-03:00,295.90028333333333,used,32807
Becas personal,Becas Docentes,False,2026-09-01,2026-09-01 10:22:25.104000-03:00,,2026-09-01 12:21:03.718000-03:00,118.64356666666666,used,33317
Becas personal,Becas Docentes,False,2026-09-01,2026-09-01 10:07:38.115000-03:00,,2026-09-01 12:41:40.170000-03:00,154.03425000000001,used,33587
Becas personal,Becas Docentes,False,2026-09-01,2026-09-01 10:04:09.626000-03:00,,2026-09-01 12:45:38.850000-03:00,161.48706666666666,used,33640
Becas personal,Becas Docentes,False,2026-09-01,2026-09-01 10:25:40.918000-03:00,,2026-09-01 12:46:16.489000-03:00,140.59285,used,33644
Becas personal,Becas Docentes,False,2026-09-01,2026-09-01 10:25:26.517000-03:00,,2026-09-01 12:46:19.008000-03:00,140.87485,used,33645
Becas personal,Becas Docentes,False,2026-09-01,2026-09-01 09:57:08.410000-03:00,,2026-09-01 12:50:24.315000-03:00,173.26508333333334,used,33693
Becas personal,Becas Docentes,False,2026-09-01,2026-09-01 10:24:16.316000-03:00,,2026-09-01 12:50:26.027000-03:00,146.16185,used,33694
Becas personal,Becas Docentes,False,2026-09-01,2026-09-01 08:02:24.893000-03:00,,2026-09-01 12:50:28.079000-03:00,288.05310000000003,used,33695
Becas personal,Becas Docentes,False,2026-09-01,2026-09-01 10:31:16.708000-03:00,,2026-09-01 13:03:53.500000-03:00,152.61319999999998,used,33826
Becas personal,Becas Docentes,False,2026-09-01,2026-09-01 10:17:06.788000-03:00,,2026-09-01 13:11:50.778000-03:00,174.73316666666668,used,33907
Becas personal,Becas Docentes,False,2026-09-01,2026-09-01 10:25:26.149000-03:00,,2026-09-01 13:47:27.709000-03:00,202.02599999999998,used,34225
Becas personal,Becas Docentes,False,2026-09-01,2026-09-01 10:06:47.982000-03:00,,2026-09-01 13:53:21.393000-03:00,226.55685,used,34273
Becas personal,Becas Docentes,False,2026-09-01,2026-09-01 10:05:59.824000-03:00,,2026-09-01 14:07:31.681000-03:00,241.53095,used,34379
Becas personal,Becas Nodocentes,False,2026-07-01,2026-07-01 08:37:18.628000-03:00,,2026-07-01 12:00:59.540000-03:00,203.68186666666668,used,1
Becas personal,Becas Nodocentes,False,2026-07-01,2026-07-01 09:01:50.622000-03:00,,2026-07-01 12:01:01.325000-03:00,179.17838333333333,used,2
Becas personal,Becas Nodocentes,False,2026-07-01,2026-07-01 08:11:36.294000-03:00,,2026-07-01 12:04:28.409000-03:00,232.86858333333333,used,50
Becas personal,Becas Nodocentes,False,2026-07-01,2026-07-01 08:12:35.220000-03:00,,2026-07-01 12:16:54.822000-03:00,244.32670000000002,used,163
Becas personal,Becas Nodocentes,False,2026-07-01,2026-07-01 10:31:39.773000-03:00,,2026-07-01 12:18:22.563000-03:00,106.71316666666667,used,185
Becas personal,Becas Nodocentes,False,2026-07-01,2026-07-01 08:05:56.340000-03:00,,2026-07-01 12:29:27.149000-03:00,263.51348333333334,used,300
Becas personal,Becas Nodocentes,False,2026-07-01,2026-07-01 08:57:46.507000-03:00,,2026-07-01 12:32:25.391000-03:00,214.64806666666667,used,332
Becas personal,Becas Nodocentes,False,2026-07-01,2026-07-01 08:55:42.927000-03:00,,2026-07-01 12:39:40.739000-03:00,223.96353333333334,used,395
Becas personal,Becas Nodocentes,False,2026-07-01,2026-07-01 08:27:30.793000-03:00,,2026-07-01 12:41:04.455000-03:00,253.56103333333334,used,410
Becas personal,Becas Nodocentes,False,2026-07-01,2026-07-01 08:06:25.538000-03:00,,2026-07-01 12:41:08.760000-03:00,274.7203666666667,used,411
Becas personal,Becas Nodocentes,False,2026-07-01,2026-07-01 08:16:18.532000-03:00,,2026-07-01 12:44:08.334000-03:00,267.83003333333335,used,436
Becas personal,Becas Nodocentes,False,2026-07-01,2026-07-01 08:42:48.430000-03:00,,2026-07-01 12:44:21.585000-03:00,241.55258333333333,used,439
Becas personal,Becas Nodocentes,False,2026-07-01,2026-07-01 10:01:40.860000-03:00,,2026-07-01 12:49:08.397000-03:00,167.45895000000002,used,463
Becas personal,Becas Nodocentes,False,2026-07-01,2026-07-01 10:05:30.412000-03:00,,2026-07-01 12:49:24.127000-03:00,163.89525,used,464
Becas personal,Becas Nodocentes,False,2026-07-01,2026-07-01 09:28:31.279000-03:00,,2026-07-01 12:55:22.995000-03:00,206.86193333333333,used,500
Becas personal,Becas Nodocentes,False,2026-07-01,2026-07-01 09:47:15.295000-03:00,,2026-07-01 12:58:40.133000-03:00,191.41396666666665,used,527
Becas personal,Becas Nodocentes,False,2026-07-01,2026-07-01 10:22:40.705000-03:00,,2026-07-01 13:04:20.561000-03:00,161.66426666666666,used,575
Becas personal,Becas Nodocentes,False,2026-07-01,2026-07-01 08:03:08.960000-03:00,,2026-07-01 13:04:42.979000-03:00,301.5669833333333,used,579
Becas personal,Becas Nodocentes,False,2026-07-01,2026-07-01 08:02:37.842000-03:00,,2026-07-01 13:05:24.979000-03:00,302.78561666666667,used,580
Becas personal,Becas Nodocentes,False,2026-07-01,2026-07-01 10:38:52.911000-03:00,,2026-07-01 13:05:56.949000-03:00,147.06730000000002,used,585
Becas personal,Becas Nodocentes,False,2026-07-01,2026-07-01 09:19:03.404000-03:00,,2026-07-01 13:05:58.131000-03:00,226.9121166666667,used,586
Becas personal,Becas Nodocentes,False,2026-07-01,2026-07-01 08:15:17.952000-03:00,,2026-07-01 13:06:38.491000-03:00,291.3423166666667,used,590
Becas personal,Becas Nodocentes,False,2026-07-01,2026-07-01 08:51:47.223000-03:00,,2026-07-01 13:09:58.868000-03:00,258.19408333333337,used,625
Becas personal,Becas Nodocentes,False,2026-07-01,2026-07-01 09:40:18.702000-03:00,,2026-07-01 13:10:01.164000-03:00,209.7077,used,626
Becas personal,Becas Nodocentes,False,2026-07-01,2026-07-01 10:26:01.507000-03:00,,2026-07-01 13:10:08.893000-03:00,164.1231,used,628
Becas personal,Becas Nodocentes,False,2026-07-01,2026-07-01 10:09:45.969000-03:00,,2026-07-01 13:10:11.568000-03:00,180.42665,used,629
Becas personal,Becas Nodocentes,False,2026-07-01,2026-07-01 10:30:24.484000-03:00,,2026-07-01 13:11:32.289000-03:00,161.13008333333335,used,642
Becas personal,Becas Nodocentes,False,2026-07-01,2026-07-01 09:47:49.552000-03:00,,2026-07-01 13:11:47.728000-03:00,203.96959999999999,used,646
Becas personal,Becas Nodocentes,False,2026-07-01,2026-07-01 08:02:20.506000-03:00,,2026-07-01 13:14:05.216000-03:00,311.74516666666665,used,674
Becas personal,Becas Nodocentes,False,2026-07-01,2026-07-01 08:35:19.199000-03:00,,2026-07-01 13:14:08.858000-03:00,278.82765,used,675
Becas personal,Becas Nodocentes,False,2026-07-01,2026-07-01 08:20:41.422000-03:00,,2026-07-01 13:14:11.419000-03:00,293.49995,used,676
Becas personal,Becas Nodocentes,False,2026-07-01,2026-07-01 08:00:52.732000-03:00,,2026-07-01 13:14:24.055000-03:00,313.52205,used,678
Becas personal,Becas Nodocentes,False,2026-07-01,2026-07-01 10:55:20.737000-03:00,,2026-07-01 13:15:53.514000-03:00,140.54628333333332,used,689
Becas personal,Becas Nodocentes,False,2026-07-01,2026-07-01 10:29:47.024000-03:00,,2026-07-01 13:19:29.816000-03:00,169.7132,used,725
Becas personal,Becas Nodocentes,False,2026-07-01,2026-07-01 09:16:43.789000-03:00,,2026-07-01 13:19:51.334000-03:00,243.12575,used,730
Becas personal,Becas Nodocentes,False,2026-07-01,2026-07-01 09:57:43.956000-03:00,,2026-07-01 13:23:59.546000-03:00,206.25983333333335,used,753
Becas personal,Becas Nodocentes,False,2026-07-01,2026-07-01 08:04:44.697000-03:00,,2026-07-01 13:26:58.719000-03:00,322.2337,used,794
Becas personal,Becas Nodocentes,False,2026-07-01,2026-07-01 08:15:43.731000-03:00,,2026-07-01 13:27:09.230000-03:00,311.42498333333333,used,795
Becas personal,Becas Nodocentes,False,2026-07-01,2026-07-01 09:20:28.099000-03:00,,2026-07-01 13:28:08.001000-03:00,247.66503333333333,used,807
Becas personal,Becas Nodocentes,False,2026-07-01,2026-07-01 09:34:23.654000-03:00,,2026-07-01 13:28:39.704000-03:00,234.26749999999998,used,811
Becas personal,Becas Nodocentes,False,2026-07-01,2026-07-01 10:56:41.386000-03:00,,2026-07-01 13:30:48.635000-03:00,154.12081666666666,used,823
Becas personal,Becas Nodocentes,False,2026-07-01,2026-07-01 08:25:36.967000-03:00,,2026-07-01 13:32:16.441000-03:00,306.6579,used,829
Becas personal,Becas Nodocentes,False,2026-07-01,2026-07-01 09:17:13.223000-03:00,,2026-07-01 13:33:07.783000-03:00,255.90933333333334,used,836
Becas personal,Becas Nodocentes,False,2026-07-01,2026-07-01 08:57:43.090000-03:00,,2026-07-01 13:33:22.833000-03:00,275.6623833333333,used,837
Becas personal,Becas Nodocentes,False,2026-07-01,2026-07-01 10:26:16.738000-03:00,,2026-07-01 13:33:49.858000-03:00,187.55200000000002,used,840
Becas personal,Becas Nodocentes,False,2026-07-01,2026-07-01 08:02:49.828000-03:00,,2026-07-01 13:33:52.549000-03:00,331.04535000000004,used,841
Becas personal,Becas Nodocentes,False,2026-07-01,2026-07-01 09:53:20.132000-03:00,,2026-07-01 13:35:24.219000-03:00,222.06811666666667,used,845
Becas personal,Becas Nodocentes,False,2026-07-01,2026-07-01 09:58:15.875000-03:00,,2026-07-01 13:38:38.518000-03:00,220.37738333333334,used,873
Becas personal,Becas Nodocentes,False,2026-07-01,2026-07-01 08:08:21.244000-03:00,,2026-07-01 13:43:56.868000-03:00,335.5937333333333,used,920
Becas personal,Becas Nodocentes,False,2026-07-01,2026-07-01 09:42:31.061000-03:00,,2026-07-01 13:45:49.349000-03:00,243.3048,used,934
Becas personal,Becas Nodocentes,False,2026-07-01,2026-07-01 09:50:06.255000-03:00,,2026-07-01 13:49:59.080000-03:00,239.8804166666667,used,957
Becas personal,Becas Nodocentes,False,2026-07-01,2026-07-01 08:30:14.710000-03:00,,2026-07-01 13:51:34.006000-03:00,321.3216,used,962
Becas personal,Becas Nodocentes,False,2026-07-01,2026-07-01 09:56:41.833000-03:00,,2026-07-01 13:54:51.675000-03:00,238.16403333333335,used,981
Becas personal,Becas Nodocentes,False,2026-07-01,2026-07-01 10:08:19.459000-03:00,,2026-07-01 13:59:09.360000-03:00,230.83168333333333,used,1003
Becas personal,Becas Nodocentes,False,2026-07-01,2026-07-01 08:54:46.427000-03:00,,2026-07-01 14:00:33.143000-03:00,305.7786,used,1010
Becas personal,Becas Nodocentes,False,2026-07-01,2026-07-01 10:20:51.831000-03:00,,2026-07-01 14:06:04.719000-03:00,225.21480000000003,used,1037
Becas personal,Becas Nodocentes,False,2026-07-01,2026-07-01 09:02:16.891000-03:00,,2026-07-01 14:07:43.469000-03:00,305.4429666666667,used,1044
Becas personal,Becas Nodocentes,False,2026-07-01,2026-07-01 08:36:17.111000-03:00,,2026-07-01 14:12:09.336000-03:00,335.87041666666664,used,1069
Becas personal,Becas Nodocentes,False,2026-07-01,2026-07-01 08:24:09.931000-03:00,,2026-07-01 14:14:17.288000-03:00,350.12261666666666,used,1077
Becas personal,Becas Nodocentes,False,2026-07-01,2026-07-01 08:13:58.824000-03:00,,2026-07-01 14:18:47.118000-03:00,364.80490000000003,used,1096
Becas personal,Becas Nodocentes,False,2026-07-01,2026-07-01 10:21:12.262000-03:00,,2026-07-01 14:21:06.644000-03:00,239.90636666666666,used,1115
Becas personal,Becas Nodocentes,False,2026-07-01,2026-07-01 10:09:20.576000-03:00,,2026-07-01 14:26:42.746000-03:00,257.3695,used,1154
Becas personal,Becas Nodocentes,False,2026-07-02,2026-07-02 09:27:42.867000-03:00,,2026-07-02 12:00:05.083000-03:00,152.37026666666668,used,1176
Becas personal,Becas Nodocentes,False,2026-07-02,2026-07-02 09:01:32.589000-03:00,,2026-07-02 12:00:08.061000-03:00,178.5912,used,1177
Becas personal,Becas Nodocentes,False,2026-07-02,2026-07-02 08:02:55.377000-03:00,,2026-07-02 12:04:13.322000-03:00,241.29908333333333,used,1221
Becas personal,Becas Nodocentes,False,2026-07-02,2026-07-02 08:19:09.054000-03:00,,2026-07-02 12:04:16.610000-03:00,225.12593333333334,used,1222
Becas personal,Becas Nodocentes,False,2026-07-02,2026-07-02 09:20:24.845000-03:00,,2026-07-02 12:11:55.057000-03:00,171.50353333333334,used,1297
Becas personal,Becas Nodocentes,False,2026-07-02,2026-07-02 08:05:09.934000-03:00,,2026-07-02 12:31:31.429000-03:00,266.35825,used,1392
Becas personal,Becas Nodocentes,False,2026-07-02,2026-07-02 08:07:20.685000-03:00,,2026-07-02 12:31:34.160000-03:00,264.2245833333333,used,1393
Becas personal,Becas Nodocentes,False,2026-07-02,2026-07-02 08:06:25.761000-03:00,,2026-07-02 12:34:56.637000-03:00,268.51460000000003,used,1405
Becas personal,Becas Nodocentes,False,2026-07-02,2026-07-02 08:33:30.455000-03:00,,2026-07-02 12:42:09.437000-03:00,248.6497,used,1422
Becas personal,Becas Nodocentes,False,2026-07-02,2026-07-02 09:00:23.543000-03:00,,2026-07-02 12:42:33.715000-03:00,222.16953333333333,used,1427
Becas personal,Becas Nodocentes,False,2026-07-02,2026-07-02 09:22:19.219000-03:00,,2026-07-02 12:46:52.878000-03:00,204.56098333333333,used,1446
Becas personal,Becas Nodocentes,False,2026-07-02,2026-07-02 08:35:40.694000-03:00,,2026-07-02 12:49:28.449000-03:00,253.79591666666664,used,1456
Becas personal,Becas Nodocentes,False,2026-07-02,2026-07-02 08:18:16.805000-03:00,,2026-07-02 12:51:13.411000-03:00,272.9434333333333,used,1464
Becas personal,Becas Nodocentes,False,2026-07-02,2026-07-02 10:28:41.239000-03:00,,2026-07-02 12:51:27.111000-03:00,142.76453333333333,used,1466
Becas personal,Becas Nodocentes,False,2026-07-02,2026-07-02 09:13:16.097000-03:00,,2026-07-02 13:02:29.735000-03:00,229.2273,used,1492
Becas personal,Becas Nodocentes,False,2026-07-02,2026-07-02 09:39:31.259000-03:00,,2026-07-02 13:03:41.619000-03:00,204.1726666666667,used,1505
Becas personal,Becas Nodocentes,False,2026-07-02,2026-07-02 08:20:44.579000-03:00,,2026-07-02 13:04:38.255000-03:00,283.89459999999997,used,1507
Becas personal,Becas Nodocentes,False,2026-07-02,2026-07-02 10:44:11.147000-03:00,,2026-07-02 13:05:19.991000-03:00,141.14739999999998,used,1517
Becas personal,Becas Nodocentes,False,2026-07-02,2026-07-02 08:29:41.070000-03:00,,2026-07-02 13:06:46.228000-03:00,277.08596666666665,used,1527
Becas personal,Becas Nodocentes,False,2026-07-02,2026-07-02 08:15:47.173000-03:00,,2026-07-02 13:06:51.024000-03:00,291.0641833333333,used,1528
Becas personal,Becas Nodocentes,False,2026-07-02,2026-07-02 09:41:15.481000-03:00,,2026-07-02 13:10:20.232000-03:00,209.07918333333333,used,1543
Becas personal,Becas Nodocentes,False,2026-07-02,2026-07-02 09:15:05.600000-03:00,,2026-07-02 13:11:10.584000-03:00,236.08306666666667,used,1553
Becas personal,Becas Nodocentes,False,2026-07-02,2026-07-02 09:15:43.505000-03:00,,2026-07-02 13:11:13.987000-03:00,235.50803333333334,used,1554
Becas personal,Becas Nodocentes,False,2026-07-02,2026-07-02 09:08:55.571000-03:00,,2026-07-02 13:15:29.499000-03:00,246.56546666666665,used,1581
Becas personal,Becas Nodocentes,False,2026-07-02,2026-07-02 09:22:54.824000-03:00,,2026-07-02 13:18:38.737000-03:00,235.73188333333334,used,1605
Becas personal,Becas Nodocentes,False,2026-07-02,2026-07-02 08:01:20.388000-03:00,,2026-07-02 13:18:44.565000-03:00,317.40295,used,1606
Becas personal,Becas Nodocentes,False,2026-07-02,2026-07-02 08:06:35.620000-03:00,,2026-07-02 13:19:35.059000-03:00,312.99064999999996,used,1609
Becas personal,Becas Nodocentes,False,2026-07-02,2026-07-02 08:09:10.856000-03:00,,2026-07-02 13:19:38.220000-03:00,310.4560666666667,used,1610
Becas personal,Becas Nodocentes,False,2026-07-02,2026-07-02 08:06:53.980000-03:00,,2026-07-02 13:19:40.987000-03:00,312.78345,used,1611
Becas personal,Becas Nodocentes,False,2026-07-02,2026-07-02 08:15:44.539000-03:00,,2026-07-02 13:19:51.626000-03:00,304.11811666666665,used,1614
Becas personal,Becas Nodocentes,False,2026-07-02,2026-07-02 08:46:21.339000-03:00,,2026-07-02 13:23:01.140000-03:00,276.66335,used,1623
Becas personal,Becas Nodocentes,False,2026-07-02,2026-07-02 08:52:18.820000-03:00,,2026-07-02 13:23:03.646000-03:00,270.7471,used,1624
Becas personal,Becas Nodocentes,False,2026-07-02,2026-07-02 09:52:56.916000-03:00,,2026-07-02 13:24:45.136000-03:00,211.80366666666666,used,1631
Becas personal,Becas Nodocentes,False,2026-07-02,2026-07-02 08:02:34.273000-03:00,,2026-07-02 13:25:49.548000-03:00,323.25458333333336,used,1635
Becas personal,Becas Nodocentes,False,2026-07-02,2026-07-02 09:22:46.206000-03:00,,2026-07-02 13:28:04.558000-03:00,245.30586666666667,used,1646
Becas personal,Becas Nodocentes,False,2026-07-02,2026-07-02 08:01:48.893000-03:00,,2026-07-02 13:29:02.133000-03:00,327.2206666666667,used,1648
Becas personal,Becas Nodocentes,False,2026-07-02,2026-07-02 08:35:01.689000-03:00,,2026-07-02 13:29:04.741000-03:00,294.05086666666665,used,1649
Becas personal,Becas Nodocentes,False,2026-07-02,2026-07-02 10:34:40.171000-03:00,,2026-07-02 13:29:41.749000-03:00,175.0263,used,1654
Becas personal,Becas Nodocentes,False,2026-07-02,2026-07-02 08:29:30.458000-03:00,,2026-07-02 13:31:02.120000-03:00,301.5277,used,1667
Becas personal,Becas Nodocentes,False,2026-07-02,2026-07-02 10:21:13.867000-03:00,,2026-07-02 13:34:42.262000-03:00,193.47325,used,1680
Becas personal,Becas Nodocentes,False,2026-07-02,2026-07-02 09:52:22.020000-03:00,,2026-07-02 13:35:52.247000-03:00,223.50378333333336,used,1687
Becas personal,Becas Nodocentes,False,2026-07-02,2026-07-02 09:13:45.205000-03:00,,2026-07-02 13:35:54.170000-03:00,262.1494166666667,used,1688
Becas personal,Becas Nodocentes,False,2026-07-02,2026-07-02 08:07:24.002000-03:00,,2026-07-02 13:40:06.657000-03:00,332.71091666666666,used,1699
Becas personal,Becas Nodocentes,False,2026-07-02,2026-07-02 09:08:31.350000-03:00,,2026-07-02 13:40:19.126000-03:00,271.79626666666667,used,1700
Becas personal,Becas Nodocentes,False,2026-07-02,2026-07-02 10:09:39.649000-03:00,,2026-07-02 13:41:29.749000-03:00,211.835,used,1704
Becas personal,Becas Nodocentes,False,2026-07-02,2026-07-02 09:52:10.842000-03:00,,2026-07-02 13:44:17.767000-03:00,232.11541666666665,used,1714
Becas personal,Becas Nodocentes,False,2026-07-02,2026-07-02 08:00:25.441000-03:00,,2026-07-02 14:01:01.931000-03:00,360.6081666666667,used,1814
Becas personal,Becas Nodocentes,False,2026-07-02,2026-07-02 09:47:50.725000-03:00,,2026-07-02 14:09:57.280000-03:00,262.10925000000003,used,1848
Becas personal,Becas Nodocentes,False,2026-07-02,2026-07-02 08:05:52.737000-03:00,,2026-07-02 14:10:25.488000-03:00,364.54585000000003,used,1854
Becas personal,Becas Nodocentes,False,2026-07-02,2026-07-02 08:06:27.004000-03:00,,2026-07-02 14:10:28.009000-03:00,364.01675,used,1855
Becas personal,Becas Nodocentes,False,2026-07-02,2026-07-02 08:14:42.929000-03:00,,2026-07-02 14:11:17.642000-03:00,356.57855,used,1859
Becas personal,Becas Nodocentes,False,2026-07-02,2026-07-02 12:57:09.994000-03:00,,2026-07-02 14:16:23.547000-03:00,79.22588333333333,used,1877
Becas personal,Becas Nodocentes,False,2026-07-02,2026-07-02 08:56:44.163000-03:00,,2026-07-02 14:16:57.954000-03:00,320.22985,used,1880
Becas personal,Becas Nodocentes,False,2026-07-02,2026-07-02 08:55:27.110000-03:00,,2026-07-02 14:17:02.400000-03:00,321.58816666666667,used,1881
Becas personal,Becas Nodocentes,False,2026-07-02,2026-07-02 10:13:57.577000-03:00,,2026-07-02 14:18:28.566000-03:00,244.51648333333333,used,1895
Becas personal,Becas Nodocentes,False,2026-07-02,2026-07-02 08:50:12.567000-03:00,,2026-07-02 14:19:35.994000-03:00,329.39045,used,1904
Becas personal,Becas Nodocentes,False,2026-07-02,2026-07-02 08:17:54.633000-03:00,,2026-07-02 14:19:41.080000-03:00,361.77411666666666,used,1905
Becas personal,Becas Nodocentes,False,2026-07-02,2026-07-02 10:29:35.418000-03:00,,2026-07-02 14:21:19.736000-03:00,231.73863333333333,used,1916
Becas personal,Becas Nodocentes,False,2026-07-02,2026-07-02 10:03:06.322000-03:00,,2026-07-02 14:23:42.261000-03:00,260.59898333333336,used,1927
Becas personal,Becas Nodocentes,False,2026-07-03,2026-07-03 09:23:41.147000-03:00,,2026-07-03 12:01:53.972000-03:00,158.21375,used,1962
Becas personal,Becas Nodocentes,False,2026-07-03,2026-07-03 09:23:49.390000-03:00,,2026-07-03 12:01:56.876000-03:00,158.1247666666667,used,1963
Becas personal,Becas Nodocentes,False,2026-07-03,2026-07-03 08:27:44.280000-03:00,,2026-07-03 12:09:59.771000-03:00,222.25818333333333,used,2056
Becas personal,Becas Nodocentes,False,2026-07-03,2026-07-03 09:13:18.572000-03:00,,2026-07-03 12:10:52.760000-03:00,177.56980000000001,used,2063
Becas personal,Becas Nodocentes,False,2026-07-03,2026-07-03 09:11:25.574000-03:00,,2026-07-03 12:12:42.671000-03:00,181.28495,used,2087
Becas personal,Becas Nodocentes,False,2026-07-03,2026-07-03 10:53:37.744000-03:00,,2026-07-03 12:15:51.953000-03:00,82.23681666666667,used,2113
Becas personal,Becas Nodocentes,False,2026-07-03,2026-07-03 09:31:17.650000-03:00,,2026-07-03 12:16:55.777000-03:00,165.63545000000002,used,2122
Becas personal,Becas Nodocentes,False,2026-07-03,2026-07-03 08:20:59.552000-03:00,,2026-07-03 12:32:30.986000-03:00,251.5239,used,2196
Becas personal,Becas Nodocentes,False,2026-07-03,2026-07-03 09:38:25.949000-03:00,,2026-07-03 12:34:50.888000-03:00,176.41565,used,2215
Becas personal,Becas Nodocentes,False,2026-07-03,2026-07-03 09:00:11.365000-03:00,,2026-07-03 12:36:12.049000-03:00,216.01139999999998,used,2226
Becas personal,Becas Nodocentes,False,2026-07-03,2026-07-03 08:59:37.134000-03:00,,2026-07-03 12:36:21.061000-03:00,216.73211666666666,used,2227
Becas personal,Becas Nodocentes,False,2026-07-03,2026-07-03 09:27:38.701000-03:00,,2026-07-03 12:37:16.324000-03:00,189.62705,used,2234
Becas personal,Becas Nodocentes,False,2026-07-03,2026-07-03 10:57:40.615000-03:00,,2026-07-03 12:38:34.268000-03:00,100.89421666666667,used,2242
Becas personal,Becas Nodocentes,False,2026-07-03,2026-07-03 08:08:33.980000-03:00,,2026-07-03 12:39:49.811000-03:00,271.26385,used,2246
Becas personal,Becas Nodocentes,False,2026-07-03,2026-07-03 08:04:21.460000-03:00,,2026-07-03 12:41:34.495000-03:00,277.21725,used,2255
Becas personal,Becas Nodocentes,False,2026-07-03,2026-07-03 08:37:14.462000-03:00,,2026-07-03 12:51:01.776000-03:00,253.78856666666667,used,2313
Becas personal,Becas Nodocentes,False,2026-07-03,2026-07-03 09:31:18.049000-03:00,,2026-07-03 12:53:23.426000-03:00,202.08961666666667,used,2329
Becas personal,Becas Nodocentes,False,2026-07-03,2026-07-03 08:13:53.912000-03:00,,2026-07-03 12:56:08.066000-03:00,282.23589999999996,used,2343
Becas personal,Becas Nodocentes,False,2026-07-03,2026-07-03 10:08:50.216000-03:00,,2026-07-03 13:05:52.184000-03:00,177.0328,used,2395
Becas personal,Becas Nodocentes,False,2026-07-03,2026-07-03 08:17:14.963000-03:00,,2026-07-03 13:07:15.200000-03:00,290.00395000000003,used,2401
Becas personal,Becas Nodocentes,False,2026-07-03,2026-07-03 08:49:02.517000-03:00,,2026-07-03 13:09:01.457000-03:00,259.9823333333333,used,2411
Becas personal,Becas Nodocentes,False,2026-07-03,2026-07-03 10:03:35.237000-03:00,,2026-07-03 13:09:17.178000-03:00,185.69901666666667,used,2415
Becas personal,Becas Nodocentes,False,2026-07-03,2026-07-03 08:44:12.134000-03:00,,2026-07-03 13:10:03.193000-03:00,265.8509833333333,used,2423
Becas personal,Becas Nodocentes,False,2026-07-03,2026-07-03 08:12:03.654000-03:00,,2026-07-03 13:12:32.069000-03:00,300.47358333333335,used,2429
Becas personal,Becas Nodocentes,False,2026-07-03,2026-07-03 08:12:31.234000-03:00,,2026-07-03 13:12:40.503000-03:00,300.15448333333336,used,2430
Becas personal,Becas Nodocentes,False,2026-07-03,2026-07-03 09:30:25.790000-03:00,,2026-07-03 13:13:49.059000-03:00,223.38781666666668,used,2436
Becas personal,Becas Nodocentes,False,2026-07-03,2026-07-03 08:20:49.487000-03:00,,2026-07-03 13:15:44.774000-03:00,294.92145,used,2451
Becas personal,Becas Nodocentes,False,2026-07-03,2026-07-03 09:43:00.122000-03:00,,2026-07-03 13:17:02.691000-03:00,214.04281666666665,used,2459
Becas personal,Becas Nodocentes,False,2026-07-03,2026-07-03 10:13:23.220000-03:00,,2026-07-03 13:17:09.396000-03:00,183.7696,used,2460
Becas personal,Becas Nodocentes,False,2026-07-03,2026-07-03 08:33:53.553000-03:00,,2026-07-03 13:17:12.880000-03:00,283.32211666666666,used,2461
Becas personal,Becas Nodocentes,False,2026-07-03,2026-07-03 08:08:38.408000-03:00,,2026-07-03 13:21:05.980000-03:00,312.45953333333335,used,2489
Becas personal,Becas Nodocentes,False,2026-07-03,2026-07-03 08:19:25.137000-03:00,,2026-07-03 13:21:34.920000-03:00,302.16305,used,2495
Becas personal,Becas Nodocentes,False,2026-07-03,2026-07-03 08:14:58.189000-03:00,,2026-07-03 13:21:37.401000-03:00,306.6535333333333,used,2496
Becas personal,Becas Nodocentes,False,2026-07-03,2026-07-03 08:52:46.811000-03:00,,2026-07-03 13:22:42.423000-03:00,269.9268666666666,used,2505
Becas personal,Becas Nodocentes,False,2026-07-03,2026-07-03 09:53:30.220000-03:00,,2026-07-03 13:24:32.662000-03:00,211.0407,used,2512
Becas personal,Becas Nodocentes,False,2026-07-03,2026-07-03 10:28:34.667000-03:00,,2026-07-03 13:24:48.804000-03:00,176.2356166666667,used,2514
Becas personal,Becas Nodocentes,False,2026-07-03,2026-07-03 10:48:32.263000-03:00,,2026-07-03 13:25:00.768000-03:00,156.47508333333332,used,2517
Becas personal,Becas Nodocentes,False,2026-07-03,2026-07-03 10:47:56.654000-03:00,,2026-07-03 13:25:02.930000-03:00,157.1046,used,2518
Becas personal,Becas Nodocentes,False,2026-07-03,2026-07-03 09:10:47.496000-03:00,,2026-07-03 13:28:04.684000-03:00,257.2864666666667,used,2534
Becas personal,Becas Nodocentes,False,2026-07-03,2026-07-03 10:00:13.249000-03:00,,2026-07-03 13:29:17.984000-03:00,209.0789166666667,used,2543
Becas personal,Becas Nodocentes,False,2026-07-03,2026-07-03 09:34:41.243000-03:00,,2026-07-03 13:30:05.139000-03:00,235.39826666666667,used,2548
Becas personal,Becas Nodocentes,False,2026-07-03,2026-07-03 08:03:52.716000-03:00,,2026-07-03 13:32:29.955000-03:00,328.62065,used,2565
Becas personal,Becas Nodocentes,False,2026-07-03,2026-07-03 10:28:35.076000-03:00,,2026-07-03 13:36:09.486000-03:00,187.5735,used,2599
Becas personal,Becas Nodocentes,False,2026-07-03,2026-07-03 08:42:39.085000-03:00,,2026-07-03 13:36:43.414000-03:00,294.07215,used,2602
Becas personal,Becas Nodocentes,False,2026-07-03,2026-07-03 09:10:17.459000-03:00,,2026-07-03 13:37:59.157000-03:00,267.6949666666667,used,2613
Becas personal,Becas Nodocentes,False,2026-07-03,2026-07-03 08:48:35.326000-03:00,,2026-07-03 13:39:56.848000-03:00,291.3587,used,2617
Becas personal,Becas Nodocentes,False,2026-07-03,2026-07-03 10:21:32.254000-03:00,,2026-07-03 13:50:24.493000-03:00,208.87064999999998,used,2668
Becas personal,Becas Nodocentes,False,2026-07-03,2026-07-03 09:28:33.171000-03:00,,2026-07-03 13:51:59.111000-03:00,263.43233333333336,used,2673
Becas personal,Becas Nodocentes,False,2026-07-03,2026-07-03 08:05:55.776000-03:00,,2026-07-03 13:56:01.956000-03:00,350.103,used,2697
Becas personal,Becas Nodocentes,False,2026-07-03,2026-07-03 09:01:17.572000-03:00,,2026-07-03 14:00:20.097000-03:00,299.0420833333334,used,2719
Becas personal,Becas Nodocentes,False,2026-07-03,2026-07-03 08:15:57.675000-03:00,,2026-07-03 14:00:58.258000-03:00,345.00971666666663,used,2720
Becas personal,Becas Nodocentes,False,2026-07-03,2026-07-03 08:17:27.400000-03:00,,2026-07-03 14:01:41.375000-03:00,344.23291666666665,used,2724
Becas personal,Becas Nodocentes,False,2026-07-03,2026-07-03 08:41:06.029000-03:00,,2026-07-03 14:11:10.235000-03:00,330.07009999999997,used,2775
Becas personal,Becas Nodocentes,False,2026-07-03,2026-07-03 09:04:32.296000-03:00,,2026-07-03 14:13:20.579000-03:00,308.80471666666665,used,2787
Becas personal,Becas Nodocentes,False,2026-07-03,2026-07-03 10:09:31.823000-03:00,,2026-07-03 14:17:17.020000-03:00,247.75328333333334,used,2805
Becas personal,Becas Nodocentes,False,2026-07-03,2026-07-03 11:51:31.605000-03:00,,2026-07-03 14:17:57.753000-03:00,146.4358,used,2807
Becas personal,Becas Nodocentes,False,2026-07-03,2026-07-03 08:50:59.336000-03:00,,2026-07-03 14:19:15.754000-03:00,328.27363333333335,used,2817
Becas personal,Becas Nodocentes,False,2026-07-03,2026-07-03 08:33:47.710000-03:00,,2026-07-03 14:34:20.348000-03:00,360.5439666666667,used,2888
Becas personal,Becas Nodocentes,False,2026-07-07,2026-07-07 08:39:47.264000-03:00,,2026-07-07 12:02:55.447000-03:00,203.13638333333336,used,2898
Becas personal,Becas Nodocentes,False,2026-07-07,2026-07-07 09:22:03.245000-03:00,,2026-07-07 12:03:02.484000-03:00,160.98731666666666,used,2900
Becas personal,Becas Nodocentes,False,2026-07-07,2026-07-07 08:40:15.222000-03:00,,2026-07-07 12:04:10.727000-03:00,203.92508333333333,used,2914
Becas personal,Becas Nodocentes,False,2026-07-07,2026-07-07 09:34:28.129000-03:00,,2026-07-07 12:04:49.655000-03:00,150.35876666666667,used,2921
Becas personal,Becas Nodocentes,False,2026-07-07,2026-07-07 08:35:52.289000-03:00,,2026-07-07 12:05:31.402000-03:00,209.65188333333333,used,2929
Becas personal,Becas Nodocentes,False,2026-07-07,2026-07-07 09:41:43.213000-03:00,,2026-07-07 12:05:39.868000-03:00,143.94425,used,2931
Becas personal,Becas Nodocentes,False,2026-07-07,2026-07-07 08:19:02.648000-03:00,,2026-07-07 12:06:49.226000-03:00,227.7763,used,2940
Becas personal,Becas Nodocentes,False,2026-07-07,2026-07-07 08:33:11.047000-03:00,,2026-07-07 12:11:44.089000-03:00,218.55069999999998,used,2948
Becas personal,Becas Nodocentes,False,2026-07-07,2026-07-07 08:32:29.585000-03:00,,2026-07-07 12:12:31.734000-03:00,220.03581666666665,used,2958
Becas personal,Becas Nodocentes,False,2026-07-07,2026-07-07 08:01:02.493000-03:00,,2026-07-07 12:12:35.659000-03:00,251.55276666666666,used,2959
Becas personal,Becas Nodocentes,False,2026-07-07,2026-07-07 08:52:01.734000-03:00,,2026-07-07 12:12:40.918000-03:00,200.65306666666666,used,2960
Becas personal,Becas Nodocentes,False,2026-07-07,2026-07-07 08:11:47.378000-03:00,,2026-07-07 12:12:43.828000-03:00,240.94083333333336,used,2961
Becas personal,Becas Nodocentes,False,2026-07-07,2026-07-07 10:46:01.899000-03:00,,2026-07-07 12:16:08.198000-03:00,90.10498333333334,used,2963
Becas personal,Becas Nodocentes,False,2026-07-07,2026-07-07 08:27:08.767000-03:00,,2026-07-07 12:17:04.002000-03:00,229.92058333333335,used,2964
Becas personal,Becas Nodocentes,False,2026-07-07,2026-07-07 09:47:55.628000-03:00,,2026-07-07 12:21:43.091000-03:00,153.79104999999998,used,2981
Becas personal,Becas Nodocentes,False,2026-07-07,2026-07-07 09:15:24.648000-03:00,,2026-07-07 12:24:27.170000-03:00,189.04203333333334,used,2992
Becas personal,Becas Nodocentes,False,2026-07-07,2026-07-07 08:57:42.207000-03:00,,2026-07-07 12:36:10.898000-03:00,218.47818333333333,used,3031
Becas personal,Becas Nodocentes,False,2026-07-07,2026-07-07 09:06:26.774000-03:00,,2026-07-07 12:40:39.441000-03:00,214.21111666666667,used,3044
Becas personal,Becas Nodocentes,False,2026-07-07,2026-07-07 10:01:36.303000-03:00,,2026-07-07 12:44:07.441000-03:00,162.51896666666667,used,3053
Becas personal,Becas Nodocentes,False,2026-07-07,2026-07-07 09:12:52.141000-03:00,,2026-07-07 12:45:35.213000-03:00,212.71786666666668,used,3057
Becas personal,Becas Nodocentes,False,2026-07-07,2026-07-07 08:57:01.829000-03:00,,2026-07-07 12:49:04.943000-03:00,232.0519,used,3063
Becas personal,Becas Nodocentes,False,2026-07-07,2026-07-07 08:14:55.362000-03:00,,2026-07-07 12:52:18.417000-03:00,277.38425,used,3068
Becas personal,Becas Nodocentes,False,2026-07-07,2026-07-07 08:17:44.366000-03:00,,2026-07-07 13:02:43.248000-03:00,284.9813666666667,used,3085
Becas personal,Becas Nodocentes,False,2026-07-08,2026-07-08 09:09:54.991000-03:00,,2026-07-08 12:01:54.543000-03:00,171.99253333333334,used,3138
Becas personal,Becas Nodocentes,False,2026-07-08,2026-07-08 10:03:55.395000-03:00,,2026-07-08 12:15:22.348000-03:00,131.44921666666667,used,3156
Becas personal,Becas Nodocentes,False,2026-07-08,2026-07-08 09:44:35.438000-03:00,,2026-07-08 12:15:26.388000-03:00,150.8491666666667,used,3157
Becas personal,Becas Nodocentes,False,2026-07-08,2026-07-08 08:27:08.937000-03:00,,2026-07-08 12:21:36.060000-03:00,234.45204999999999,used,3170
Becas personal,Becas Nodocentes,False,2026-07-08,2026-07-08 08:56:15.023000-03:00,,2026-07-08 12:22:14.582000-03:00,205.99265,used,3171
Becas personal,Becas Nodocentes,False,2026-07-08,2026-07-08 10:50:35.107000-03:00,,2026-07-08 12:28:48.606000-03:00,98.22498333333333,used,3186
Becas personal,Becas Nodocentes,False,2026-07-08,2026-07-08 10:36:58.782000-03:00,,2026-07-08 12:28:51.361000-03:00,111.87631666666667,used,3187
Becas personal,Becas Nodocentes,False,2026-07-08,2026-07-08 08:11:46.949000-03:00,,2026-07-08 12:32:30.625000-03:00,260.72793333333334,used,3191
Becas personal,Becas Nodocentes,False,2026-07-08,2026-07-08 09:47:39.468000-03:00,,2026-07-08 12:33:20.337000-03:00,165.68115,used,3197
Becas personal,Becas Nodocentes,False,2026-07-08,2026-07-08 08:00:47.484000-03:00,,2026-07-08 12:36:51.834000-03:00,276.0725,used,3201
Becas personal,Becas Nodocentes,False,2026-07-08,2026-07-08 08:02:04.951000-03:00,,2026-07-08 12:37:53.188000-03:00,275.80395000000004,used,3204
Becas personal,Becas Nodocentes,False,2026-07-08,2026-07-08 10:38:51.354000-03:00,,2026-07-08 12:40:13.920000-03:00,121.3761,used,3209
Becas personal,Becas Nodocentes,False,2026-07-08,2026-07-08 08:06:12.754000-03:00,,2026-07-08 12:44:07.796000-03:00,277.9173666666667,used,3224
Becas personal,Becas Nodocentes,False,2026-07-08,2026-07-08 12:50:08.436000-03:00,,2026-07-08 12:52:05.909000-03:00,1.9578833333333334,used,3248
Becas personal,Becas Nodocentes,False,2026-07-08,2026-07-08 09:02:10.235000-03:00,,2026-07-08 12:54:01.075000-03:00,231.84733333333332,used,3250
Becas personal,Becas Nodocentes,False,2026-07-08,2026-07-08 09:52:50.712000-03:00,,2026-07-08 13:01:35.327000-03:00,188.74358333333333,used,3269
Becas personal,Becas Nodocentes,False,2026-07-08,2026-07-08 10:40:54.684000-03:00,,2026-07-08 13:04:33.132000-03:00,143.6408,used,3276
Becas personal,Becas Nodocentes,False,2026-07-08,2026-07-08 09:25:26.860000-03:00,,2026-07-08 13:06:11.602000-03:00,220.7457,used,3285
Becas personal,Becas Nodocentes,False,2026-07-08,2026-07-08 09:15:32.513000-03:00,,2026-07-08 13:07:23.026000-03:00,231.84188333333336,used,3291
Becas personal,Becas Nodocentes,False,2026-07-08,2026-07-08 09:15:09.543000-03:00,,2026-07-08 13:07:48.701000-03:00,232.6526333333333,used,3292
Becas personal,Becas Nodocentes,False,2026-07-08,2026-07-08 08:03:37.753000-03:00,,2026-07-08 13:09:35.574000-03:00,305.96368333333334,used,3298
Becas personal,Becas Nodocentes,False,2026-07-08,2026-07-08 10:24:26.502000-03:00,,2026-07-08 13:10:28.187000-03:00,166.0280833333333,used,3300
Becas personal,Becas Nodocentes,False,2026-07-08,2026-07-08 08:36:17.488000-03:00,,2026-07-08 13:10:33.236000-03:00,274.2624666666667,used,3301
Becas personal,Becas Nodocentes,False,2026-07-08,2026-07-08 10:07:00.200000-03:00,,2026-07-08 13:11:55.501000-03:00,184.92168333333333,used,3307
Becas personal,Becas Nodocentes,False,2026-07-08,2026-07-08 09:56:06.869000-03:00,,2026-07-08 13:12:49.742000-03:00,196.71455,used,3310
Becas personal,Becas Nodocentes,False,2026-07-08,2026-07-08 10:26:55.703000-03:00,,2026-07-08 13:15:48.575000-03:00,168.88119999999998,used,3319
Becas personal,Becas Nodocentes,False,2026-07-08,2026-07-08 09:58:25.481000-03:00,,2026-07-08 13:17:40.635000-03:00,199.25256666666667,used,3329
Becas personal,Becas Nodocentes,False,2026-07-08,2026-07-08 08:45:02.290000-03:00,,2026-07-08 13:19:16.411000-03:00,274.23535,used,3339
Becas personal,Becas Nodocentes,False,2026-07-08,2026-07-08 08:09:30.579000-03:00,,2026-07-08 13:19:17.299000-03:00,309.7786666666667,used,3340
Becas personal,Becas Nodocentes,False,2026-07-08,2026-07-08 09:52:59.404000-03:00,,2026-07-08 13:30:20.706000-03:00,217.35503333333332,used,3361
Becas personal,Becas Nodocentes,False,2026-07-08,2026-07-08 08:53:31.005000-03:00,,2026-07-08 13:30:45.386000-03:00,277.23968333333335,used,3364
Becas personal,Becas Nodocentes,False,2026-07-08,2026-07-08 08:20:48.418000-03:00,,2026-07-08 13:36:25.784000-03:00,315.6227666666667,used,3377
Becas personal,Becas Nodocentes,False,2026-07-08,2026-07-08 09:31:46.614000-03:00,,2026-07-08 13:43:38.689000-03:00,251.86791666666667,used,3384
Becas personal,Becas Nodocentes,False,2026-07-08,2026-07-08 09:35:57.635000-03:00,,2026-07-08 13:46:13.705000-03:00,250.26783333333333,used,3387
Becas personal,Becas Nodocentes,False,2026-07-08,2026-07-08 11:56:31.307000-03:00,,2026-07-08 13:47:00.505000-03:00,110.48663333333334,used,3388
Becas personal,Becas Nodocentes,False,2026-07-08,2026-07-08 10:04:43.456000-03:00,,2026-07-08 13:50:58.241000-03:00,226.24641666666668,used,3400
Becas personal,Becas Nodocentes,False,2026-07-08,2026-07-08 10:10:09.896000-03:00,,2026-07-08 14:20:44.747000-03:00,250.58085,used,3466
Becas personal,Becas Nodocentes,False,2026-07-08,2026-07-08 10:06:03.090000-03:00,,2026-07-08 14:26:55.695000-03:00,260.87675,used,3481
Becas personal,Becas Nodocentes,False,2026-07-20,2026-07-20 09:55:21.907000-03:00,,2026-07-20 12:03:59.102000-03:00,128.61991666666665,used,3493
Becas personal,Becas Nodocentes,False,2026-07-20,2026-07-20 10:43:47.853000-03:00,,2026-07-20 12:04:04.054000-03:00,80.27001666666666,used,3494
Becas personal,Becas Nodocentes,False,2026-07-20,2026-07-20 08:43:00.847000-03:00,,2026-07-20 12:04:06.463000-03:00,201.0936,used,3495
Becas personal,Becas Nodocentes,False,2026-07-20,2026-07-20 08:38:12.704000-03:00,,2026-07-20 12:04:25.536000-03:00,206.21386666666666,used,3499
Becas personal,Becas Nodocentes,False,2026-07-20,2026-07-20 08:06:06.596000-03:00,,2026-07-20 12:05:25.395000-03:00,239.31331666666668,used,3506
Becas personal,Becas Nodocentes,False,2026-07-20,2026-07-20 08:31:18.561000-03:00,,2026-07-20 12:07:02.299000-03:00,215.72896666666665,used,3526
Becas personal,Becas Nodocentes,False,2026-07-20,2026-07-20 10:51:56.875000-03:00,,2026-07-20 12:07:36.920000-03:00,75.66741666666667,used,3534
Becas personal,Becas Nodocentes,False,2026-07-20,2026-07-20 09:23:29.259000-03:00,,2026-07-20 12:20:02.689000-03:00,176.55716666666666,used,3555
Becas personal,Becas Nodocentes,False,2026-07-20,2026-07-20 08:27:42.760000-03:00,,2026-07-20 12:21:14.891000-03:00,233.53551666666667,used,3560
Becas personal,Becas Nodocentes,False,2026-07-20,2026-07-20 08:20:16.345000-03:00,,2026-07-20 12:39:29.096000-03:00,259.21251666666666,used,3599
Becas personal,Becas Nodocentes,False,2026-07-20,2026-07-20 08:11:00.224000-03:00,,2026-07-20 12:42:31.950000-03:00,271.5287666666667,used,3603
Becas personal,Becas Nodocentes,False,2026-07-20,2026-07-20 09:25:23.154000-03:00,,2026-07-20 12:44:43.169000-03:00,199.33358333333334,used,3606
Becas personal,Becas Nodocentes,False,2026-07-20,2026-07-20 10:22:40.720000-03:00,,2026-07-20 12:44:52.580000-03:00,142.19766666666666,used,3607
Becas personal,Becas Nodocentes,False,2026-07-20,2026-07-20 09:34:09.877000-03:00,,2026-07-20 12:45:07.297000-03:00,190.957,used,3611
Becas personal,Becas Nodocentes,False,2026-07-20,2026-07-20 09:02:55.805000-03:00,,2026-07-20 12:45:12.361000-03:00,222.27593333333334,used,3613
Becas personal,Becas Nodocentes,False,2026-07-20,2026-07-20 09:14:24.687000-03:00,,2026-07-20 12:45:47.088000-03:00,211.37335,used,3618
Becas personal,Becas Nodocentes,False,2026-07-20,2026-07-20 08:05:29.769000-03:00,,2026-07-20 12:46:32.087000-03:00,281.03863333333334,used,3620
Becas personal,Becas Nodocentes,False,2026-07-20,2026-07-20 09:53:02.791000-03:00,,2026-07-20 12:49:36.304000-03:00,176.55855000000003,used,3627
Becas personal,Becas Nodocentes,False,2026-07-20,2026-07-20 08:51:26.545000-03:00,,2026-07-20 12:49:46.778000-03:00,238.33721666666668,used,3628
Becas personal,Becas Nodocentes,False,2026-07-20,2026-07-20 08:50:55.123000-03:00,,2026-07-20 12:49:52.389000-03:00,238.95443333333333,used,3629
Becas personal,Becas Nodocentes,False,2026-07-20,2026-07-20 09:52:08.470000-03:00,,2026-07-20 12:50:44.145000-03:00,178.59458333333333,used,3632
Becas personal,Becas Nodocentes,False,2026-07-20,2026-07-20 09:31:36.055000-03:00,,2026-07-20 12:58:28.850000-03:00,206.87991666666667,used,3648
Becas personal,Becas Nodocentes,False,2026-07-20,2026-07-20 10:16:22.469000-03:00,,2026-07-20 12:59:19.574000-03:00,162.95175,used,3650
Becas personal,Becas Nodocentes,False,2026-07-20,2026-07-20 08:11:19.513000-03:00,,2026-07-20 13:00:02.172000-03:00,288.71098333333333,used,3652
Becas personal,Becas Nodocentes,False,2026-07-20,2026-07-20 08:09:55.369000-03:00,,2026-07-20 13:00:04.128000-03:00,290.1459833333333,used,3653
Becas personal,Becas Nodocentes,False,2026-07-20,2026-07-20 09:25:15.820000-03:00,,2026-07-20 13:06:52.477000-03:00,221.61094999999997,used,3673
Becas personal,Becas Nodocentes,False,2026-07-20,2026-07-20 09:06:29.474000-03:00,,2026-07-20 13:11:13.153000-03:00,244.72798333333333,used,3695
Becas personal,Becas Nodocentes,False,2026-07-20,2026-07-20 08:35:25.848000-03:00,,2026-07-20 13:11:39.863000-03:00,276.23358333333334,used,3701
Becas personal,Becas Nodocentes,False,2026-07-20,2026-07-20 09:51:58.731000-03:00,,2026-07-20 13:12:15.183000-03:00,200.27419999999998,used,3703
Becas personal,Becas Nodocentes,False,2026-07-20,2026-07-20 08:27:12.005000-03:00,,2026-07-20 13:13:08.879000-03:00,285.9479,used,3705
Becas personal,Becas Nodocentes,False,2026-07-20,2026-07-20 08:20:59.514000-03:00,,2026-07-20 13:13:19.246000-03:00,292.32886666666667,used,3706
Becas personal,Becas Nodocentes,False,2026-07-20,2026-07-20 08:07:12.386000-03:00,,2026-07-20 13:14:51.153000-03:00,307.64611666666667,used,3710
Becas personal,Becas Nodocentes,False,2026-07-20,2026-07-20 08:05:46.290000-03:00,,2026-07-20 13:14:53.872000-03:00,309.1263666666666,used,3711
Becas personal,Becas Nodocentes,False,2026-07-20,2026-07-20 08:19:45.862000-03:00,,2026-07-20 13:15:29.482000-03:00,295.727,used,3712
Becas personal,Becas Nodocentes,False,2026-07-20,2026-07-20 09:49:49.302000-03:00,,2026-07-20 13:16:30.660000-03:00,206.6893,used,3717
Becas personal,Becas Nodocentes,False,2026-07-20,2026-07-20 09:08:02.932000-03:00,,2026-07-20 13:17:29.587000-03:00,249.44425,used,3719
Becas personal,Becas Nodocentes,False,2026-07-20,2026-07-20 08:11:02.063000-03:00,,2026-07-20 13:19:10.815000-03:00,308.1458666666667,used,3726
Becas personal,Becas Nodocentes,False,2026-07-20,2026-07-20 08:36:44.985000-03:00,,2026-07-20 13:20:35.933000-03:00,283.8491333333333,used,3727
Becas personal,Becas Nodocentes,False,2026-07-20,2026-07-20 08:51:01.980000-03:00,,2026-07-20 13:21:32.791000-03:00,270.51351666666665,used,3729
Becas personal,Becas Nodocentes,False,2026-07-20,2026-07-20 08:49:11.244000-03:00,,2026-07-20 13:22:12.158000-03:00,273.01523333333336,used,3731
Becas personal,Becas Nodocentes,False,2026-07-20,2026-07-20 08:08:37.715000-03:00,,2026-07-20 13:22:48.114000-03:00,314.17331666666666,used,3734
Becas personal,Becas Nodocentes,False,2026-07-20,2026-07-20 08:13:34.188000-03:00,,2026-07-20 13:22:52.685000-03:00,309.30828333333335,used,3735
Becas personal,Becas Nodocentes,False,2026-07-20,2026-07-20 10:39:36.250000-03:00,,2026-07-20 13:22:54.120000-03:00,163.29783333333336,used,3736
Becas personal,Becas Nodocentes,False,2026-07-20,2026-07-20 09:01:21.959000-03:00,,2026-07-20 13:22:58.192000-03:00,261.60388333333333,used,3737
Becas personal,Becas Nodocentes,False,2026-07-20,2026-07-20 08:21:59.079000-03:00,,2026-07-20 13:26:43.277000-03:00,304.7366333333333,used,3756
Becas personal,Becas Nodocentes,False,2026-07-20,2026-07-20 08:23:17.124000-03:00,,2026-07-20 13:27:36.139000-03:00,304.31691666666666,used,3760
Becas personal,Becas Nodocentes,False,2026-07-20,2026-07-20 08:54:16.430000-03:00,,2026-07-20 13:28:55.448000-03:00,274.6503,used,3763
Becas personal,Becas Nodocentes,False,2026-07-20,2026-07-20 08:54:45.668000-03:00,,2026-07-20 13:29:06.524000-03:00,274.3476,used,3764
Becas personal,Becas Nodocentes,False,2026-07-20,2026-07-20 09:16:19.295000-03:00,,2026-07-20 13:30:41.500000-03:00,254.37008333333333,used,3767
Becas personal,Becas Nodocentes,False,2026-07-20,2026-07-20 10:53:21.415000-03:00,,2026-07-20 13:30:44.322000-03:00,157.38178333333332,used,3768
Becas personal,Becas Nodocentes,False,2026-07-20,2026-07-20 09:02:58.994000-03:00,,2026-07-20 13:31:50.229000-03:00,268.8539166666667,used,3769
Becas personal,Becas Nodocentes,False,2026-07-20,2026-07-20 09:58:16.641000-03:00,,2026-07-20 13:32:06.584000-03:00,213.83238333333333,used,3770
Becas personal,Becas Nodocentes,False,2026-07-20,2026-07-20 08:15:29.537000-03:00,,2026-07-20 13:33:43.372000-03:00,318.2305833333333,used,3781
Becas personal,Becas Nodocentes,False,2026-07-20,2026-07-20 09:49:22.086000-03:00,,2026-07-20 13:34:42.985000-03:00,225.34831666666665,used,3787
Becas personal,Becas Nodocentes,False,2026-07-20,2026-07-20 10:58:58.334000-03:00,,2026-07-20 13:41:03.685000-03:00,162.08918333333335,used,3814
Becas personal,Becas Nodocentes,False,2026-07-20,2026-07-20 08:36:28.177000-03:00,,2026-07-20 13:41:50.967000-03:00,305.37983333333335,used,3818
Becas personal,Becas Nodocentes,False,2026-07-20,2026-07-20 08:37:03.088000-03:00,,2026-07-20 13:42:08.848000-03:00,305.09599999999995,used,3821
Becas personal,Becas Nodocentes,False,2026-07-20,2026-07-20 08:04:17.444000-03:00,,2026-07-20 13:46:44.664000-03:00,342.45366666666666,used,3830
Becas personal,Becas Nodocentes,False,2026-07-20,2026-07-20 09:33:29.266000-03:00,,2026-07-20 13:49:24.830000-03:00,255.92606666666669,used,3839
Becas personal,Becas Nodocentes,False,2026-07-20,2026-07-20 08:19:18.159000-03:00,,2026-07-20 13:52:44.565000-03:00,333.4401,used,3850
Becas personal,Becas Nodocentes,False,2026-07-20,2026-07-20 08:34:26.975000-03:00,,2026-07-20 14:00:36.573000-03:00,326.1599666666667,used,3870
Becas personal,Becas Nodocentes,False,2026-07-20,2026-07-20 09:57:23.914000-03:00,,2026-07-20 14:02:53.871000-03:00,245.49928333333335,used,3881
Becas personal,Becas Nodocentes,False,2026-07-20,2026-07-20 09:26:13.782000-03:00,,2026-07-20 14:12:26.879000-03:00,286.2182833333334,used,3900
Becas personal,Becas Nodocentes,False,2026-07-20,2026-07-20 08:24:33.301000-03:00,,2026-07-20 14:13:42.553000-03:00,349.1542,used,3903
Becas personal,Becas Nodocentes,False,2026-07-20,2026-07-20 08:41:10.533000-03:00,,2026-07-20 14:17:13.344000-03:00,336.04685,used,3910
Becas personal,Becas Nodocentes,False,2026-07-20,2026-07-20 09:40:11.543000-03:00,,2026-07-20 14:21:32.171000-03:00,281.3438,used,3918
Becas personal,Becas Nodocentes,False,2026-07-20,2026-07-20 08:42:39.366000-03:00,,2026-07-20 14:23:20.802000-03:00,340.6906,used,3925
Becas personal,Becas Nodocentes,False,2026-07-21,2026-07-21 09:51:03.957000-03:00,,2026-07-21 12:02:26.824000-03:00,131.38111666666666,used,3943
Becas personal,Becas Nodocentes,False,2026-07-21,2026-07-21 09:51:16.099000-03:00,,2026-07-21 12:02:29.644000-03:00,131.22575,used,3944
Becas personal,Becas Nodocentes,False,2026-07-21,2026-07-21 08:37:55.096000-03:00,,2026-07-21 12:02:33.653000-03:00,204.64261666666667,used,3946
Becas personal,Becas Nodocentes,False,2026-07-21,2026-07-21 09:47:25.454000-03:00,,2026-07-21 12:04:28.762000-03:00,137.05513333333334,used,3966
Becas personal,Becas Nodocentes,False,2026-07-21,2026-07-21 08:23:36.198000-03:00,,2026-07-21 12:04:38.452000-03:00,221.0375666666667,used,3969
Becas personal,Becas Nodocentes,False,2026-07-21,2026-07-21 08:26:00.722000-03:00,,2026-07-21 12:07:16.755000-03:00,221.26721666666666,used,3987
Becas personal,Becas Nodocentes,False,2026-07-21,2026-07-21 09:08:41.445000-03:00,,2026-07-21 12:07:19.732000-03:00,178.63811666666666,used,3988
Becas personal,Becas Nodocentes,False,2026-07-21,2026-07-21 09:49:02.063000-03:00,,2026-07-21 12:07:22.751000-03:00,138.3448,used,3989
Becas personal,Becas Nodocentes,False,2026-07-21,2026-07-21 10:30:35.728000-03:00,,2026-07-21 12:13:42.437000-03:00,103.11181666666667,used,3999
Becas personal,Becas Nodocentes,False,2026-07-21,2026-07-21 08:09:08.655000-03:00,,2026-07-21 12:15:30.418000-03:00,246.36271666666667,used,4008
Becas personal,Becas Nodocentes,False,2026-07-21,2026-07-21 08:17:56.980000-03:00,,2026-07-21 12:21:07.878000-03:00,243.1816333333333,used,4016
Becas personal,Becas Nodocentes,False,2026-07-21,2026-07-21 09:31:09.995000-03:00,,2026-07-21 12:21:52.465000-03:00,170.70783333333333,used,4020
Becas personal,Becas Nodocentes,False,2026-07-21,2026-07-21 10:33:12.816000-03:00,,2026-07-21 12:26:43.098000-03:00,113.5047,used,4038
Becas personal,Becas Nodocentes,False,2026-07-21,2026-07-21 08:25:15.826000-03:00,,2026-07-21 12:37:57.106000-03:00,252.68800000000002,used,4064
Becas personal,Becas Nodocentes,False,2026-07-21,2026-07-21 10:41:00.558000-03:00,,2026-07-21 12:38:19.700000-03:00,117.31903333333334,used,4066
Becas personal,Becas Nodocentes,False,2026-07-21,2026-07-21 10:26:09.799000-03:00,,2026-07-21 12:38:22.118000-03:00,132.20531666666668,used,4067
Becas personal,Becas Nodocentes,False,2026-07-21,2026-07-21 09:18:33.555000-03:00,,2026-07-21 12:39:24.246000-03:00,200.84485,used,4069
Becas personal,Becas Nodocentes,False,2026-07-21,2026-07-21 08:05:01.151000-03:00,,2026-07-21 12:43:03.607000-03:00,278.0409333333333,used,4083
Becas personal,Becas Nodocentes,False,2026-07-21,2026-07-21 08:41:39.169000-03:00,,2026-07-21 12:44:01.097000-03:00,242.36546666666666,used,4086
Becas personal,Becas Nodocentes,False,2026-07-21,2026-07-21 08:27:58.472000-03:00,,2026-07-21 12:45:22.668000-03:00,257.40326666666664,used,4088
Becas personal,Becas Nodocentes,False,2026-07-21,2026-07-21 08:25:46.686000-03:00,,2026-07-21 12:45:32.879000-03:00,259.7698833333333,used,4089
Becas personal,Becas Nodocentes,False,2026-07-21,2026-07-21 09:43:39.553000-03:00,,2026-07-21 12:50:12.827000-03:00,186.55456666666666,used,4100
Becas personal,Becas Nodocentes,False,2026-07-21,2026-07-21 09:51:20.496000-03:00,,2026-07-21 12:50:17.406000-03:00,178.9485,used,4101
Becas personal,Becas Nodocentes,False,2026-07-21,2026-07-21 08:30:26.989000-03:00,,2026-07-21 12:54:58.084000-03:00,264.51824999999997,used,4122
Becas personal,Becas Nodocentes,False,2026-07-21,2026-07-21 08:01:30.722000-03:00,,2026-07-21 12:57:30.958000-03:00,296.00393333333335,used,4129
Becas personal,Becas Nodocentes,False,2026-07-21,2026-07-21 08:08:26.679000-03:00,,2026-07-21 12:59:03.110000-03:00,290.60718333333335,used,4134
Becas personal,Becas Nodocentes,False,2026-07-21,2026-07-21 08:08:00.518000-03:00,,2026-07-21 12:59:07.283000-03:00,291.11275,used,4135
Becas personal,Becas Nodocentes,False,2026-07-21,2026-07-21 09:30:37.987000-03:00,,2026-07-21 13:00:39.049000-03:00,210.0177,used,4146
Becas personal,Becas Nodocentes,False,2026-07-21,2026-07-21 10:35:14.177000-03:00,,2026-07-21 13:04:33.634000-03:00,149.32428333333334,used,4159
Becas personal,Becas Nodocentes,False,2026-07-21,2026-07-21 09:29:37.744000-03:00,,2026-07-21 13:08:46.319000-03:00,219.14291666666668,used,4182
Becas personal,Becas Nodocentes,False,2026-07-21,2026-07-21 09:09:29.143000-03:00,,2026-07-21 13:09:30.696000-03:00,240.02588333333333,used,4188
Becas personal,Becas Nodocentes,False,2026-07-21,2026-07-21 09:46:38.806000-03:00,,2026-07-21 13:09:48.548000-03:00,203.16236666666666,used,4191
Becas personal,Becas Nodocentes,False,2026-07-21,2026-07-21 09:40:54.255000-03:00,,2026-07-21 13:10:09.873000-03:00,209.2603,used,4194
Becas personal,Becas Nodocentes,False,2026-07-21,2026-07-21 08:15:05.060000-03:00,,2026-07-21 13:11:53.008000-03:00,296.7991333333333,used,4204
Becas personal,Becas Nodocentes,False,2026-07-21,2026-07-21 08:24:15.615000-03:00,,2026-07-21 13:11:55.513000-03:00,287.66496666666666,used,4205
Becas personal,Becas Nodocentes,False,2026-07-21,2026-07-21 08:50:13.089000-03:00,,2026-07-21 13:19:04.954000-03:00,268.86441666666667,used,4235
Becas personal,Becas Nodocentes,False,2026-07-21,2026-07-21 10:26:06.015000-03:00,,2026-07-21 13:19:08.236000-03:00,173.03701666666666,used,4236
Becas personal,Becas Nodocentes,False,2026-07-21,2026-07-21 08:26:42.360000-03:00,,2026-07-21 13:20:44.062000-03:00,294.02836666666667,used,4241
Becas personal,Becas Nodocentes,False,2026-07-21,2026-07-21 08:27:57.187000-03:00,,2026-07-21 13:20:47.794000-03:00,292.84345,used,4242
Becas personal,Becas Nodocentes,False,2026-07-21,2026-07-21 08:09:38.686000-03:00,,2026-07-21 13:23:28.495000-03:00,313.83015,used,4259
Becas personal,Becas Nodocentes,False,2026-07-21,2026-07-21 08:50:44.353000-03:00,,2026-07-21 13:27:55.245000-03:00,277.18153333333333,used,4268
Becas personal,Becas Nodocentes,False,2026-07-21,2026-07-21 08:21:36.414000-03:00,,2026-07-21 13:28:33.236000-03:00,306.9470333333333,used,4270
Becas personal,Becas Nodocentes,False,2026-07-21,2026-07-21 09:04:07.299000-03:00,,2026-07-21 13:31:29.902000-03:00,267.37671666666665,used,4277
Becas personal,Becas Nodocentes,False,2026-07-21,2026-07-21 10:16:41.261000-03:00,,2026-07-21 13:31:57.676000-03:00,195.27358333333333,used,4282
Becas personal,Becas Nodocentes,False,2026-07-21,2026-07-21 08:31:36.776000-03:00,,2026-07-21 13:32:37.908000-03:00,301.01886666666667,used,4288
Becas personal,Becas Nodocentes,False,2026-07-21,2026-07-21 10:21:15.138000-03:00,,2026-07-21 13:35:01.465000-03:00,193.77211666666665,used,4291
Becas personal,Becas Nodocentes,False,2026-07-21,2026-07-21 08:06:19.201000-03:00,,2026-07-21 13:36:59.874000-03:00,330.67788333333334,used,4308
Becas personal,Becas Nodocentes,False,2026-07-21,2026-07-21 10:09:37.940000-03:00,,2026-07-21 13:37:09.661000-03:00,207.52868333333333,used,4309
Becas personal,Becas Nodocentes,False,2026-07-21,2026-07-21 09:32:44.228000-03:00,,2026-07-21 13:37:21.043000-03:00,244.61358333333334,used,4311
Becas personal,Becas Nodocentes,False,2026-07-21,2026-07-21 09:11:07.227000-03:00,,2026-07-21 13:38:51.643000-03:00,267.7402666666666,used,4317
Becas personal,Becas Nodocentes,False,2026-07-21,2026-07-21 08:14:29.059000-03:00,,2026-07-21 13:40:14.042000-03:00,325.74971666666664,used,4324
Becas personal,Becas Nodocentes,False,2026-07-21,2026-07-21 08:33:48.003000-03:00,,2026-07-21 13:41:34.436000-03:00,307.77388333333334,used,4327
Becas personal,Becas Nodocentes,False,2026-07-21,2026-07-21 09:42:46.811000-03:00,,2026-07-21 13:44:06.035000-03:00,241.3204,used,4338
Becas personal,Becas Nodocentes,False,2026-07-21,2026-07-21 08:40:25.193000-03:00,,2026-07-21 13:48:08.524000-03:00,307.7221833333333,used,4354
Becas personal,Becas Nodocentes,False,2026-07-21,2026-07-21 09:37:48.121000-03:00,,2026-07-21 13:50:49.887000-03:00,253.02943333333332,used,4364
Becas personal,Becas Nodocentes,False,2026-07-21,2026-07-21 08:34:52.773000-03:00,,2026-07-21 13:51:19.857000-03:00,316.4514,used,4365
Becas personal,Becas Nodocentes,False,2026-07-21,2026-07-21 10:49:55.158000-03:00,,2026-07-21 14:04:03.896000-03:00,194.14563333333334,used,4410
Becas personal,Becas Nodocentes,False,2026-07-21,2026-07-21 10:16:47.185000-03:00,,2026-07-21 14:05:54.298000-03:00,229.11855,used,4414
Becas personal,Becas Nodocentes,False,2026-07-21,2026-07-21 10:07:31.052000-03:00,,2026-07-21 14:13:01.318000-03:00,245.50443333333334,used,4438
Becas personal,Becas Nodocentes,False,2026-07-21,2026-07-21 08:21:11.020000-03:00,,2026-07-21 14:13:57.094000-03:00,352.7679,used,4439
Becas personal,Becas Nodocentes,False,2026-07-21,2026-07-21 10:45:33.071000-03:00,,2026-07-21 14:16:13.154000-03:00,210.66805000000002,used,4450
Becas personal,Becas Nodocentes,False,2026-07-21,2026-07-21 10:21:15.954000-03:00,,2026-07-21 14:19:11.796000-03:00,237.9307,used,4461
Becas personal,Becas Nodocentes,False,2026-07-21,2026-07-21 09:02:49.874000-03:00,,2026-07-21 14:22:02.400000-03:00,319.2087666666667,used,4468
Becas personal,Becas Nodocentes,False,2026-07-22,2026-07-22 10:26:58.412000-03:00,,2026-07-22 11:59:27.737000-03:00,92.48875,used,4494
Becas personal,Becas Nodocentes,False,2026-07-22,2026-07-22 09:42:40.758000-03:00,,2026-07-22 11:59:32.886000-03:00,136.86880000000002,used,4495
Becas personal,Becas Nodocentes,False,2026-07-22,2026-07-22 08:08:52.384000-03:00,,2026-07-22 12:02:05.951000-03:00,233.22611666666666,used,4532
Becas personal,Becas Nodocentes,False,2026-07-22,2026-07-22 08:37:36.559000-03:00,,2026-07-22 12:10:19.628000-03:00,212.71781666666666,used,4584
Becas personal,Becas Nodocentes,False,2026-07-22,2026-07-22 08:29:31.948000-03:00,,2026-07-22 12:17:11.044000-03:00,227.6516,used,4605
Becas personal,Becas Nodocentes,False,2026-07-22,2026-07-22 08:01:01.265000-03:00,,2026-07-22 12:17:31.161000-03:00,256.49826666666667,used,4607
Becas personal,Becas Nodocentes,False,2026-07-22,2026-07-22 08:04:47.609000-03:00,,2026-07-22 12:17:53.152000-03:00,253.09238333333332,used,4609
Becas personal,Becas Nodocentes,False,2026-07-22,2026-07-22 08:19:57.526000-03:00,,2026-07-22 12:20:11.956000-03:00,240.2405,used,4615
Becas personal,Becas Nodocentes,False,2026-07-22,2026-07-22 08:51:12.838000-03:00,,2026-07-22 12:34:19.313000-03:00,223.10791666666668,used,4661
Becas personal,Becas Nodocentes,False,2026-07-22,2026-07-22 08:15:31.011000-03:00,,2026-07-22 12:35:28.432000-03:00,259.9570166666667,used,4665
Becas personal,Becas Nodocentes,False,2026-07-22,2026-07-22 08:09:26.299000-03:00,,2026-07-22 12:35:30.879000-03:00,266.0763333333333,used,4666
Becas personal,Becas Nodocentes,False,2026-07-22,2026-07-22 09:14:52.396000-03:00,,2026-07-22 12:37:28.055000-03:00,202.59431666666666,used,4676
Becas personal,Becas Nodocentes,False,2026-07-22,2026-07-22 09:04:25.277000-03:00,,2026-07-22 12:37:40.248000-03:00,213.24951666666666,used,4677
Becas personal,Becas Nodocentes,False,2026-07-22,2026-07-22 08:21:45.523000-03:00,,2026-07-22 12:44:31.894000-03:00,262.77285,used,4694
Becas personal,Becas Nodocentes,False,2026-07-22,2026-07-22 11:38:11.498000-03:00,,2026-07-22 12:47:20.149000-03:00,69.14418333333333,used,4701
Becas personal,Becas Nodocentes,False,2026-07-22,2026-07-22 10:08:15.011000-03:00,,2026-07-22 12:47:23.522000-03:00,159.14185,used,4702
Becas personal,Becas Nodocentes,False,2026-07-22,2026-07-22 09:14:08.081000-03:00,,2026-07-22 12:49:09.191000-03:00,215.01850000000002,used,4710
Becas personal,Becas Nodocentes,False,2026-07-22,2026-07-22 08:32:25.892000-03:00,,2026-07-22 12:51:04.237000-03:00,258.6390833333333,used,4717
Becas personal,Becas Nodocentes,False,2026-07-22,2026-07-22 08:03:23.102000-03:00,,2026-07-22 12:54:52.568000-03:00,291.4911,used,4729
Becas personal,Becas Nodocentes,False,2026-07-22,2026-07-22 09:29:12.605000-03:00,,2026-07-22 12:59:24.473000-03:00,210.1978,used,4743
Becas personal,Becas Nodocentes,False,2026-07-22,2026-07-22 08:11:21.761000-03:00,,2026-07-22 13:01:10.277000-03:00,289.8086,used,4752
Becas personal,Becas Nodocentes,False,2026-07-22,2026-07-22 08:26:42.774000-03:00,,2026-07-22 13:04:10.296000-03:00,277.4587,used,4774
Becas personal,Becas Nodocentes,False,2026-07-22,2026-07-22 08:25:04.466000-03:00,,2026-07-22 13:06:03.367000-03:00,280.98168333333336,used,4785
Becas personal,Becas Nodocentes,False,2026-07-22,2026-07-22 09:14:50.711000-03:00,,2026-07-22 13:09:17.534000-03:00,234.44705000000002,used,4801
Becas personal,Becas Nodocentes,False,2026-07-22,2026-07-22 10:03:25.946000-03:00,,2026-07-22 13:10:04.405000-03:00,186.64098333333334,used,4807
Becas personal,Becas Nodocentes,False,2026-07-22,2026-07-22 08:16:50.876000-03:00,,2026-07-22 13:10:29.993000-03:00,293.65195,used,4811
Becas personal,Becas Nodocentes,False,2026-07-22,2026-07-22 08:06:41.008000-03:00,,2026-07-22 13:14:15.575000-03:00,307.5761166666667,used,4830
Becas personal,Becas Nodocentes,False,2026-07-22,2026-07-22 08:02:54.808000-03:00,,2026-07-22 13:14:17.993000-03:00,311.38641666666666,used,4831
Becas personal,Becas Nodocentes,False,2026-07-22,2026-07-22 08:03:18.534000-03:00,,2026-07-22 13:14:21.174000-03:00,311.044,used,4832
Becas personal,Becas Nodocentes,False,2026-07-22,2026-07-22 09:21:40.580000-03:00,,2026-07-22 13:16:55.465000-03:00,235.24808333333334,used,4859
Becas personal,Becas Nodocentes,False,2026-07-22,2026-07-22 09:59:09.962000-03:00,,2026-07-22 13:17:27.993000-03:00,198.30051666666668,used,4865
Becas personal,Becas Nodocentes,False,2026-07-22,2026-07-22 09:39:10.952000-03:00,,2026-07-22 13:17:48.185000-03:00,218.62055,used,4868
Becas personal,Becas Nodocentes,False,2026-07-22,2026-07-22 08:21:01.139000-03:00,,2026-07-22 13:19:04.656000-03:00,298.05861666666664,used,4877
Becas personal,Becas Nodocentes,False,2026-07-22,2026-07-22 09:40:34.619000-03:00,,2026-07-22 13:19:17.136000-03:00,218.70861666666667,used,4881
Becas personal,Becas Nodocentes,False,2026-07-22,2026-07-22 08:18:58.860000-03:00,,2026-07-22 13:25:12.074000-03:00,306.22023333333334,used,4911
Becas personal,Becas Nodocentes,False,2026-07-22,2026-07-22 08:18:35.481000-03:00,,2026-07-22 13:25:23.626000-03:00,306.80241666666666,used,4912
Becas personal,Becas Nodocentes,False,2026-07-22,2026-07-22 09:36:23.340000-03:00,,2026-07-22 13:27:52.005000-03:00,231.47775000000001,used,4917
Becas personal,Becas Nodocentes,False,2026-07-22,2026-07-22 08:41:13.727000-03:00,,2026-07-22 13:29:58.247000-03:00,288.742,used,4925
Becas personal,Becas Nodocentes,False,2026-07-22,2026-07-22 09:00:11.194000-03:00,,2026-07-22 13:30:34.867000-03:00,270.39455000000004,used,4933
Becas personal,Becas Nodocentes,False,2026-07-22,2026-07-22 08:04:58.642000-03:00,,2026-07-22 13:31:28.294000-03:00,326.4942,used,4938
Becas personal,Becas Nodocentes,False,2026-07-22,2026-07-22 10:35:24.664000-03:00,,2026-07-22 13:31:50.558000-03:00,176.43156666666667,used,4940
Becas personal,Becas Nodocentes,False,2026-07-22,2026-07-22 08:44:54.917000-03:00,,2026-07-22 13:32:02.063000-03:00,287.1191,used,4943
Becas personal,Becas Nodocentes,False,2026-07-22,2026-07-22 10:12:32.252000-03:00,,2026-07-22 13:32:04.957000-03:00,199.54508333333334,used,4944
Becas personal,Becas Nodocentes,False,2026-07-22,2026-07-22 08:46:43.960000-03:00,,2026-07-22 13:32:40.977000-03:00,285.95028333333335,used,4949
Becas personal,Becas Nodocentes,False,2026-07-22,2026-07-22 09:45:44.789000-03:00,,2026-07-22 13:33:18.898000-03:00,227.56848333333335,used,4952
Becas personal,Becas Nodocentes,False,2026-07-22,2026-07-22 09:03:33.877000-03:00,,2026-07-22 13:35:15.089000-03:00,271.6868666666667,used,4962
Becas personal,Becas Nodocentes,False,2026-07-22,2026-07-22 10:14:28.357000-03:00,,2026-07-22 13:35:39.725000-03:00,201.18946666666668,used,4966
Becas personal,Becas Nodocentes,False,2026-07-22,2026-07-22 08:27:15.849000-03:00,,2026-07-22 13:37:14.302000-03:00,309.9742166666667,used,4972
Becas personal,Becas Nodocentes,False,2026-07-22,2026-07-22 08:24:18.285000-03:00,,2026-07-22 13:37:20.029000-03:00,313.02906666666667,used,4974
Becas personal,Becas Nodocentes,False,2026-07-22,2026-07-22 10:50:40.841000-03:00,,2026-07-22 13:37:50.459000-03:00,167.1603,used,4979
Becas personal,Becas Nodocentes,False,2026-07-22,2026-07-22 08:33:59.940000-03:00,,2026-07-22 13:39:19.992000-03:00,305.3342,used,4992
Becas personal,Becas Nodocentes,False,2026-07-22,2026-07-22 08:31:30.454000-03:00,,2026-07-22 13:39:45.547000-03:00,308.25155,used,4994
Becas personal,Becas Nodocentes,False,2026-07-22,2026-07-22 09:00:14.327000-03:00,,2026-07-22 13:43:17.079000-03:00,283.04586666666665,used,5011
Becas personal,Becas Nodocentes,False,2026-07-22,2026-07-22 09:31:40.972000-03:00,,2026-07-22 13:56:50.712000-03:00,265.1623333333333,used,5074
Becas personal,Becas Nodocentes,False,2026-07-22,2026-07-22 10:09:48.812000-03:00,,2026-07-22 13:57:08.927000-03:00,227.33525,used,5076
Becas personal,Becas Nodocentes,False,2026-07-22,2026-07-22 09:34:09.764000-03:00,,2026-07-22 13:58:42.073000-03:00,264.5384833333333,used,5083
Becas personal,Becas Nodocentes,False,2026-07-22,2026-07-22 08:14:42.580000-03:00,,2026-07-22 14:01:27.519000-03:00,346.7489833333333,used,5089
Becas personal,Becas Nodocentes,False,2026-07-22,2026-07-22 10:40:41.251000-03:00,,2026-07-22 14:04:18.750000-03:00,203.62498333333332,used,5093
Becas personal,Becas Nodocentes,False,2026-07-22,2026-07-22 09:17:28.086000-03:00,,2026-07-22 14:06:35.116000-03:00,289.11716666666666,used,5102
Becas personal,Becas Nodocentes,False,2026-07-22,2026-07-22 09:45:24.800000-03:00,,2026-07-22 14:12:12.667000-03:00,266.7977833333333,used,5127
Becas personal,Becas Nodocentes,False,2026-07-22,2026-07-22 08:18:35.358000-03:00,,2026-07-22 14:14:10.242000-03:00,355.5814,used,5135
Becas personal,Becas Nodocentes,False,2026-07-22,2026-07-22 08:19:18.324000-03:00,,2026-07-22 14:16:18.952000-03:00,357.0104666666667,used,5145
Becas personal,Becas Nodocentes,False,2026-07-22,2026-07-22 10:52:18.412000-03:00,,2026-07-22 14:18:21.287000-03:00,206.04791666666668,used,5152
Becas personal,Becas Nodocentes,False,2026-07-22,2026-07-22 08:39:26.945000-03:00,,2026-07-22 14:21:03.752000-03:00,341.61345,used,5161
Becas personal,Becas Nodocentes,False,2026-07-22,2026-07-22 08:10:33.741000-03:00,,2026-07-22 14:21:20.478000-03:00,370.77895,used,5165
Becas personal,Becas Nodocentes,False,2026-07-23,2026-07-23 10:20:07.198000-03:00,,2026-07-23 12:05:36.575000-03:00,105.48961666666668,used,5207
Becas personal,Becas Nodocentes,False,2026-07-23,2026-07-23 09:26:43.020000-03:00,,2026-07-23 12:05:39.492000-03:00,158.9412,used,5208
Becas personal,Becas Nodocentes,False,2026-07-23,2026-07-23 09:18:01.218000-03:00,,2026-07-23 12:05:44.774000-03:00,167.72593333333333,used,5209
Becas personal,Becas Nodocentes,False,2026-07-23,2026-07-23 08:06:06.006000-03:00,,2026-07-23 12:08:02.892000-03:00,241.9481,used,5237
Becas personal,Becas Nodocentes,False,2026-07-23,2026-07-23 08:14:07.178000-03:00,,2026-07-23 12:10:28.444000-03:00,236.35443333333333,used,5260
Becas personal,Becas Nodocentes,False,2026-07-23,2026-07-23 08:04:27.962000-03:00,,2026-07-23 12:11:09.376000-03:00,246.69023333333334,used,5268
Becas personal,Becas Nodocentes,False,2026-07-23,2026-07-23 09:10:23.720000-03:00,,2026-07-23 12:13:18.037000-03:00,182.90528333333333,used,5284
Becas personal,Becas Nodocentes,False,2026-07-23,2026-07-23 08:22:23.532000-03:00,,2026-07-23 12:13:23.095000-03:00,230.99271666666667,used,5285
Becas personal,Becas Nodocentes,False,2026-07-23,2026-07-23 08:56:17.884000-03:00,,2026-07-23 12:15:49.035000-03:00,199.51918333333333,used,5306
Becas personal,Becas Nodocentes,False,2026-07-23,2026-07-23 09:03:12.644000-03:00,,2026-07-23 12:33:32.335000-03:00,210.32818333333336,used,5355
Becas personal,Becas Nodocentes,False,2026-07-23,2026-07-23 08:08:51.047000-03:00,,2026-07-23 12:37:12.109000-03:00,268.3510333333333,used,5370
Becas personal,Becas Nodocentes,False,2026-07-23,2026-07-23 09:29:04.133000-03:00,,2026-07-23 12:40:40.783000-03:00,191.61083333333332,used,5379
Becas personal,Becas Nodocentes,False,2026-07-23,2026-07-23 08:50:43.483000-03:00,,2026-07-23 12:45:15.951000-03:00,234.54113333333333,used,5393
Becas personal,Becas Nodocentes,False,2026-07-23,2026-07-23 08:58:34.659000-03:00,,2026-07-23 12:58:03.840000-03:00,239.48635000000002,used,5430
Becas personal,Becas Nodocentes,False,2026-07-23,2026-07-23 09:30:57.731000-03:00,,2026-07-23 12:58:18.445000-03:00,207.34523333333334,used,5431
Becas personal,Becas Nodocentes,False,2026-07-23,2026-07-23 10:59:25.161000-03:00,,2026-07-23 12:59:34.774000-03:00,120.16021666666667,used,5435
Becas personal,Becas Nodocentes,False,2026-07-23,2026-07-23 09:10:38.664000-03:00,,2026-07-23 12:59:38.977000-03:00,229.00521666666666,used,5436
Becas personal,Becas Nodocentes,False,2026-07-23,2026-07-23 09:31:55.631000-03:00,,2026-07-23 13:00:16.539000-03:00,208.34846666666667,used,5438
Becas personal,Becas Nodocentes,False,2026-07-23,2026-07-23 08:39:49.232000-03:00,,2026-07-23 13:02:12.110000-03:00,262.3813,used,5443
Becas personal,Becas Nodocentes,False,2026-07-23,2026-07-23 08:44:52.169000-03:00,,2026-07-23 13:02:21.277000-03:00,257.48513333333335,used,5444
Becas personal,Becas Nodocentes,False,2026-07-23,2026-07-23 08:58:37.324000-03:00,,2026-07-23 13:04:10.037000-03:00,245.54521666666668,used,5457
Becas personal,Becas Nodocentes,False,2026-07-23,2026-07-23 08:05:10.246000-03:00,,2026-07-23 13:04:13.836000-03:00,299.05983333333336,used,5458
Becas personal,Becas Nodocentes,False,2026-07-23,2026-07-23 10:19:21.759000-03:00,,2026-07-23 13:06:24.816000-03:00,167.05095,used,5470
Becas personal,Becas Nodocentes,False,2026-07-23,2026-07-23 08:49:34.775000-03:00,,2026-07-23 13:08:09.516000-03:00,258.5790166666667,used,5480
Becas personal,Becas Nodocentes,False,2026-07-23,2026-07-23 08:10:37.358000-03:00,,2026-07-23 13:08:15.058000-03:00,297.62833333333333,used,5481
Becas personal,Becas Nodocentes,False,2026-07-23,2026-07-23 08:13:56.107000-03:00,,2026-07-23 13:08:36.794000-03:00,294.6781166666667,used,5482
Becas personal,Becas Nodocentes,False,2026-07-23,2026-07-23 08:19:09.199000-03:00,,2026-07-23 13:09:35.003000-03:00,290.4300666666667,used,5488
Becas personal,Becas Nodocentes,False,2026-07-23,2026-07-23 09:34:08.540000-03:00,,2026-07-23 13:11:36.323000-03:00,217.46304999999998,used,5505
Becas personal,Becas Nodocentes,False,2026-07-23,2026-07-23 10:28:31.612000-03:00,,2026-07-23 13:11:49.637000-03:00,163.30041666666665,used,5506
Becas personal,Becas Nodocentes,False,2026-07-23,2026-07-23 09:27:04.321000-03:00,,2026-07-23 13:15:31.893000-03:00,228.45953333333333,used,5534
Becas personal,Becas Nodocentes,False,2026-07-23,2026-07-23 09:46:48.665000-03:00,,2026-07-23 13:16:00.717000-03:00,209.20086666666666,used,5538
Becas personal,Becas Nodocentes,False,2026-07-23,2026-07-23 09:16:47.667000-03:00,,2026-07-23 13:16:07.718000-03:00,239.33418333333333,used,5539
Becas personal,Becas Nodocentes,False,2026-07-23,2026-07-23 09:40:54.816000-03:00,,2026-07-23 13:17:05.792000-03:00,216.18293333333335,used,5543
Becas personal,Becas Nodocentes,False,2026-07-23,2026-07-23 09:25:29.462000-03:00,,2026-07-23 13:18:48.180000-03:00,233.31196666666668,used,5551
Becas personal,Becas Nodocentes,False,2026-07-23,2026-07-23 09:06:51.389000-03:00,,2026-07-23 13:20:24.976000-03:00,253.5597833333333,used,5560
Becas personal,Becas Nodocentes,False,2026-07-23,2026-07-23 08:59:03.210000-03:00,,2026-07-23 13:28:48.455000-03:00,269.75408333333337,used,5607
Becas personal,Becas Nodocentes,False,2026-07-23,2026-07-23 08:03:06.998000-03:00,,2026-07-23 13:29:17.712000-03:00,326.17856666666665,used,5611
Becas personal,Becas Nodocentes,False,2026-07-23,2026-07-23 08:02:42.370000-03:00,,2026-07-23 13:29:20.161000-03:00,326.62985000000003,used,5612
Becas personal,Becas Nodocentes,False,2026-07-23,2026-07-23 08:49:25.859000-03:00,,2026-07-23 13:30:02.198000-03:00,280.60565,used,5616
Becas personal,Becas Nodocentes,False,2026-07-23,2026-07-23 10:31:33.557000-03:00,,2026-07-23 13:30:05.525000-03:00,178.5328,used,5617
Becas personal,Becas Nodocentes,False,2026-07-23,2026-07-23 08:58:18.118000-03:00,,2026-07-23 13:30:58.749000-03:00,272.67718333333335,used,5623
Becas personal,Becas Nodocentes,False,2026-07-23,2026-07-23 08:05:47.053000-03:00,,2026-07-23 13:34:26.224000-03:00,328.65285,used,5635
Becas personal,Becas Nodocentes,False,2026-07-23,2026-07-23 08:17:20.095000-03:00,,2026-07-23 13:34:36.992000-03:00,317.2816166666667,used,5637
Becas personal,Becas Nodocentes,False,2026-07-23,2026-07-23 08:44:18.173000-03:00,,2026-07-23 13:36:35.441000-03:00,292.2878,used,5648
Becas personal,Becas Nodocentes,False,2026-07-23,2026-07-23 10:07:43.196000-03:00,,2026-07-23 13:41:10.836000-03:00,213.46066666666667,used,5669
Becas personal,Becas Nodocentes,False,2026-07-23,2026-07-23 08:04:18.995000-03:00,,2026-07-23 13:42:31.598000-03:00,338.21004999999997,used,5679
Becas personal,Becas Nodocentes,False,2026-07-23,2026-07-23 11:48:13.335000-03:00,,2026-07-23 13:43:13.855000-03:00,115.00866666666667,used,5689
Becas personal,Becas Nodocentes,False,2026-07-23,2026-07-23 08:24:29.497000-03:00,,2026-07-23 13:44:10.019000-03:00,319.67536666666666,used,5691
Becas personal,Becas Nodocentes,False,2026-07-23,2026-07-23 08:12:14.272000-03:00,,2026-07-23 13:45:42.368000-03:00,333.4682666666667,used,5702
Becas personal,Becas Nodocentes,False,2026-07-23,2026-07-23 10:48:23.083000-03:00,,2026-07-23 13:46:52.359000-03:00,178.48793333333333,used,5706
Becas personal,Becas Nodocentes,False,2026-07-23,2026-07-23 10:48:11.073000-03:00,,2026-07-23 13:48:58.581000-03:00,180.7918,used,5715
Becas personal,Becas Nodocentes,False,2026-07-23,2026-07-23 10:22:17.539000-03:00,,2026-07-23 13:49:11.512000-03:00,206.89955,used,5717
Becas personal,Becas Nodocentes,False,2026-07-23,2026-07-23 09:59:52.511000-03:00,,2026-07-23 13:56:07.276000-03:00,236.24608333333333,used,5741
Becas personal,Becas Nodocentes,False,2026-07-23,2026-07-23 08:15:12.677000-03:00,,2026-07-23 13:56:38.024000-03:00,341.42245,used,5744
Becas personal,Becas Nodocentes,False,2026-07-23,2026-07-23 09:44:13.955000-03:00,,2026-07-23 13:59:12.354000-03:00,254.97331666666665,used,5760
Becas personal,Becas Nodocentes,False,2026-07-23,2026-07-23 08:07:04.957000-03:00,,2026-07-23 14:04:56.705000-03:00,357.86246666666665,used,5784
Becas personal,Becas Nodocentes,False,2026-07-23,2026-07-23 08:19:00.937000-03:00,,2026-07-23 14:09:25.760000-03:00,350.4137166666667,used,5810
Becas personal,Becas Nodocentes,False,2026-07-23,2026-07-23 08:18:13.709000-03:00,,2026-07-23 14:11:22.317000-03:00,353.14346666666665,used,5818
Becas personal,Becas Nodocentes,False,2026-07-23,2026-07-23 08:42:26.366000-03:00,,2026-07-23 14:11:39.390000-03:00,329.2170666666667,used,5819
Becas personal,Becas Nodocentes,False,2026-07-23,2026-07-23 09:22:41.279000-03:00,,2026-07-23 14:13:18.021000-03:00,290.6123666666666,used,5828
Becas personal,Becas Nodocentes,False,2026-07-23,2026-07-23 09:14:59.677000-03:00,,2026-07-23 14:20:59.273000-03:00,305.99326666666667,used,5857
Becas personal,Becas Nodocentes,False,2026-07-24,2026-07-24 09:24:50.026000-03:00,,2026-07-24 12:06:22.136000-03:00,161.53516666666667,used,5889
Becas personal,Becas Nodocentes,False,2026-07-24,2026-07-24 10:14:59.862000-03:00,,2026-07-24 12:06:51.577000-03:00,111.86191666666667,used,5898
Becas personal,Becas Nodocentes,False,2026-07-24,2026-07-24 08:12:18.641000-03:00,,2026-07-24 12:13:59.967000-03:00,241.68876666666665,used,5945
Becas personal,Becas Nodocentes,False,2026-07-24,2026-07-24 08:04:48.678000-03:00,,2026-07-24 12:23:49.536000-03:00,259.0143,used,5963
Becas personal,Becas Nodocentes,False,2026-07-24,2026-07-24 08:17:21.430000-03:00,,2026-07-24 12:24:33.789000-03:00,247.20598333333334,used,5964
Becas personal,Becas Nodocentes,False,2026-07-24,2026-07-24 08:21:07.369000-03:00,,2026-07-24 12:32:15.350000-03:00,251.13301666666666,used,5979
Becas personal,Becas Nodocentes,False,2026-07-24,2026-07-24 10:32:53.113000-03:00,,2026-07-24 12:32:24.741000-03:00,119.52713333333332,used,5981
Becas personal,Becas Nodocentes,False,2026-07-24,2026-07-24 09:04:00.273000-03:00,,2026-07-24 12:33:32.845000-03:00,209.54286666666667,used,5985
Becas personal,Becas Nodocentes,False,2026-07-24,2026-07-24 09:34:48.778000-03:00,,2026-07-24 12:34:32.078000-03:00,179.72166666666666,used,5989
Becas personal,Becas Nodocentes,False,2026-07-24,2026-07-24 09:10:37.467000-03:00,,2026-07-24 12:37:48.441000-03:00,207.1829,used,5998
Becas personal,Becas Nodocentes,False,2026-07-24,2026-07-24 10:22:13.043000-03:00,,2026-07-24 12:42:26.454000-03:00,140.22351666666665,used,6012
Becas personal,Becas Nodocentes,False,2026-07-24,2026-07-24 10:20:22.649000-03:00,,2026-07-24 12:42:32.953000-03:00,142.17173333333332,used,6013
Becas personal,Becas Nodocentes,False,2026-07-24,2026-07-24 09:43:28.948000-03:00,,2026-07-24 12:42:59.878000-03:00,179.5155,used,6018
Becas personal,Becas Nodocentes,False,2026-07-24,2026-07-24 08:06:51.701000-03:00,,2026-07-24 12:52:44.670000-03:00,285.88281666666666,used,6044
Becas personal,Becas Nodocentes,False,2026-07-24,2026-07-24 10:15:44.223000-03:00,,2026-07-24 12:55:53.371000-03:00,160.15246666666664,used,6049
Becas personal,Becas Nodocentes,False,2026-07-24,2026-07-24 10:25:43.769000-03:00,,2026-07-24 12:58:03.925000-03:00,152.33593333333334,used,6058
Becas personal,Becas Nodocentes,False,2026-07-24,2026-07-24 09:06:17.192000-03:00,,2026-07-24 12:58:25.229000-03:00,232.13395,used,6059
Becas personal,Becas Nodocentes,False,2026-07-24,2026-07-24 09:31:57.983000-03:00,,2026-07-24 13:06:27.403000-03:00,214.49033333333333,used,6095
Becas personal,Becas Nodocentes,False,2026-07-24,2026-07-24 10:01:09.905000-03:00,,2026-07-24 13:09:55.883000-03:00,188.76629999999997,used,6102
Becas personal,Becas Nodocentes,False,2026-07-24,2026-07-24 08:24:56.371000-03:00,,2026-07-24 13:12:24.263000-03:00,287.46486666666664,used,6112
Becas personal,Becas Nodocentes,False,2026-07-24,2026-07-24 10:03:22.233000-03:00,,2026-07-24 13:13:03.093000-03:00,189.681,used,6116
Becas personal,Becas Nodocentes,False,2026-07-24,2026-07-24 08:33:11.061000-03:00,,2026-07-24 13:13:06.353000-03:00,279.92153333333334,used,6117
Becas personal,Becas Nodocentes,False,2026-07-24,2026-07-24 09:29:10.481000-03:00,,2026-07-24 13:13:09.908000-03:00,223.99044999999998,used,6118
Becas personal,Becas Nodocentes,False,2026-07-24,2026-07-24 08:18:26.724000-03:00,,2026-07-24 13:16:28.414000-03:00,298.02816666666666,used,6123
Becas personal,Becas Nodocentes,False,2026-07-24,2026-07-24 08:07:40.994000-03:00,,2026-07-24 13:17:01.376000-03:00,309.33970000000005,used,6128
Becas personal,Becas Nodocentes,False,2026-07-24,2026-07-24 08:08:27.225000-03:00,,2026-07-24 13:17:25.217000-03:00,308.9665333333333,used,6130
Becas personal,Becas Nodocentes,False,2026-07-24,2026-07-24 08:07:58.003000-03:00,,2026-07-24 13:17:46.534000-03:00,309.80885,used,6131
Becas personal,Becas Nodocentes,False,2026-07-24,2026-07-24 08:53:47.669000-03:00,,2026-07-24 13:20:34.774000-03:00,266.7850833333333,used,6143
Becas personal,Becas Nodocentes,False,2026-07-24,2026-07-24 08:05:31.082000-03:00,,2026-07-24 13:20:48.123000-03:00,315.2840166666667,used,6144
Becas personal,Becas Nodocentes,False,2026-07-24,2026-07-24 08:04:21.553000-03:00,,2026-07-24 13:22:55.168000-03:00,318.56025000000005,used,6150
Becas personal,Becas Nodocentes,False,2026-07-24,2026-07-24 08:51:58.711000-03:00,,2026-07-24 13:25:34.370000-03:00,273.59431666666666,used,6163
Becas personal,Becas Nodocentes,False,2026-07-24,2026-07-24 10:29:08.217000-03:00,,2026-07-24 13:25:37.909000-03:00,176.49486666666664,used,6164
Becas personal,Becas Nodocentes,False,2026-07-24,2026-07-24 08:45:35.404000-03:00,,2026-07-24 13:28:37.937000-03:00,283.04221666666666,used,6171
Becas personal,Becas Nodocentes,False,2026-07-24,2026-07-24 10:32:52.627000-03:00,,2026-07-24 13:29:37.719000-03:00,176.75153333333336,used,6177
Becas personal,Becas Nodocentes,False,2026-07-24,2026-07-24 08:02:31.376000-03:00,,2026-07-24 13:30:20.411000-03:00,327.81725,used,6180
Becas personal,Becas Nodocentes,False,2026-07-24,2026-07-24 08:32:52.376000-03:00,,2026-07-24 13:31:33.177000-03:00,298.68001666666663,used,6181
Becas personal,Becas Nodocentes,False,2026-07-24,2026-07-24 08:43:16.949000-03:00,,2026-07-24 13:38:38.064000-03:00,295.3519166666667,used,6207
Becas personal,Becas Nodocentes,False,2026-07-24,2026-07-24 10:47:12.480000-03:00,,2026-07-24 13:39:43.796000-03:00,172.52193333333335,used,6212
Becas personal,Becas Nodocentes,False,2026-07-24,2026-07-24 09:12:36.252000-03:00,,2026-07-24 13:54:25.828000-03:00,281.8262666666667,used,6247
Becas personal,Becas Nodocentes,False,2026-07-24,2026-07-24 08:21:11.890000-03:00,,2026-07-24 13:54:52.131000-03:00,333.6706833333334,used,6250
Becas personal,Becas Nodocentes,False,2026-07-24,2026-07-24 10:27:25.758000-03:00,,2026-07-24 13:54:54.496000-03:00,207.47896666666665,used,6251
Becas personal,Becas Nodocentes,False,2026-07-24,2026-07-24 09:30:05.506000-03:00,,2026-07-24 13:54:57.702000-03:00,264.86993333333334,used,6252
Becas personal,Becas Nodocentes,False,2026-07-24,2026-07-24 10:03:33.071000-03:00,,2026-07-24 13:56:55.116000-03:00,233.36741666666666,used,6262
Becas personal,Becas Nodocentes,False,2026-07-24,2026-07-24 09:12:39.121000-03:00,,2026-07-24 14:08:24.249000-03:00,295.75213333333335,used,6290
Becas personal,Becas Nodocentes,False,2026-07-24,2026-07-24 08:25:34.442000-03:00,,2026-07-24 14:09:41.691000-03:00,344.12081666666666,used,6294
Becas personal,Becas Nodocentes,False,2026-07-24,2026-07-24 09:52:23.321000-03:00,,2026-07-24 14:22:40.130000-03:00,270.28015,used,6336
Becas personal,Becas Nodocentes,False,2026-07-24,2026-07-24 08:02:33.918000-03:00,,2026-07-24 14:23:51.457000-03:00,381.2923166666667,used,6343
Becas personal,Becas Nodocentes,False,2026-07-24,2026-07-24 09:56:53.387000-03:00,,2026-07-24 14:24:00.049000-03:00,267.11103333333335,used,6344
Becas personal,Becas Nodocentes,False,2026-07-24,2026-07-24 08:38:09.764000-03:00,,2026-07-24 14:24:20.935000-03:00,346.1861833333333,used,6346
Becas personal,Becas Nodocentes,False,2026-07-24,2026-07-24 08:12:16.964000-03:00,,2026-07-24 14:27:58.908000-03:00,375.6990666666667,used,6357
Becas personal,Becas Nodocentes,False,2026-07-24,2026-07-24 09:09:15.723000-03:00,,2026-07-24 14:32:31.659000-03:00,323.2656,used,6364
Becas personal,Becas Nodocentes,False,2026-07-27,2026-07-27 09:27:35.765000-03:00,,2026-07-27 12:03:36.475000-03:00,156.01183333333333,used,6365
Becas personal,Becas Nodocentes,False,2026-07-27,2026-07-27 08:05:14.532000-03:00,,2026-07-27 12:03:44.106000-03:00,238.49290000000002,used,6366
Becas personal,Becas Nodocentes,False,2026-07-27,2026-07-27 09:54:17.477000-03:00,,2026-07-27 12:03:46.832000-03:00,129.48925,used,6367
Becas personal,Becas Nodocentes,False,2026-07-27,2026-07-27 08:16:24.092000-03:00,,2026-07-27 12:03:50.024000-03:00,227.43220000000002,used,6368
Becas personal,Becas Nodocentes,False,2026-07-27,2026-07-27 08:07:41.679000-03:00,,2026-07-27 12:08:02.303000-03:00,240.34373333333332,used,6418
Becas personal,Becas Nodocentes,False,2026-07-27,2026-07-27 08:11:03.226000-03:00,,2026-07-27 12:11:05.691000-03:00,240.04108333333335,used,6457
Becas personal,Becas Nodocentes,False,2026-07-27,2026-07-27 09:03:29.579000-03:00,,2026-07-27 12:30:33.282000-03:00,207.06171666666665,used,6548
Becas personal,Becas Nodocentes,False,2026-07-27,2026-07-27 08:26:12.964000-03:00,,2026-07-27 12:40:22.022000-03:00,254.15096666666668,used,6587
Becas personal,Becas Nodocentes,False,2026-07-27,2026-07-27 08:18:11.355000-03:00,,2026-07-27 12:40:24.199000-03:00,262.21406666666667,used,6588
Becas personal,Becas Nodocentes,False,2026-07-27,2026-07-27 08:07:00.558000-03:00,,2026-07-27 12:47:21.734000-03:00,280.35293333333334,used,6617
Becas personal,Becas Nodocentes,False,2026-07-27,2026-07-27 10:28:15.009000-03:00,,2026-07-27 12:50:26.879000-03:00,142.19783333333334,used,6627
Becas personal,Becas Nodocentes,False,2026-07-27,2026-07-27 08:22:52.764000-03:00,,2026-07-27 12:51:52.450000-03:00,268.99476666666664,used,6639
Becas personal,Becas Nodocentes,False,2026-07-27,2026-07-27 08:24:34.893000-03:00,,2026-07-27 12:53:03.049000-03:00,268.46926666666667,used,6644
Becas personal,Becas Nodocentes,False,2026-07-27,2026-07-27 09:27:27.294000-03:00,,2026-07-27 12:53:06.291000-03:00,205.64995,used,6645
Becas personal,Becas Nodocentes,False,2026-07-27,2026-07-27 10:17:30.578000-03:00,,2026-07-27 12:56:51.209000-03:00,159.34385,used,6660
Becas personal,Becas Nodocentes,False,2026-07-27,2026-07-27 08:35:16.594000-03:00,,2026-07-27 12:56:53.753000-03:00,261.61931666666663,used,6661
Becas personal,Becas Nodocentes,False,2026-07-27,2026-07-27 09:53:21.200000-03:00,,2026-07-27 13:00:01.293000-03:00,186.66821666666667,used,6673
Becas personal,Becas Nodocentes,False,2026-07-27,2026-07-27 08:03:04.607000-03:00,,2026-07-27 13:00:20.216000-03:00,297.26015,used,6677
Becas personal,Becas Nodocentes,False,2026-07-27,2026-07-27 08:00:54.662000-03:00,,2026-07-27 13:00:23.689000-03:00,299.4837833333333,used,6678
Becas personal,Becas Nodocentes,False,2026-07-27,2026-07-27 09:37:12.992000-03:00,,2026-07-27 13:00:47.576000-03:00,203.5764,used,6681
Becas personal,Becas Nodocentes,False,2026-07-27,2026-07-27 08:19:26.882000-03:00,,2026-07-27 13:03:11.484000-03:00,283.74336666666665,used,6695
Becas personal,Becas Nodocentes,False,2026-07-27,2026-07-27 08:10:49.549000-03:00,,2026-07-27 13:04:32-03:00,293.70751666666666,used,6703
Becas personal,Becas Nodocentes,False,2026-07-27,2026-07-27 08:09:24.990000-03:00,,2026-07-27 13:06:57.541000-03:00,297.54251666666664,used,6710
Becas personal,Becas Nodocentes,False,2026-07-27,2026-07-27 10:44:56.963000-03:00,,2026-07-27 13:09:04.705000-03:00,144.12903333333333,used,6713
Becas personal,Becas Nodocentes,False,2026-07-27,2026-07-27 09:38:12.631000-03:00,,2026-07-27 13:09:58.749000-03:00,211.76863333333333,used,6720
Becas personal,Becas Nodocentes,False,2026-07-27,2026-07-27 09:26:45.629000-03:00,,2026-07-27 13:11:44.767000-03:00,224.98563333333334,used,6727
Becas personal,Becas Nodocentes,False,2026-07-27,2026-07-27 08:02:07.241000-03:00,,2026-07-27 13:12:14.272000-03:00,310.11718333333334,used,6735
Becas personal,Becas Nodocentes,False,2026-07-27,2026-07-27 08:26:42.523000-03:00,,2026-07-27 13:12:23.240000-03:00,285.6786166666667,used,6736
Becas personal,Becas Nodocentes,False,2026-07-27,2026-07-27 08:03:49.415000-03:00,,2026-07-27 13:12:25.400000-03:00,308.59975000000003,used,6737
Becas personal,Becas Nodocentes,False,2026-07-27,2026-07-27 08:51:44.857000-03:00,,2026-07-27 13:12:35.854000-03:00,260.84995,used,6739
Becas personal,Becas Nodocentes,False,2026-07-27,2026-07-27 10:05:44.744000-03:00,,2026-07-27 13:15:20.193000-03:00,189.59081666666668,used,6755
Becas personal,Becas Nodocentes,False,2026-07-27,2026-07-27 09:32:57.926000-03:00,,2026-07-27 13:17:15.756000-03:00,224.29716666666667,used,6759
Becas personal,Becas Nodocentes,False,2026-07-27,2026-07-27 10:21:45.956000-03:00,,2026-07-27 13:18:41.213000-03:00,176.92095,used,6766
Becas personal,Becas Nodocentes,False,2026-07-27,2026-07-27 08:51:13.189000-03:00,,2026-07-27 13:19:03.282000-03:00,267.8348833333333,used,6769
Becas personal,Becas Nodocentes,False,2026-07-27,2026-07-27 09:31:05.462000-03:00,,2026-07-27 13:19:11.366000-03:00,228.0984,used,6772
Becas personal,Becas Nodocentes,False,2026-07-27,2026-07-27 10:32:51.626000-03:00,,2026-07-27 13:19:30.011000-03:00,166.63975,used,6773
Becas personal,Becas Nodocentes,False,2026-07-27,2026-07-27 08:13:08.067000-03:00,,2026-07-27 13:20:02.424000-03:00,306.90595,used,6775
Becas personal,Becas Nodocentes,False,2026-07-27,2026-07-27 08:11:01.702000-03:00,,2026-07-27 13:21:24.737000-03:00,310.38391666666666,used,6778
Becas personal,Becas Nodocentes,False,2026-07-27,2026-07-27 09:32:41.091000-03:00,,2026-07-27 13:24:27.486000-03:00,231.77325000000002,used,6794
Becas personal,Becas Nodocentes,False,2026-07-27,2026-07-27 13:23:43.084000-03:00,,2026-07-27 13:25:12.342000-03:00,1.4876333333333334,used,6799
Becas personal,Becas Nodocentes,False,2026-07-27,2026-07-27 08:51:22.265000-03:00,,2026-07-27 13:25:35.481000-03:00,274.22026666666665,used,6800
Becas personal,Becas Nodocentes,False,2026-07-27,2026-07-27 10:25:04.370000-03:00,,2026-07-27 13:25:38.383000-03:00,180.56688333333335,used,6801
Becas personal,Becas Nodocentes,False,2026-07-27,2026-07-27 11:33:41.579000-03:00,,2026-07-27 13:25:48.959000-03:00,112.123,used,6804
Becas personal,Becas Nodocentes,False,2026-07-27,2026-07-27 08:29:45.377000-03:00,,2026-07-27 13:25:51.322000-03:00,296.09908333333334,used,6805
Becas personal,Becas Nodocentes,False,2026-07-27,2026-07-27 11:17:51.055000-03:00,,2026-07-27 13:26:13.317000-03:00,128.37103333333332,used,6807
Becas personal,Becas Nodocentes,False,2026-07-27,2026-07-27 10:22:06.222000-03:00,,2026-07-27 13:26:58.025000-03:00,184.86338333333333,used,6813
Becas personal,Becas Nodocentes,False,2026-07-27,2026-07-27 09:28:16.705000-03:00,,2026-07-27 13:29:01.680000-03:00,240.74958333333333,used,6824
Becas personal,Becas Nodocentes,False,2026-07-27,2026-07-27 08:01:50.494000-03:00,,2026-07-27 13:31:09.330000-03:00,329.3139333333333,used,6830
Becas personal,Becas Nodocentes,False,2026-07-27,2026-07-27 08:02:18.618000-03:00,,2026-07-27 13:31:11.117000-03:00,328.8749833333333,used,6831
Becas personal,Becas Nodocentes,False,2026-07-27,2026-07-27 09:03:31.746000-03:00,,2026-07-27 13:32:34.182000-03:00,269.0406,used,6834
Becas personal,Becas Nodocentes,False,2026-07-27,2026-07-27 09:10:37.753000-03:00,,2026-07-27 13:33:17.127000-03:00,262.6562333333333,used,6838
Becas personal,Becas Nodocentes,False,2026-07-27,2026-07-27 08:24:38.892000-03:00,,2026-07-27 13:36:29.822000-03:00,311.84883333333335,used,6853
Becas personal,Becas Nodocentes,False,2026-07-27,2026-07-27 08:27:09.808000-03:00,,2026-07-27 13:39:26.039000-03:00,312.27051666666665,used,6870
Becas personal,Becas Nodocentes,False,2026-07-27,2026-07-27 09:14:24.163000-03:00,,2026-07-27 13:46:12.547000-03:00,271.8064,used,6901
Becas personal,Becas Nodocentes,False,2026-07-27,2026-07-27 09:06:33.291000-03:00,,2026-07-27 13:46:20.504000-03:00,279.7868833333333,used,6904
Becas personal,Becas Nodocentes,False,2026-07-27,2026-07-27 08:07:56.670000-03:00,,2026-07-27 13:47:03-03:00,339.1055,used,6907
Becas personal,Becas Nodocentes,False,2026-07-27,2026-07-27 09:28:57.818000-03:00,,2026-07-27 13:48:04.314000-03:00,259.1082666666667,used,6909
Becas personal,Becas Nodocentes,False,2026-07-27,2026-07-27 09:41:20.235000-03:00,,2026-07-27 13:48:29.106000-03:00,247.14784999999998,used,6913
Becas personal,Becas Nodocentes,False,2026-07-27,2026-07-27 09:02:20.224000-03:00,,2026-07-27 13:48:33.195000-03:00,286.21618333333333,used,6914
Becas personal,Becas Nodocentes,False,2026-07-27,2026-07-27 09:30:53.098000-03:00,,2026-07-27 13:52:00.228000-03:00,261.1188333333333,used,6927
Becas personal,Becas Nodocentes,False,2026-07-27,2026-07-27 08:38:20.415000-03:00,,2026-07-27 13:53:31.999000-03:00,315.19306666666665,used,6937
Becas personal,Becas Nodocentes,False,2026-07-27,2026-07-27 08:52:54.716000-03:00,,2026-07-27 13:55:25.867000-03:00,302.5191833333334,used,6942
Becas personal,Becas Nodocentes,False,2026-07-27,2026-07-27 08:17:43.771000-03:00,,2026-07-27 13:55:59.779000-03:00,338.26680000000005,used,6948
Becas personal,Becas Nodocentes,False,2026-07-27,2026-07-27 08:59:23.259000-03:00,,2026-07-27 14:00:40.565000-03:00,301.28843333333333,used,6966
Becas personal,Becas Nodocentes,False,2026-07-27,2026-07-27 09:13:49.405000-03:00,,2026-07-27 14:08:21.168000-03:00,294.5293833333333,used,6994
Becas personal,Becas Nodocentes,False,2026-07-27,2026-07-27 08:21:54.131000-03:00,,2026-07-27 14:13:11.294000-03:00,351.28605,used,7013
Becas personal,Becas Nodocentes,False,2026-07-27,2026-07-27 08:14:07.631000-03:00,,2026-07-27 14:13:38.139000-03:00,359.5084666666667,used,7018
Becas personal,Becas Nodocentes,False,2026-07-27,2026-07-27 10:26:12.123000-03:00,,2026-07-27 14:17:35.170000-03:00,231.38411666666667,used,7023
Becas personal,Becas Nodocentes,False,2026-07-27,2026-07-27 08:03:59.715000-03:00,,2026-07-27 14:18:03.494000-03:00,374.0629833333333,used,7025
Becas personal,Becas Nodocentes,False,2026-07-27,2026-07-27 10:00:39.444000-03:00,,2026-07-27 14:21:26.113000-03:00,260.77781666666664,used,7048
Becas personal,Becas Nodocentes,False,2026-07-27,2026-07-27 09:03:51.257000-03:00,,2026-07-27 14:22:49.423000-03:00,318.96943333333337,used,7054
Becas personal,Becas Nodocentes,False,2026-07-28,2026-07-28 10:32:23.221000-03:00,,2026-07-28 12:00:40.473000-03:00,88.28753333333334,used,7090
Becas personal,Becas Nodocentes,False,2026-07-28,2026-07-28 09:15:32.980000-03:00,,2026-07-28 12:00:42.818000-03:00,165.16396666666665,used,7091
Becas personal,Becas Nodocentes,False,2026-07-28,2026-07-28 10:34:35.177000-03:00,,2026-07-28 12:00:45.391000-03:00,86.17023333333333,used,7092
Becas personal,Becas Nodocentes,False,2026-07-28,2026-07-28 08:59:05.270000-03:00,,2026-07-28 12:02:40.057000-03:00,183.57978333333332,used,7113
Becas personal,Becas Nodocentes,False,2026-07-28,2026-07-28 08:00:29.089000-03:00,,2026-07-28 12:06:29.645000-03:00,246.00926666666666,used,7151
Becas personal,Becas Nodocentes,False,2026-07-28,2026-07-28 08:29:31.744000-03:00,,2026-07-28 12:09:18.709000-03:00,219.78275,used,7177
Becas personal,Becas Nodocentes,False,2026-07-28,2026-07-28 08:22:24.823000-03:00,,2026-07-28 12:10:10.784000-03:00,227.76601666666664,used,7179
Becas personal,Becas Nodocentes,False,2026-07-28,2026-07-28 10:01:00.923000-03:00,,2026-07-28 12:17:33.344000-03:00,136.54035000000002,used,7223
Becas personal,Becas Nodocentes,False,2026-07-28,2026-07-28 08:01:23.194000-03:00,,2026-07-28 12:19:46.771000-03:00,258.39295,used,7239
Becas personal,Becas Nodocentes,False,2026-07-28,2026-07-28 08:00:44.897000-03:00,,2026-07-28 12:19:49.055000-03:00,259.0693,used,7240
Becas personal,Becas Nodocentes,False,2026-07-28,2026-07-28 10:23:26.212000-03:00,,2026-07-28 12:28:20.215000-03:00,124.90005,used,7290
Becas personal,Becas Nodocentes,False,2026-07-28,2026-07-28 08:58:13.527000-03:00,,2026-07-28 12:31:54.961000-03:00,213.69056666666665,used,7306
Becas personal,Becas Nodocentes,False,2026-07-28,2026-07-28 09:10:50.649000-03:00,,2026-07-28 12:34:05.046000-03:00,203.23995000000002,used,7326
Becas personal,Becas Nodocentes,False,2026-07-28,2026-07-28 08:30:54.668000-03:00,,2026-07-28 12:45:14.421000-03:00,254.32921666666667,used,7396
Becas personal,Becas Nodocentes,False,2026-07-28,2026-07-28 09:59:38.807000-03:00,,2026-07-28 12:52:44.371000-03:00,173.09273333333334,used,7426
Becas personal,Becas Nodocentes,False,2026-07-28,2026-07-28 08:46:22.489000-03:00,,2026-07-28 12:52:46.864000-03:00,246.40625,used,7427
Becas personal,Becas Nodocentes,False,2026-07-28,2026-07-28 08:07:33.095000-03:00,,2026-07-28 12:56:02.486000-03:00,288.48985,used,7445
Becas personal,Becas Nodocentes,False,2026-07-28,2026-07-28 10:44:56.596000-03:00,,2026-07-28 12:57:17.790000-03:00,132.35323333333335,used,7458
Becas personal,Becas Nodocentes,False,2026-07-28,2026-07-28 08:19:00.347000-03:00,,2026-07-28 12:59:13.086000-03:00,280.2123166666667,used,7467
Becas personal,Becas Nodocentes,False,2026-07-28,2026-07-28 09:22:02.880000-03:00,,2026-07-28 13:01:32.947000-03:00,219.50111666666666,used,7479
Becas personal,Becas Nodocentes,False,2026-07-28,2026-07-28 09:40:54.786000-03:00,,2026-07-28 13:05:25.127000-03:00,204.50568333333334,used,7510
Becas personal,Becas Nodocentes,False,2026-07-28,2026-07-28 09:22:23.678000-03:00,,2026-07-28 13:05:49.840000-03:00,223.43603333333334,used,7514
Becas personal,Becas Nodocentes,False,2026-07-28,2026-07-28 09:44:50.986000-03:00,,2026-07-28 13:11:23.979000-03:00,206.54988333333333,used,7550
Becas personal,Becas Nodocentes,False,2026-07-28,2026-07-28 09:26:54.420000-03:00,,2026-07-28 13:12:04.258000-03:00,225.16396666666665,used,7557
Becas personal,Becas Nodocentes,False,2026-07-28,2026-07-28 10:24:17.199000-03:00,,2026-07-28 13:12:06.191000-03:00,167.81653333333333,used,7558
Becas personal,Becas Nodocentes,False,2026-07-28,2026-07-28 08:06:43.066000-03:00,,2026-07-28 13:13:15.651000-03:00,306.5430833333333,used,7562
Becas personal,Becas Nodocentes,False,2026-07-28,2026-07-28 08:04:24.981000-03:00,,2026-07-28 13:13:19.109000-03:00,308.9021333333333,used,7563
Becas personal,Becas Nodocentes,False,2026-07-28,2026-07-28 08:20:23.690000-03:00,,2026-07-28 13:13:27.672000-03:00,293.0663666666667,used,7564
Becas personal,Becas Nodocentes,False,2026-07-28,2026-07-28 08:58:39.758000-03:00,,2026-07-28 13:14:01.371000-03:00,255.36021666666664,used,7567
Becas personal,Becas Nodocentes,False,2026-07-28,2026-07-28 09:14:15.160000-03:00,,2026-07-28 13:14:03.987000-03:00,239.81378333333333,used,7568
Becas personal,Becas Nodocentes,False,2026-07-28,2026-07-28 08:42:07.075000-03:00,,2026-07-28 13:14:20.714000-03:00,272.22731666666664,used,7569
Becas personal,Becas Nodocentes,False,2026-07-28,2026-07-28 10:25:34.474000-03:00,,2026-07-28 13:16:34.746000-03:00,171.00453333333334,used,7581
Becas personal,Becas Nodocentes,False,2026-07-28,2026-07-28 10:04:42.675000-03:00,,2026-07-28 13:17:09.131000-03:00,192.44093333333333,used,7582
Becas personal,Becas Nodocentes,False,2026-07-28,2026-07-28 09:18:45.173000-03:00,,2026-07-28 13:18:48.872000-03:00,240.06165000000001,used,7601
Becas personal,Becas Nodocentes,False,2026-07-28,2026-07-28 09:41:22.601000-03:00,,2026-07-28 13:20:50.288000-03:00,219.46144999999999,used,7609
Becas personal,Becas Nodocentes,False,2026-07-28,2026-07-28 08:22:12.562000-03:00,,2026-07-28 13:20:58.973000-03:00,298.7735166666667,used,7610
Becas personal,Becas Nodocentes,False,2026-07-28,2026-07-28 08:08:48.462000-03:00,,2026-07-28 13:23:19.450000-03:00,314.5164666666667,used,7630
Becas personal,Becas Nodocentes,False,2026-07-28,2026-07-28 08:28:07.103000-03:00,,2026-07-28 13:23:23.251000-03:00,295.26913333333334,used,7631
Becas personal,Becas Nodocentes,False,2026-07-28,2026-07-28 09:51:18.061000-03:00,,2026-07-28 13:25:18.895000-03:00,214.0139,used,7635
Becas personal,Becas Nodocentes,False,2026-07-28,2026-07-28 10:02:33.093000-03:00,,2026-07-28 13:25:25.964000-03:00,202.88118333333333,used,7636
Becas personal,Becas Nodocentes,False,2026-07-28,2026-07-28 08:26:49.256000-03:00,,2026-07-28 13:25:48.865000-03:00,298.99348333333336,used,7638
Becas personal,Becas Nodocentes,False,2026-07-28,2026-07-28 08:42:08.283000-03:00,,2026-07-28 13:27:14.511000-03:00,285.1038,used,7645
Becas personal,Becas Nodocentes,False,2026-07-28,2026-07-28 08:23:47.211000-03:00,,2026-07-28 13:29:08.358000-03:00,305.35245000000003,used,7654
Becas personal,Becas Nodocentes,False,2026-07-28,2026-07-28 09:30:51.238000-03:00,,2026-07-28 13:30:02.228000-03:00,239.18316666666666,used,7657
Becas personal,Becas Nodocentes,False,2026-07-28,2026-07-28 08:03:53.418000-03:00,,2026-07-28 13:32:10.295000-03:00,328.28128333333336,used,7667
Becas personal,Becas Nodocentes,False,2026-07-28,2026-07-28 08:46:25.344000-03:00,,2026-07-28 13:35:42.428000-03:00,289.2847333333333,used,7684
Becas personal,Becas Nodocentes,False,2026-07-28,2026-07-28 09:25:10.959000-03:00,,2026-07-28 13:37:54.333000-03:00,252.7229,used,7691
Becas personal,Becas Nodocentes,False,2026-07-28,2026-07-28 10:28:15.089000-03:00,,2026-07-28 13:38:22.655000-03:00,190.1261,used,7697
Becas personal,Becas Nodocentes,False,2026-07-28,2026-07-28 08:16:36.469000-03:00,,2026-07-28 13:40:12.457000-03:00,323.5998,used,7703
Becas personal,Becas Nodocentes,False,2026-07-28,2026-07-28 08:37:29.723000-03:00,,2026-07-28 13:43:14.962000-03:00,305.75398333333334,used,7716
Becas personal,Becas Nodocentes,False,2026-07-28,2026-07-28 08:52:24.057000-03:00,,2026-07-28 13:44:06.235000-03:00,291.70296666666667,used,7719
Becas personal,Becas Nodocentes,False,2026-07-28,2026-07-28 08:42:09.835000-03:00,,2026-07-28 13:49:44.621000-03:00,307.57976666666667,used,7744
Becas personal,Becas Nodocentes,False,2026-07-28,2026-07-28 09:08:13.218000-03:00,,2026-07-28 13:52:28.200000-03:00,284.2497,used,7757
Becas personal,Becas Nodocentes,False,2026-07-28,2026-07-28 08:33:59.228000-03:00,,2026-07-28 13:52:44.365000-03:00,318.7522833333333,used,7758
Becas personal,Becas Nodocentes,False,2026-07-28,2026-07-28 10:29:40.466000-03:00,,2026-07-28 13:53:12.454000-03:00,203.53313333333332,used,7762
Becas personal,Becas Nodocentes,False,2026-07-28,2026-07-28 08:11:27.916000-03:00,,2026-07-28 13:56:39.730000-03:00,345.19689999999997,used,7777
Becas personal,Becas Nodocentes,False,2026-07-28,2026-07-28 08:11:00.288000-03:00,,2026-07-28 13:56:41.865000-03:00,345.69295,used,7778
Becas personal,Becas Nodocentes,False,2026-07-28,2026-07-28 10:04:59.591000-03:00,,2026-07-28 13:58:51.266000-03:00,233.86124999999998,used,7787
Becas personal,Becas Nodocentes,False,2026-07-28,2026-07-28 09:43:33.071000-03:00,,2026-07-28 14:03:00.515000-03:00,259.4574,used,7795
Becas personal,Becas Nodocentes,False,2026-07-28,2026-07-28 08:29:19.947000-03:00,,2026-07-28 14:08:27.664000-03:00,339.1286166666667,used,7818
Becas personal,Becas Nodocentes,False,2026-07-28,2026-07-28 08:37:01.373000-03:00,,2026-07-28 14:14:32.606000-03:00,337.52055,used,7853
Becas personal,Becas Nodocentes,False,2026-07-28,2026-07-28 10:09:34.631000-03:00,,2026-07-28 14:15:25.563000-03:00,245.84886666666668,used,7860
Becas personal,Becas Nodocentes,False,2026-07-28,2026-07-28 08:25:58.002000-03:00,,2026-07-28 14:18:17.246000-03:00,352.3207333333333,used,7873
Becas personal,Becas Nodocentes,False,2026-07-28,2026-07-28 10:14:08.398000-03:00,,2026-07-28 14:21:14.416000-03:00,247.1003,used,7881
Becas personal,Becas Nodocentes,False,2026-07-28,2026-07-28 08:27:48.855000-03:00,,2026-07-28 14:23:10.907000-03:00,355.3675333333333,used,7885
Becas personal,Becas Nodocentes,False,2026-07-29,2026-07-29 09:47:58.211000-03:00,,2026-07-29 12:02:34.053000-03:00,134.59736666666666,used,7913
Becas personal,Becas Nodocentes,False,2026-07-29,2026-07-29 08:14:01.720000-03:00,,2026-07-29 12:02:36.637000-03:00,228.58194999999998,used,7914
Becas personal,Becas Nodocentes,False,2026-07-29,2026-07-29 08:11:15.296000-03:00,,2026-07-29 12:02:52.506000-03:00,231.62016666666665,used,7919
Becas personal,Becas Nodocentes,False,2026-07-29,2026-07-29 08:46:21.411000-03:00,,2026-07-29 12:15:16.438000-03:00,208.91711666666666,used,8048
Becas personal,Becas Nodocentes,False,2026-07-29,2026-07-29 09:10:21.084000-03:00,,2026-07-29 12:15:58.364000-03:00,185.62133333333335,used,8057
Becas personal,Becas Nodocentes,False,2026-07-29,2026-07-29 08:04:44.041000-03:00,,2026-07-29 12:20:00.501000-03:00,255.27433333333332,used,8092
Becas personal,Becas Nodocentes,False,2026-07-29,2026-07-29 10:19:33.675000-03:00,,2026-07-29 12:20:44.761000-03:00,121.18476666666668,used,8094
Becas personal,Becas Nodocentes,False,2026-07-29,2026-07-29 08:56:44.607000-03:00,,2026-07-29 12:28:33.318000-03:00,211.81185,used,8120
Becas personal,Becas Nodocentes,False,2026-07-29,2026-07-29 09:40:45.592000-03:00,,2026-07-29 12:28:41.122000-03:00,167.9255,used,8123
Becas personal,Becas Nodocentes,False,2026-07-29,2026-07-29 09:04:37.120000-03:00,,2026-07-29 12:36:23.005000-03:00,211.76475,used,8158
Becas personal,Becas Nodocentes,False,2026-07-29,2026-07-29 10:23:55.702000-03:00,,2026-07-29 12:40:20.783000-03:00,136.41801666666666,used,8183
Becas personal,Becas Nodocentes,False,2026-07-29,2026-07-29 10:24:30.954000-03:00,,2026-07-29 12:40:24.349000-03:00,135.88991666666666,used,8184
Becas personal,Becas Nodocentes,False,2026-07-29,2026-07-29 08:25:37.520000-03:00,,2026-07-29 12:40:29.512000-03:00,254.86653333333334,used,8185
Becas personal,Becas Nodocentes,False,2026-07-29,2026-07-29 09:42:52.684000-03:00,,2026-07-29 12:42:13.834000-03:00,179.3525,used,8187
Becas personal,Becas Nodocentes,False,2026-07-29,2026-07-29 08:52:05.790000-03:00,,2026-07-29 12:43:23.362000-03:00,231.29286666666667,used,8190
Becas personal,Becas Nodocentes,False,2026-07-29,2026-07-29 08:30:00.168000-03:00,,2026-07-29 12:43:37.985000-03:00,253.63028333333332,used,8191
Becas personal,Becas Nodocentes,False,2026-07-29,2026-07-29 08:44:34.746000-03:00,,2026-07-29 12:52:33.470000-03:00,247.97873333333334,used,8235
Becas personal,Becas Nodocentes,False,2026-07-29,2026-07-29 08:25:12.873000-03:00,,2026-07-29 12:52:35.540000-03:00,267.3777833333333,used,8236
Becas personal,Becas Nodocentes,False,2026-07-29,2026-07-29 09:19:28.550000-03:00,,2026-07-29 12:54:07.839000-03:00,214.65481666666668,used,8243
Becas personal,Becas Nodocentes,False,2026-07-29,2026-07-29 08:27:55.218000-03:00,,2026-07-29 12:56:06.289000-03:00,268.18451666666664,used,8251
Becas personal,Becas Nodocentes,False,2026-07-29,2026-07-29 08:42:39.200000-03:00,,2026-07-29 13:05:32.617000-03:00,262.89028333333334,used,8287
Becas personal,Becas Nodocentes,False,2026-07-29,2026-07-29 08:02:31.841000-03:00,,2026-07-29 13:05:35.583000-03:00,303.06236666666666,used,8288
Becas personal,Becas Nodocentes,False,2026-07-29,2026-07-29 08:32:40.343000-03:00,,2026-07-29 13:07:33.504000-03:00,274.88601666666665,used,8300
Becas personal,Becas Nodocentes,False,2026-07-29,2026-07-29 08:02:06.078000-03:00,,2026-07-29 13:09:31.500000-03:00,307.4237,used,8315
Becas personal,Becas Nodocentes,False,2026-07-29,2026-07-29 09:34:40.235000-03:00,,2026-07-29 13:09:52.158000-03:00,215.19871666666668,used,8316
Becas personal,Becas Nodocentes,False,2026-07-29,2026-07-29 08:01:07.859000-03:00,,2026-07-29 13:10:37.903000-03:00,309.50073333333336,used,8321
Becas personal,Becas Nodocentes,False,2026-07-29,2026-07-29 08:03:22.745000-03:00,,2026-07-29 13:10:40.147000-03:00,307.2900333333333,used,8322
Becas personal,Becas Nodocentes,False,2026-07-29,2026-07-29 08:05:31.027000-03:00,,2026-07-29 13:10:42.725000-03:00,305.1949666666667,used,8323
Becas personal,Becas Nodocentes,False,2026-07-29,2026-07-29 09:33:54.092000-03:00,,2026-07-29 13:12:41.433000-03:00,218.78901666666667,used,8333
Becas personal,Becas Nodocentes,False,2026-07-29,2026-07-29 09:30:57.792000-03:00,,2026-07-29 13:15:20.125000-03:00,224.37221666666667,used,8342
Becas personal,Becas Nodocentes,False,2026-07-29,2026-07-29 09:53:05.912000-03:00,,2026-07-29 13:16:59.182000-03:00,203.88783333333333,used,8343
Becas personal,Becas Nodocentes,False,2026-07-29,2026-07-29 08:37:20.317000-03:00,,2026-07-29 13:20:47.094000-03:00,283.4462833333333,used,8365
Becas personal,Becas Nodocentes,False,2026-07-29,2026-07-29 09:22:16.834000-03:00,,2026-07-29 13:21:45.340000-03:00,239.4751,used,8369
Becas personal,Becas Nodocentes,False,2026-07-29,2026-07-29 10:18:12.362000-03:00,,2026-07-29 13:21:48.050000-03:00,183.5948,used,8370
Becas personal,Becas Nodocentes,False,2026-07-29,2026-07-29 08:17:52.189000-03:00,,2026-07-29 13:21:51.261000-03:00,303.98453333333333,used,8371
Becas personal,Becas Nodocentes,False,2026-07-29,2026-07-29 09:09:48.018000-03:00,,2026-07-29 13:23:11.672000-03:00,253.39423333333335,used,8380
Becas personal,Becas Nodocentes,False,2026-07-29,2026-07-29 10:30:17.098000-03:00,,2026-07-29 13:23:13.457000-03:00,172.93931666666668,used,8381
Becas personal,Becas Nodocentes,False,2026-07-29,2026-07-29 10:32:35.390000-03:00,,2026-07-29 13:23:47.408000-03:00,171.2003,used,8385
Becas personal,Becas Nodocentes,False,2026-07-29,2026-07-29 09:35:46.681000-03:00,,2026-07-29 13:25:18.825000-03:00,229.53573333333333,used,8398
Becas personal,Becas Nodocentes,False,2026-07-29,2026-07-29 08:12:58.875000-03:00,,2026-07-29 13:25:34.948000-03:00,312.6012166666667,used,8399
Becas personal,Becas Nodocentes,False,2026-07-29,2026-07-29 09:37:21.272000-03:00,,2026-07-29 13:26:08.431000-03:00,228.78598333333332,used,8404
Becas personal,Becas Nodocentes,False,2026-07-29,2026-07-29 10:36:03.878000-03:00,,2026-07-29 13:26:10.651000-03:00,170.11288333333331,used,8405
Becas personal,Becas Nodocentes,False,2026-07-29,2026-07-29 09:10:38.115000-03:00,,2026-07-29 13:26:51.079000-03:00,256.2160666666667,used,8407
Becas personal,Becas Nodocentes,False,2026-07-29,2026-07-29 08:34:51.552000-03:00,,2026-07-29 13:28:12.343000-03:00,293.3465166666667,used,8416
Becas personal,Becas Nodocentes,False,2026-07-29,2026-07-29 10:31:09.764000-03:00,,2026-07-29 13:33:08.576000-03:00,181.9802,used,8437
Becas personal,Becas Nodocentes,False,2026-07-29,2026-07-29 08:54:15.087000-03:00,,2026-07-29 13:33:28.783000-03:00,279.2282666666667,used,8440
Becas personal,Becas Nodocentes,False,2026-07-29,2026-07-29 08:20:01.924000-03:00,,2026-07-29 13:35:02.416000-03:00,315.0082,used,8447
Becas personal,Becas Nodocentes,False,2026-07-29,2026-07-29 08:08:10.501000-03:00,,2026-07-29 13:35:07.083000-03:00,326.9430333333333,used,8448
Becas personal,Becas Nodocentes,False,2026-07-29,2026-07-29 08:11:46.445000-03:00,,2026-07-29 13:42:25.031000-03:00,330.6431,used,8464
Becas personal,Becas Nodocentes,False,2026-07-29,2026-07-29 08:02:20.101000-03:00,,2026-07-29 13:45:19.293000-03:00,342.98653333333334,used,8478
Becas personal,Becas Nodocentes,False,2026-07-29,2026-07-29 08:02:44.080000-03:00,,2026-07-29 13:45:20.535000-03:00,342.60758333333337,used,8479
Becas personal,Becas Nodocentes,False,2026-07-29,2026-07-29 09:31:12.933000-03:00,,2026-07-29 13:45:27.036000-03:00,254.23504999999997,used,8480
Becas personal,Becas Nodocentes,False,2026-07-29,2026-07-29 09:43:45.060000-03:00,,2026-07-29 13:54:17.247000-03:00,250.53645,used,8512
Becas personal,Becas Nodocentes,False,2026-07-29,2026-07-29 09:32:35.671000-03:00,,2026-07-29 13:56:08.251000-03:00,263.543,used,8520
Becas personal,Becas Nodocentes,False,2026-07-29,2026-07-29 10:20:49.697000-03:00,,2026-07-29 13:58:08.206000-03:00,217.30848333333333,used,8526
Becas personal,Becas Nodocentes,False,2026-07-29,2026-07-29 08:46:21.255000-03:00,,2026-07-29 14:07:13.354000-03:00,320.86831666666666,used,8554
Becas personal,Becas Nodocentes,False,2026-07-29,2026-07-29 09:50:01.340000-03:00,,2026-07-29 14:09:31.570000-03:00,259.5038333333333,used,8564
Becas personal,Becas Nodocentes,False,2026-07-29,2026-07-29 10:32:25.505000-03:00,,2026-07-29 14:14:21.315000-03:00,221.93016666666665,used,8582
Becas personal,Becas Nodocentes,False,2026-07-29,2026-07-29 08:13:43.960000-03:00,,2026-07-29 14:15:11.835000-03:00,361.46458333333334,used,8585
Becas personal,Becas Nodocentes,False,2026-07-29,2026-07-29 08:47:14.821000-03:00,,2026-07-29 14:15:22.587000-03:00,328.12943333333334,used,8586
Becas personal,Becas Nodocentes,False,2026-07-29,2026-07-29 08:49:16.678000-03:00,,2026-07-29 14:17:22.773000-03:00,328.10158333333334,used,8595
Becas personal,Becas Nodocentes,False,2026-07-29,2026-07-29 08:38:56.880000-03:00,,2026-07-29 14:19:08.910000-03:00,340.2005,used,8606
Becas personal,Becas Nodocentes,False,2026-07-29,2026-07-29 09:43:46.222000-03:00,,2026-07-29 14:24:57.899000-03:00,281.19461666666666,used,8625
Becas personal,Becas Nodocentes,False,2026-07-29,2026-07-29 10:52:55.953000-03:00,,2026-07-29 14:27:30.312000-03:00,214.57265,used,8637
Becas personal,Becas Nodocentes,False,2026-07-30,2026-07-30 10:14:12.070000-03:00,,2026-07-30 12:00:41.614000-03:00,106.4924,used,8657
Becas personal,Becas Nodocentes,False,2026-07-30,2026-07-30 08:06:10.252000-03:00,,2026-07-30 12:00:44.804000-03:00,234.57586666666666,used,8658
Becas personal,Becas Nodocentes,False,2026-07-30,2026-07-30 09:47:45.199000-03:00,,2026-07-30 12:00:47.407000-03:00,133.0368,used,8659
Becas personal,Becas Nodocentes,False,2026-07-30,2026-07-30 08:16:45.977000-03:00,,2026-07-30 12:05:05.396000-03:00,228.32365,used,8708
Becas personal,Becas Nodocentes,False,2026-07-30,2026-07-30 08:06:34.586000-03:00,,2026-07-30 12:06:48.928000-03:00,240.23903333333334,used,8717
Becas personal,Becas Nodocentes,False,2026-07-30,2026-07-30 10:23:03.089000-03:00,,2026-07-30 12:06:54.593000-03:00,103.8584,used,8719
Becas personal,Becas Nodocentes,False,2026-07-30,2026-07-30 09:12:40.891000-03:00,,2026-07-30 12:07:15.096000-03:00,174.57008333333334,used,8724
Becas personal,Becas Nodocentes,False,2026-07-30,2026-07-30 08:58:45.896000-03:00,,2026-07-30 12:21:35.689000-03:00,202.82988333333333,used,8812
Becas personal,Becas Nodocentes,False,2026-07-30,2026-07-30 08:46:30.916000-03:00,,2026-07-30 12:22:42.870000-03:00,216.19923333333332,used,8821
Becas personal,Becas Nodocentes,False,2026-07-30,2026-07-30 10:06:48.510000-03:00,,2026-07-30 12:31:06.651000-03:00,144.30235,used,8847
Becas personal,Becas Nodocentes,False,2026-07-30,2026-07-30 08:06:55.189000-03:00,,2026-07-30 12:34:42.941000-03:00,267.79586666666665,used,8861
Becas personal,Becas Nodocentes,False,2026-07-30,2026-07-30 08:08:24.925000-03:00,,2026-07-30 12:34:46.017000-03:00,266.35153333333335,used,8862
Becas personal,Becas Nodocentes,False,2026-07-30,2026-07-30 09:28:44.773000-03:00,,2026-07-30 12:39:56.223000-03:00,191.19083333333336,used,8900
Becas personal,Becas Nodocentes,False,2026-07-30,2026-07-30 08:43:32.665000-03:00,,2026-07-30 12:51:46.251000-03:00,248.22643333333332,used,8955
Becas personal,Becas Nodocentes,False,2026-07-30,2026-07-30 09:18:48.906000-03:00,,2026-07-30 12:54:41.636000-03:00,215.87883333333332,used,8970
Becas personal,Becas Nodocentes,False,2026-07-30,2026-07-30 08:42:46.343000-03:00,,2026-07-30 12:56:32.325000-03:00,253.76636666666667,used,8978
Becas personal,Becas Nodocentes,False,2026-07-30,2026-07-30 08:07:12.965000-03:00,,2026-07-30 12:57:52.288000-03:00,290.65538333333336,used,8989
Becas personal,Becas Nodocentes,False,2026-07-30,2026-07-30 09:04:37.694000-03:00,,2026-07-30 13:09:55.211000-03:00,245.29194999999999,used,9051
Becas personal,Becas Nodocentes,False,2026-07-30,2026-07-30 08:20:30.120000-03:00,,2026-07-30 13:10:53.222000-03:00,290.3850333333333,used,9059
Becas personal,Becas Nodocentes,False,2026-07-30,2026-07-30 08:32:31.974000-03:00,,2026-07-30 13:10:59.375000-03:00,278.4566833333334,used,9060
Becas personal,Becas Nodocentes,False,2026-07-30,2026-07-30 08:27:56.451000-03:00,,2026-07-30 13:13:11.630000-03:00,285.25298333333336,used,9078
Becas personal,Becas Nodocentes,False,2026-07-30,2026-07-30 09:34:25.565000-03:00,,2026-07-30 13:13:20.840000-03:00,218.92125,used,9080
Becas personal,Becas Nodocentes,False,2026-07-30,2026-07-30 08:38:01.062000-03:00,,2026-07-30 13:14:00.932000-03:00,275.9978333333333,used,9086
Becas personal,Becas Nodocentes,False,2026-07-30,2026-07-30 10:55:29.831000-03:00,,2026-07-30 13:14:07.087000-03:00,138.6209333333333,used,9088
Becas personal,Becas Nodocentes,False,2026-07-30,2026-07-30 09:31:35.306000-03:00,,2026-07-30 13:14:10.488000-03:00,222.5863666666667,used,9089
Becas personal,Becas Nodocentes,False,2026-07-30,2026-07-30 10:09:11.567000-03:00,,2026-07-30 13:14:15.731000-03:00,185.0694,used,9090
Becas personal,Becas Nodocentes,False,2026-07-30,2026-07-30 09:44:15.403000-03:00,,2026-07-30 13:14:31.325000-03:00,210.26536666666667,used,9091
Becas personal,Becas Nodocentes,False,2026-07-30,2026-07-30 08:18:15.679000-03:00,,2026-07-30 13:15:15.500000-03:00,296.99701666666664,used,9094
Becas personal,Becas Nodocentes,False,2026-07-30,2026-07-30 08:46:26.156000-03:00,,2026-07-30 13:15:58.164000-03:00,269.53346666666664,used,9102
Becas personal,Becas Nodocentes,False,2026-07-30,2026-07-30 09:14:51.266000-03:00,,2026-07-30 13:16:01.666000-03:00,241.17333333333332,used,9103
Becas personal,Becas Nodocentes,False,2026-07-30,2026-07-30 09:03:33.660000-03:00,,2026-07-30 13:17:42.081000-03:00,254.14035,used,9111
Becas personal,Becas Nodocentes,False,2026-07-30,2026-07-30 08:55:30.172000-03:00,,2026-07-30 13:18:03.570000-03:00,262.5566333333333,used,9113
Becas personal,Becas Nodocentes,False,2026-07-30,2026-07-30 10:06:15.997000-03:00,,2026-07-30 13:21:53.279000-03:00,195.62136666666666,used,9145
Becas personal,Becas Nodocentes,False,2026-07-30,2026-07-30 09:01:15.936000-03:00,,2026-07-30 13:24:49.945000-03:00,263.5668166666667,used,9161
Becas personal,Becas Nodocentes,False,2026-07-30,2026-07-30 08:31:16.576000-03:00,,2026-07-30 13:26:00.416000-03:00,294.73066666666665,used,9168
Becas personal,Becas Nodocentes,False,2026-07-30,2026-07-30 08:45:12.002000-03:00,,2026-07-30 13:26:19.157000-03:00,281.11924999999997,used,9170
Becas personal,Becas Nodocentes,False,2026-07-30,2026-07-30 10:50:40.955000-03:00,,2026-07-30 13:29:02.195000-03:00,158.35399999999998,used,9178
Becas personal,Becas Nodocentes,False,2026-07-30,2026-07-30 08:49:39.485000-03:00,,2026-07-30 13:29:42.443000-03:00,280.04929999999996,used,9186
Becas personal,Becas Nodocentes,False,2026-07-30,2026-07-30 08:06:50.164000-03:00,,2026-07-30 13:34:11.682000-03:00,327.35863333333333,used,9216
Becas personal,Becas Nodocentes,False,2026-07-30,2026-07-30 10:40:14.873000-03:00,,2026-07-30 13:37:38.103000-03:00,177.38716666666667,used,9233
Becas personal,Becas Nodocentes,False,2026-07-30,2026-07-30 08:39:53.925000-03:00,,2026-07-30 13:38:45.688000-03:00,298.86271666666664,used,9246
Becas personal,Becas Nodocentes,False,2026-07-30,2026-07-30 09:15:53.619000-03:00,,2026-07-30 13:39:37.886000-03:00,263.7377833333333,used,9247
Becas personal,Becas Nodocentes,False,2026-07-30,2026-07-30 09:16:38.069000-03:00,,2026-07-30 13:39:43.979000-03:00,263.0985,used,9248
Becas personal,Becas Nodocentes,False,2026-07-30,2026-07-30 09:40:47.855000-03:00,,2026-07-30 13:45:38.108000-03:00,244.83755000000002,used,9293
Becas personal,Becas Nodocentes,False,2026-07-30,2026-07-30 08:05:03.803000-03:00,,2026-07-30 13:49:21.094000-03:00,344.28818333333334,used,9315
Becas personal,Becas Nodocentes,False,2026-07-30,2026-07-30 08:08:07.837000-03:00,,2026-07-30 13:49:23.971000-03:00,341.2689,used,9316
Becas personal,Becas Nodocentes,False,2026-07-30,2026-07-30 08:07:19.844000-03:00,,2026-07-30 13:52:38.289000-03:00,345.30741666666665,used,9328
Becas personal,Becas Nodocentes,False,2026-07-30,2026-07-30 08:19:19.774000-03:00,,2026-07-30 13:58:14.913000-03:00,338.9189833333333,used,9345
Becas personal,Becas Nodocentes,False,2026-07-30,2026-07-30 10:53:08.170000-03:00,,2026-07-30 14:01:19.937000-03:00,188.19611666666665,used,9362
Becas personal,Becas Nodocentes,False,2026-07-30,2026-07-30 10:50:31.405000-03:00,,2026-07-30 14:02:17.235000-03:00,191.76383333333334,used,9364
Becas personal,Becas Nodocentes,False,2026-07-30,2026-07-30 09:59:56.025000-03:00,,2026-07-30 14:08:04.472000-03:00,248.14078333333333,used,9387
Becas personal,Becas Nodocentes,False,2026-07-30,2026-07-30 09:14:08.976000-03:00,,2026-07-30 14:14:21.003000-03:00,300.20045,used,9416
Becas personal,Becas Nodocentes,False,2026-07-30,2026-07-30 08:51:08.939000-03:00,,2026-07-30 14:15:02.445000-03:00,323.8917666666667,used,9420
Becas personal,Becas Nodocentes,False,2026-07-30,2026-07-30 10:50:27.067000-03:00,,2026-07-30 14:16:00.203000-03:00,205.55226666666667,used,9424
Becas personal,Becas Nodocentes,False,2026-07-30,2026-07-30 08:29:19.904000-03:00,,2026-07-30 14:16:23.747000-03:00,347.06405,used,9426
Becas personal,Becas Nodocentes,False,2026-07-30,2026-07-30 10:20:09.587000-03:00,,2026-07-30 14:17:42.948000-03:00,237.5560166666667,used,9435
Becas personal,Becas Nodocentes,False,2026-07-30,2026-07-30 08:05:33.003000-03:00,,2026-07-30 14:22:07.140000-03:00,376.56895,used,9460
Becas personal,Becas Nodocentes,False,2026-07-31,2026-07-31 10:04:19.341000-03:00,,2026-07-31 12:02:20.824000-03:00,118.02471666666666,used,9497
Becas personal,Becas Nodocentes,False,2026-07-31,2026-07-31 09:40:08.366000-03:00,,2026-07-31 12:02:23.725000-03:00,142.25598333333335,used,9498
Becas personal,Becas Nodocentes,False,2026-07-31,2026-07-31 08:17:47.924000-03:00,,2026-07-31 12:03:39.214000-03:00,225.85483333333335,used,9516
Becas personal,Becas Nodocentes,False,2026-07-31,2026-07-31 08:13:51.611000-03:00,,2026-07-31 12:15:33.873000-03:00,241.7043666666667,used,9631
Becas personal,Becas Nodocentes,False,2026-07-31,2026-07-31 10:11:45.423000-03:00,,2026-07-31 12:17:56.737000-03:00,126.18856666666667,used,9656
Becas personal,Becas Nodocentes,False,2026-07-31,2026-07-31 09:27:21.834000-03:00,,2026-07-31 12:19:04.799000-03:00,171.71608333333333,used,9666
Becas personal,Becas Nodocentes,False,2026-07-31,2026-07-31 08:12:10.022000-03:00,,2026-07-31 12:36:47.389000-03:00,264.62278333333336,used,9754
Becas personal,Becas Nodocentes,False,2026-07-31,2026-07-31 09:15:01.543000-03:00,,2026-07-31 12:36:50.070000-03:00,201.80878333333334,used,9755
Becas personal,Becas Nodocentes,False,2026-07-31,2026-07-31 09:15:39.867000-03:00,,2026-07-31 12:36:52.374000-03:00,201.20845,used,9756
Becas personal,Becas Nodocentes,False,2026-07-31,2026-07-31 08:15:00.638000-03:00,,2026-07-31 12:38:16.934000-03:00,263.2716,used,9766
Becas personal,Becas Nodocentes,False,2026-07-31,2026-07-31 08:16:10.407000-03:00,,2026-07-31 12:40:49.478000-03:00,264.65118333333334,used,9788
Becas personal,Becas Nodocentes,False,2026-07-31,2026-07-31 10:41:45.011000-03:00,,2026-07-31 12:44:43.711000-03:00,122.97833333333332,used,9811
Becas personal,Becas Nodocentes,False,2026-07-31,2026-07-31 08:09:20.207000-03:00,,2026-07-31 12:44:47.419000-03:00,275.4535333333333,used,9812
Becas personal,Becas Nodocentes,False,2026-07-31,2026-07-31 08:58:49.317000-03:00,,2026-07-31 12:46:35.600000-03:00,227.77138333333332,used,9820
Becas personal,Becas Nodocentes,False,2026-07-31,2026-07-31 08:20:58.558000-03:00,,2026-07-31 12:48:45.842000-03:00,267.7880666666667,used,9834
Becas personal,Becas Nodocentes,False,2026-07-31,2026-07-31 08:42:47.273000-03:00,,2026-07-31 12:49:02.374000-03:00,246.25168333333335,used,9838
Becas personal,Becas Nodocentes,False,2026-07-31,2026-07-31 09:43:56.615000-03:00,,2026-07-31 12:54:39.925000-03:00,190.72183333333334,used,9870
Becas personal,Becas Nodocentes,False,2026-07-31,2026-07-31 08:48:42.933000-03:00,,2026-07-31 12:55:01.896000-03:00,246.31605,used,9874
Becas personal,Becas Nodocentes,False,2026-07-31,2026-07-31 08:08:16.555000-03:00,,2026-07-31 12:56:58.948000-03:00,288.70655,used,9887
Becas personal,Becas Nodocentes,False,2026-07-31,2026-07-31 08:23:48.658000-03:00,,2026-07-31 12:59:52.755000-03:00,276.06828333333334,used,9897
Becas personal,Becas Nodocentes,False,2026-07-31,2026-07-31 09:34:49.171000-03:00,,2026-07-31 13:01:44.142000-03:00,206.91618333333332,used,9906
Becas personal,Becas Nodocentes,False,2026-07-31,2026-07-31 08:45:56.698000-03:00,,2026-07-31 13:04:25.116000-03:00,258.47363333333334,used,9916
Becas personal,Becas Nodocentes,False,2026-07-31,2026-07-31 09:30:51.280000-03:00,,2026-07-31 13:07:43.619000-03:00,216.87231666666668,used,9933
Becas personal,Becas Nodocentes,False,2026-07-31,2026-07-31 10:03:52.532000-03:00,,2026-07-31 13:08:56.708000-03:00,185.06959999999998,used,9940
Becas personal,Becas Nodocentes,False,2026-07-31,2026-07-31 09:02:09.627000-03:00,,2026-07-31 13:08:59.651000-03:00,246.83373333333333,used,9941
Becas personal,Becas Nodocentes,False,2026-07-31,2026-07-31 09:13:41.870000-03:00,,2026-07-31 13:09:41.239000-03:00,235.98948333333334,used,9945
Becas personal,Becas Nodocentes,False,2026-07-31,2026-07-31 08:18:51.705000-03:00,,2026-07-31 13:09:59.223000-03:00,291.1253,used,9948
Becas personal,Becas Nodocentes,False,2026-07-31,2026-07-31 08:45:11.536000-03:00,,2026-07-31 13:15:21.622000-03:00,270.1681,used,9985
Becas personal,Becas Nodocentes,False,2026-07-31,2026-07-31 09:01:04.887000-03:00,,2026-07-31 13:16:07.978000-03:00,255.05151666666669,used,9988
Becas personal,Becas Nodocentes,False,2026-07-31,2026-07-31 08:25:25.044000-03:00,,2026-07-31 13:17:35.974000-03:00,292.18216666666666,used,10004
Becas personal,Becas Nodocentes,False,2026-07-31,2026-07-31 08:05:44.741000-03:00,,2026-07-31 13:21:05.805000-03:00,315.35106666666667,used,10024
Becas personal,Becas Nodocentes,False,2026-07-31,2026-07-31 08:09:32.196000-03:00,,2026-07-31 13:21:08.912000-03:00,311.61193333333335,used,10025
Becas personal,Becas Nodocentes,False,2026-07-31,2026-07-31 10:03:47.605000-03:00,,2026-07-31 13:21:45.493000-03:00,197.96480000000003,used,10030
Becas personal,Becas Nodocentes,False,2026-07-31,2026-07-31 08:43:59.363000-03:00,,2026-07-31 13:22:28.463000-03:00,278.48499999999996,used,10038
Becas personal,Becas Nodocentes,False,2026-07-31,2026-07-31 08:29:59.567000-03:00,,2026-07-31 13:23:19.826000-03:00,293.33765,used,10048
Becas personal,Becas Nodocentes,False,2026-07-31,2026-07-31 08:07:24.350000-03:00,,2026-07-31 13:23:38.111000-03:00,316.22934999999995,used,10050
Becas personal,Becas Nodocentes,False,2026-07-31,2026-07-31 08:07:55.671000-03:00,,2026-07-31 13:23:42.836000-03:00,315.78608333333335,used,10051
Becas personal,Becas Nodocentes,False,2026-07-31,2026-07-31 08:10:13.794000-03:00,,2026-07-31 13:24:30.674000-03:00,314.28133333333335,used,10059
Becas personal,Becas Nodocentes,False,2026-07-31,2026-07-31 09:38:51.159000-03:00,,2026-07-31 13:25:55.890000-03:00,227.07885,used,10069
Becas personal,Becas Nodocentes,False,2026-07-31,2026-07-31 08:21:35.511000-03:00,,2026-07-31 13:30:55.979000-03:00,309.34113333333335,used,10098
Becas personal,Becas Nodocentes,False,2026-07-31,2026-07-31 08:42:38.012000-03:00,,2026-07-31 13:31:28.415000-03:00,288.84004999999996,used,10100
Becas personal,Becas Nodocentes,False,2026-07-31,2026-07-31 08:17:10.540000-03:00,,2026-07-31 13:36:04.839000-03:00,318.9049833333333,used,10117
Becas personal,Becas Nodocentes,False,2026-07-31,2026-07-31 08:18:30.246000-03:00,,2026-07-31 13:36:15.580000-03:00,317.75556666666665,used,10118
Becas personal,Becas Nodocentes,False,2026-07-31,2026-07-31 09:12:42.193000-03:00,,2026-07-31 13:38:14.588000-03:00,265.53991666666667,used,10129
Becas personal,Becas Nodocentes,False,2026-07-31,2026-07-31 09:24:08.388000-03:00,,2026-07-31 13:38:49.567000-03:00,254.68631666666667,used,10132
Becas personal,Becas Nodocentes,False,2026-07-31,2026-07-31 08:55:43.936000-03:00,,2026-07-31 13:53:34.603000-03:00,297.84445,used,10199
Becas personal,Becas Nodocentes,False,2026-07-31,2026-07-31 08:04:11.048000-03:00,,2026-07-31 14:05:20.880000-03:00,361.16386666666665,used,10242
Becas personal,Becas Nodocentes,False,2026-07-31,2026-07-31 09:06:50.045000-03:00,,2026-07-31 14:05:41.441000-03:00,298.8566,used,10244
Becas personal,Becas Nodocentes,False,2026-07-31,2026-07-31 09:15:33.999000-03:00,,2026-07-31 14:06:58.607000-03:00,291.41013333333336,used,10259
Becas personal,Becas Nodocentes,False,2026-07-31,2026-07-31 09:02:12.565000-03:00,,2026-07-31 14:13:27.392000-03:00,311.24711666666667,used,10299
Becas personal,Becas Nodocentes,False,2026-07-31,2026-07-31 08:59:20.076000-03:00,,2026-07-31 14:18:08.205000-03:00,318.80215000000004,used,10336
Becas personal,Becas Nodocentes,False,2026-07-31,2026-07-31 08:01:27.549000-03:00,,2026-07-31 14:18:32.910000-03:00,377.08935,used,10338
Becas personal,Becas Nodocentes,False,2026-07-31,2026-07-31 10:41:34.570000-03:00,,2026-07-31 14:21:37.045000-03:00,220.04125000000002,used,10348
Becas personal,Becas Nodocentes,False,2026-07-31,2026-07-31 09:14:15.836000-03:00,,2026-07-31 14:25:53.614000-03:00,311.6296333333333,used,10365
Becas personal,Becas Nodocentes,False,2026-08-03,2026-08-03 11:14:02.593000-03:00,,2026-08-03 12:00:25.312000-03:00,46.37865,used,10384
Becas personal,Becas Nodocentes,False,2026-08-03,2026-08-03 09:27:37.660000-03:00,,2026-08-03 12:06:40.164000-03:00,159.04173333333335,used,10452
Becas personal,Becas Nodocentes,False,2026-08-03,2026-08-03 09:12:57.518000-03:00,,2026-08-03 12:17:23.433000-03:00,184.4319166666667,used,10558
Becas personal,Becas Nodocentes,False,2026-08-03,2026-08-03 08:14:14.730000-03:00,,2026-08-03 12:17:28.421000-03:00,243.22818333333333,used,10559
Becas personal,Becas Nodocentes,False,2026-08-03,2026-08-03 08:18:50.693000-03:00,,2026-08-03 12:21:03.009000-03:00,242.2052666666667,used,10576
Becas personal,Becas Nodocentes,False,2026-08-03,2026-08-03 08:02:31.213000-03:00,,2026-08-03 12:31:16.007000-03:00,268.74656666666664,used,10637
Becas personal,Becas Nodocentes,False,2026-08-03,2026-08-03 10:22:56.709000-03:00,,2026-08-03 12:34:00.774000-03:00,131.06775,used,10652
Becas personal,Becas Nodocentes,False,2026-08-03,2026-08-03 08:31:40.587000-03:00,,2026-08-03 12:37:00.106000-03:00,245.32531666666668,used,10671
Becas personal,Becas Nodocentes,False,2026-08-03,2026-08-03 08:31:44.880000-03:00,,2026-08-03 12:44:45.214000-03:00,253.00556666666668,used,10701
Becas personal,Becas Nodocentes,False,2026-08-03,2026-08-03 08:05:41.333000-03:00,,2026-08-03 12:45:38.868000-03:00,279.95891666666665,used,10705
Becas personal,Becas Nodocentes,False,2026-08-03,2026-08-03 08:21:23.336000-03:00,,2026-08-03 12:47:09.295000-03:00,265.76598333333334,used,10712
Becas personal,Becas Nodocentes,False,2026-08-03,2026-08-03 08:53:15.442000-03:00,,2026-08-03 12:47:11.605000-03:00,233.93605,used,10713
Becas personal,Becas Nodocentes,False,2026-08-03,2026-08-03 08:14:03.928000-03:00,,2026-08-03 12:48:32.724000-03:00,274.4799333333333,used,10721
Becas personal,Becas Nodocentes,False,2026-08-03,2026-08-03 08:05:53.427000-03:00,,2026-08-03 12:49:30.687000-03:00,283.621,used,10727
Becas personal,Becas Nodocentes,False,2026-08-03,2026-08-03 10:10:50.177000-03:00,,2026-08-03 12:51:53.853000-03:00,161.06126666666665,used,10740
Becas personal,Becas Nodocentes,False,2026-08-03,2026-08-03 09:14:13.406000-03:00,,2026-08-03 12:53:46.298000-03:00,219.5482,used,10750
Becas personal,Becas Nodocentes,False,2026-08-03,2026-08-03 09:13:44.151000-03:00,,2026-08-03 12:53:53.799000-03:00,220.1608,used,10751
Becas personal,Becas Nodocentes,False,2026-08-03,2026-08-03 09:05:43.509000-03:00,,2026-08-03 13:00:11.475000-03:00,234.4661,used,10789
Becas personal,Becas Nodocentes,False,2026-08-03,2026-08-03 08:58:06.686000-03:00,,2026-08-03 13:00:41.328000-03:00,242.57736666666668,used,10793
Becas personal,Becas Nodocentes,False,2026-08-03,2026-08-03 09:50:59.532000-03:00,,2026-08-03 13:03:31.438000-03:00,192.53176666666667,used,10808
Becas personal,Becas Nodocentes,False,2026-08-03,2026-08-03 09:24:33.980000-03:00,,2026-08-03 13:04:19.832000-03:00,219.76420000000002,used,10822
Becas personal,Becas Nodocentes,False,2026-08-03,2026-08-03 09:27:34.163000-03:00,,2026-08-03 13:04:22.330000-03:00,216.80278333333334,used,10823
Becas personal,Becas Nodocentes,False,2026-08-03,2026-08-03 08:17:59.495000-03:00,,2026-08-03 13:05:02.610000-03:00,287.05191666666667,used,10828
Becas personal,Becas Nodocentes,False,2026-08-03,2026-08-03 09:26:12.222000-03:00,,2026-08-03 13:10:51.032000-03:00,224.64683333333332,used,10856
Becas personal,Becas Nodocentes,False,2026-08-03,2026-08-03 08:13:11.049000-03:00,,2026-08-03 13:12:53.952000-03:00,299.71504999999996,used,10868
Becas personal,Becas Nodocentes,False,2026-08-03,2026-08-03 09:46:28.804000-03:00,,2026-08-03 13:13:15.279000-03:00,206.77458333333334,used,10875
Becas personal,Becas Nodocentes,False,2026-08-03,2026-08-03 08:05:29.601000-03:00,,2026-08-03 13:16:28.343000-03:00,310.9790333333333,used,10904
Becas personal,Becas Nodocentes,False,2026-08-03,2026-08-03 08:11:12.950000-03:00,,2026-08-03 13:16:30.822000-03:00,305.29786666666666,used,10905
Becas personal,Becas Nodocentes,False,2026-08-03,2026-08-03 10:09:19.618000-03:00,,2026-08-03 13:17:06.479000-03:00,187.7810166666667,used,10909
Becas personal,Becas Nodocentes,False,2026-08-03,2026-08-03 08:19:00.563000-03:00,,2026-08-03 13:17:42.669000-03:00,298.7017666666667,used,10916
Becas personal,Becas Nodocentes,False,2026-08-03,2026-08-03 08:58:47.328000-03:00,,2026-08-03 13:17:48.776000-03:00,259.02413333333334,used,10917
Becas personal,Becas Nodocentes,False,2026-08-03,2026-08-03 08:56:58.774000-03:00,,2026-08-03 13:18:08.085000-03:00,261.15518333333335,used,10922
Becas personal,Becas Nodocentes,False,2026-08-03,2026-08-03 09:06:42.302000-03:00,,2026-08-03 13:19:15.302000-03:00,252.55,used,10932
Becas personal,Becas Nodocentes,False,2026-08-03,2026-08-03 12:46:34.112000-03:00,,2026-08-03 13:19:29.328000-03:00,32.92026666666666,used,10934
Becas personal,Becas Nodocentes,False,2026-08-03,2026-08-03 08:37:29.170000-03:00,,2026-08-03 13:20:15.059000-03:00,282.76481666666666,used,10941
Becas personal,Becas Nodocentes,False,2026-08-03,2026-08-03 08:34:54.710000-03:00,,2026-08-03 13:20:23.757000-03:00,285.48411666666664,used,10942
Becas personal,Becas Nodocentes,False,2026-08-03,2026-08-03 09:34:03.791000-03:00,,2026-08-03 13:21:07.884000-03:00,227.06821666666667,used,10954
Becas personal,Becas Nodocentes,False,2026-08-03,2026-08-03 09:20:37.297000-03:00,,2026-08-03 13:22:11.869000-03:00,241.5762,used,10967
Becas personal,Becas Nodocentes,False,2026-08-03,2026-08-03 08:16:21.917000-03:00,,2026-08-03 13:22:56.101000-03:00,306.5697333333334,used,10971
Becas personal,Becas Nodocentes,False,2026-08-03,2026-08-03 08:41:11.001000-03:00,,2026-08-03 13:24:35.829000-03:00,283.41380000000004,used,10980
Becas personal,Becas Nodocentes,False,2026-08-03,2026-08-03 09:44:58.148000-03:00,,2026-08-03 13:24:52.084000-03:00,219.89893333333333,used,10983
Becas personal,Becas Nodocentes,False,2026-08-03,2026-08-03 09:50:38.235000-03:00,,2026-08-03 13:27:04.889000-03:00,216.44423333333333,used,10992
Becas personal,Becas Nodocentes,False,2026-08-03,2026-08-03 08:28:38.716000-03:00,,2026-08-03 13:32:03.094000-03:00,303.4063,used,11016
Becas personal,Becas Nodocentes,False,2026-08-03,2026-08-03 09:07:42.888000-03:00,,2026-08-03 13:35:03.397000-03:00,267.34181666666666,used,11036
Becas personal,Becas Nodocentes,False,2026-08-03,2026-08-03 09:28:50.580000-03:00,,2026-08-03 13:35:36.907000-03:00,246.77211666666665,used,11041
Becas personal,Becas Nodocentes,False,2026-08-03,2026-08-03 08:15:15.392000-03:00,,2026-08-03 13:38:40.111000-03:00,323.41198333333335,used,11060
Becas personal,Becas Nodocentes,False,2026-08-03,2026-08-03 08:28:04.392000-03:00,,2026-08-03 13:38:51.110000-03:00,310.77863333333335,used,11063
Becas personal,Becas Nodocentes,False,2026-08-03,2026-08-03 08:28:35.661000-03:00,,2026-08-03 13:38:52.934000-03:00,310.28788333333335,used,11064
Becas personal,Becas Nodocentes,False,2026-08-03,2026-08-03 08:27:44.765000-03:00,,2026-08-03 13:42:01.766000-03:00,314.28335,used,11103
Becas personal,Becas Nodocentes,False,2026-08-03,2026-08-03 10:16:05.434000-03:00,,2026-08-03 13:48:19.024000-03:00,212.22650000000002,used,11151
Becas personal,Becas Nodocentes,False,2026-08-03,2026-08-03 08:11:17.910000-03:00,,2026-08-03 13:52:45.102000-03:00,341.4532,used,11171
Becas personal,Becas Nodocentes,False,2026-08-03,2026-08-03 08:36:56.212000-03:00,,2026-08-03 13:54:22.717000-03:00,317.44175,used,11180
Becas personal,Becas Nodocentes,False,2026-08-03,2026-08-03 08:07:20.534000-03:00,,2026-08-03 13:55:04.121000-03:00,347.72645,used,11185
Becas personal,Becas Nodocentes,False,2026-08-03,2026-08-03 10:20:41.222000-03:00,,2026-08-03 13:58:35.283000-03:00,217.90101666666666,used,11218
Becas personal,Becas Nodocentes,False,2026-08-03,2026-08-03 08:35:25.441000-03:00,,2026-08-03 14:04:28.350000-03:00,329.0484833333333,used,11251
Becas personal,Becas Nodocentes,False,2026-08-03,2026-08-03 08:03:44.958000-03:00,,2026-08-03 14:16:47.668000-03:00,373.04516666666666,used,11321
Becas personal,Becas Nodocentes,False,2026-08-03,2026-08-03 08:42:22.644000-03:00,,2026-08-03 14:17:11.730000-03:00,334.8181,used,11322
Becas personal,Becas Nodocentes,False,2026-08-03,2026-08-03 08:41:58.096000-03:00,,2026-08-03 14:20:52.415000-03:00,338.90531666666664,used,11344
Becas personal,Becas Nodocentes,False,2026-08-04,2026-08-04 09:44:26.092000-03:00,,2026-08-04 12:00:26.661000-03:00,136.00948333333335,used,11389
Becas personal,Becas Nodocentes,False,2026-08-04,2026-08-04 08:26:51.114000-03:00,,2026-08-04 12:00:34.280000-03:00,213.7194333333333,used,11390
Becas personal,Becas Nodocentes,False,2026-08-04,2026-08-04 08:51:05.483000-03:00,,2026-08-04 12:00:38.545000-03:00,189.55103333333332,used,11391
Becas personal,Becas Nodocentes,False,2026-08-04,2026-08-04 08:15:37.262000-03:00,,2026-08-04 12:07:39.920000-03:00,232.0443,used,11474
Becas personal,Becas Nodocentes,False,2026-08-04,2026-08-04 08:21:05.117000-03:00,,2026-08-04 12:23:54.769000-03:00,242.82753333333332,used,11629
Becas personal,Becas Nodocentes,False,2026-08-04,2026-08-04 09:03:26.598000-03:00,,2026-08-04 12:27:52.885000-03:00,204.43811666666667,used,11670
Becas personal,Becas Nodocentes,False,2026-08-04,2026-08-04 10:04:01.079000-03:00,,2026-08-04 12:30:38.770000-03:00,146.62818333333334,used,11696
Becas personal,Becas Nodocentes,False,2026-08-04,2026-08-04 08:04:27.911000-03:00,,2026-08-04 12:34:15.571000-03:00,269.7943333333333,used,11725
Becas personal,Becas Nodocentes,False,2026-08-04,2026-08-04 08:34:37.843000-03:00,,2026-08-04 12:41:52.366000-03:00,247.24204999999998,used,11779
Becas personal,Becas Nodocentes,False,2026-08-04,2026-08-04 10:02:00.457000-03:00,,2026-08-04 12:42:05.573000-03:00,160.08526666666666,used,11780
Becas personal,Becas Nodocentes,False,2026-08-04,2026-08-04 08:06:26.032000-03:00,,2026-08-04 12:47:10.214000-03:00,280.7363666666667,used,11831
Becas personal,Becas Nodocentes,False,2026-08-04,2026-08-04 08:06:02.506000-03:00,,2026-08-04 12:47:13.107000-03:00,281.1766833333333,used,11832
Becas personal,Becas Nodocentes,False,2026-08-04,2026-08-04 08:13:07.840000-03:00,,2026-08-04 12:48:29.929000-03:00,275.36815,used,11846
Becas personal,Becas Nodocentes,False,2026-08-04,2026-08-04 08:06:14.700000-03:00,,2026-08-04 12:48:32.025000-03:00,282.28875,used,11847
Becas personal,Becas Nodocentes,False,2026-08-04,2026-08-04 09:00:00.175000-03:00,,2026-08-04 12:51:07.747000-03:00,231.1262,used,11876
Becas personal,Becas Nodocentes,False,2026-08-04,2026-08-04 09:13:44.588000-03:00,,2026-08-04 12:52:29.638000-03:00,218.75083333333333,used,11891
Becas personal,Becas Nodocentes,False,2026-08-04,2026-08-04 08:18:34.443000-03:00,,2026-08-04 12:53:46.473000-03:00,275.2005,used,11900
Becas personal,Becas Nodocentes,False,2026-08-04,2026-08-04 08:05:57.296000-03:00,,2026-08-04 12:54:19.928000-03:00,288.3772,used,11909
Becas personal,Becas Nodocentes,False,2026-08-04,2026-08-04 09:20:15.162000-03:00,,2026-08-04 12:56:57.429000-03:00,216.70445,used,11939
Becas personal,Becas Nodocentes,False,2026-08-04,2026-08-04 10:28:05.011000-03:00,,2026-08-04 13:08:12.016000-03:00,160.11675,used,12033
Becas personal,Becas Nodocentes,False,2026-08-04,2026-08-04 09:36:59.538000-03:00,,2026-08-04 13:08:29.651000-03:00,211.50188333333332,used,12038
Becas personal,Becas Nodocentes,False,2026-08-04,2026-08-04 10:21:45.345000-03:00,,2026-08-04 13:08:51.636000-03:00,167.10485,used,12040
Becas personal,Becas Nodocentes,False,2026-08-04,2026-08-04 09:02:52.387000-03:00,,2026-08-04 13:12:30.113000-03:00,249.62876666666668,used,12056
Becas personal,Becas Nodocentes,False,2026-08-04,2026-08-04 08:22:52.258000-03:00,,2026-08-04 13:12:45.584000-03:00,289.8887666666667,used,12059
Becas personal,Becas Nodocentes,False,2026-08-04,2026-08-04 08:09:35.227000-03:00,,2026-08-04 13:15:21.987000-03:00,305.7793333333333,used,12081
Becas personal,Becas Nodocentes,False,2026-08-04,2026-08-04 08:02:13.289000-03:00,,2026-08-04 13:15:25.105000-03:00,313.19693333333333,used,12082
Becas personal,Becas Nodocentes,False,2026-08-04,2026-08-04 08:05:18.345000-03:00,,2026-08-04 13:15:27.825000-03:00,310.158,used,12083
Becas personal,Becas Nodocentes,False,2026-08-04,2026-08-04 10:24:57.903000-03:00,,2026-08-04 13:15:40.358000-03:00,170.70758333333333,used,12085
Becas personal,Becas Nodocentes,False,2026-08-04,2026-08-04 08:24:54.061000-03:00,,2026-08-04 13:17:53.606000-03:00,292.99241666666666,used,12096
Becas personal,Becas Nodocentes,False,2026-08-04,2026-08-04 08:27:54.799000-03:00,,2026-08-04 13:19:47.082000-03:00,291.8713833333333,used,12116
Becas personal,Becas Nodocentes,False,2026-08-04,2026-08-04 09:46:07.885000-03:00,,2026-08-04 13:19:52.242000-03:00,213.73928333333333,used,12117
Becas personal,Becas Nodocentes,False,2026-08-04,2026-08-04 08:44:03.343000-03:00,,2026-08-04 13:22:26.865000-03:00,278.39203333333336,used,12142
Becas personal,Becas Nodocentes,False,2026-08-04,2026-08-04 10:40:25.981000-03:00,,2026-08-04 13:22:30.042000-03:00,162.06768333333332,used,12143
Becas personal,Becas Nodocentes,False,2026-08-04,2026-08-04 08:53:55.493000-03:00,,2026-08-04 13:24:10.490000-03:00,270.24995,used,12149
Becas personal,Becas Nodocentes,False,2026-08-04,2026-08-04 08:34:42.954000-03:00,,2026-08-04 13:24:43.049000-03:00,290.0015833333334,used,12153
Becas personal,Becas Nodocentes,False,2026-08-04,2026-08-04 08:23:47.474000-03:00,,2026-08-04 13:28:13.555000-03:00,304.4346833333333,used,12178
Becas personal,Becas Nodocentes,False,2026-08-04,2026-08-04 08:10:16.306000-03:00,,2026-08-04 13:28:16.503000-03:00,318.00328333333334,used,12179
Becas personal,Becas Nodocentes,False,2026-08-04,2026-08-04 08:58:04.734000-03:00,,2026-08-04 13:28:34.234000-03:00,270.4916666666667,used,12184
Becas personal,Becas Nodocentes,False,2026-08-04,2026-08-04 08:03:02.873000-03:00,,2026-08-04 13:28:42.746000-03:00,325.66455,used,12185
Becas personal,Becas Nodocentes,False,2026-08-04,2026-08-04 08:29:21.469000-03:00,,2026-08-04 13:28:50.417000-03:00,299.48246666666665,used,12186
Becas personal,Becas Nodocentes,False,2026-08-04,2026-08-04 08:39:33.088000-03:00,,2026-08-04 13:31:13.988000-03:00,291.6816666666667,used,12211
Becas personal,Becas Nodocentes,False,2026-08-04,2026-08-04 08:54:36.847000-03:00,,2026-08-04 13:34:20.978000-03:00,279.7355166666667,used,12237
Becas personal,Becas Nodocentes,False,2026-08-04,2026-08-04 08:55:27.923000-03:00,,2026-08-04 13:34:31.634000-03:00,279.06185,used,12240
Becas personal,Becas Nodocentes,False,2026-08-04,2026-08-04 09:30:51.503000-03:00,,2026-08-04 13:35:37.312000-03:00,244.7634833333333,used,12247
Becas personal,Becas Nodocentes,False,2026-08-04,2026-08-04 08:14:29.655000-03:00,,2026-08-04 13:36:33.954000-03:00,322.07165,used,12251
Becas personal,Becas Nodocentes,False,2026-08-04,2026-08-04 08:35:17.780000-03:00,,2026-08-04 13:40:08.437000-03:00,304.8442833333333,used,12273
Becas personal,Becas Nodocentes,False,2026-08-04,2026-08-04 09:09:46.772000-03:00,,2026-08-04 13:41:07.900000-03:00,271.35213333333337,used,12278
Becas personal,Becas Nodocentes,False,2026-08-04,2026-08-04 08:19:21.777000-03:00,,2026-08-04 13:53:37.427000-03:00,334.2608333333334,used,12340
Becas personal,Becas Nodocentes,False,2026-08-04,2026-08-04 09:20:49.246000-03:00,,2026-08-04 13:54:07.704000-03:00,273.3076333333333,used,12344
Becas personal,Becas Nodocentes,False,2026-08-04,2026-08-04 08:57:38.188000-03:00,,2026-08-04 13:57:41.109000-03:00,300.0486833333333,used,12359
Becas personal,Becas Nodocentes,False,2026-08-04,2026-08-04 09:20:17.143000-03:00,,2026-08-04 14:01:04.421000-03:00,280.78796666666665,used,12374
Becas personal,Becas Nodocentes,False,2026-08-04,2026-08-04 08:22:39.932000-03:00,,2026-08-04 14:07:21.990000-03:00,344.70096666666666,used,12406
Becas personal,Becas Nodocentes,False,2026-08-04,2026-08-04 08:22:49.534000-03:00,,2026-08-04 14:07:24.417000-03:00,344.58138333333335,used,12407
Becas personal,Becas Nodocentes,False,2026-08-04,2026-08-04 09:36:45.572000-03:00,,2026-08-04 14:08:19.091000-03:00,271.55865,used,12411
Becas personal,Becas Nodocentes,False,2026-08-04,2026-08-04 08:24:51.569000-03:00,,2026-08-04 14:12:25.425000-03:00,347.56426666666664,used,12430
Becas personal,Becas Nodocentes,False,2026-08-04,2026-08-04 09:17:35.422000-03:00,,2026-08-04 14:14:52.138000-03:00,297.2786,used,12442
Becas personal,Becas Nodocentes,False,2026-08-04,2026-08-04 08:41:05.009000-03:00,,2026-08-04 14:16:06.339000-03:00,335.0221666666667,used,12449
Becas personal,Becas Nodocentes,False,2026-08-04,2026-08-04 08:53:56.471000-03:00,,2026-08-04 14:18:10.612000-03:00,324.2356833333333,used,12460
Becas personal,Becas Nodocentes,False,2026-08-04,2026-08-04 08:13:58.985000-03:00,,2026-08-04 14:21:32.451000-03:00,367.5577666666667,used,12479
Becas personal,Becas Nodocentes,False,2026-08-05,2026-08-05 10:30:58.671000-03:00,,2026-08-05 12:00:16.212000-03:00,89.29235,used,12533
Becas personal,Becas Nodocentes,False,2026-08-05,2026-08-05 10:31:41.892000-03:00,,2026-08-05 12:00:19.188000-03:00,88.6216,used,12534
Becas personal,Becas Nodocentes,False,2026-08-05,2026-08-05 08:09:23.533000-03:00,,2026-08-05 12:08:22.334000-03:00,238.98001666666667,used,12625
Becas personal,Becas Nodocentes,False,2026-08-05,2026-08-05 08:46:07.177000-03:00,,2026-08-05 12:26:35.472000-03:00,220.47158333333334,used,12780
Becas personal,Becas Nodocentes,False,2026-08-05,2026-08-05 09:15:19.864000-03:00,,2026-08-05 12:31:29.601000-03:00,196.1622833333333,used,12817
Becas personal,Becas Nodocentes,False,2026-08-05,2026-08-05 08:20:46.049000-03:00,,2026-08-05 12:39:03.425000-03:00,258.2896,used,12901
Becas personal,Becas Nodocentes,False,2026-08-05,2026-08-05 09:31:24.737000-03:00,,2026-08-05 12:47:47.170000-03:00,196.37388333333334,used,12970
Becas personal,Becas Nodocentes,False,2026-08-05,2026-08-05 08:52:51.864000-03:00,,2026-08-05 12:49:39.197000-03:00,236.78888333333333,used,12976
Becas personal,Becas Nodocentes,False,2026-08-05,2026-08-05 08:09:51.677000-03:00,,2026-08-05 12:50:41.945000-03:00,280.8378,used,12985
Becas personal,Becas Nodocentes,False,2026-08-05,2026-08-05 09:07:41.938000-03:00,,2026-08-05 12:50:47.950000-03:00,223.1002,used,12987
Becas personal,Becas Nodocentes,False,2026-08-05,2026-08-05 08:35:41.440000-03:00,,2026-08-05 12:51:11.985000-03:00,255.50908333333334,used,12989
Becas personal,Becas Nodocentes,False,2026-08-05,2026-08-05 10:34:22.158000-03:00,,2026-08-05 12:52:44.119000-03:00,138.36601666666667,used,13006
Becas personal,Becas Nodocentes,False,2026-08-05,2026-08-05 09:20:34.490000-03:00,,2026-08-05 12:54:48.785000-03:00,214.23825,used,13028
Becas personal,Becas Nodocentes,False,2026-08-05,2026-08-05 10:13:07.481000-03:00,,2026-08-05 13:04:13.188000-03:00,171.09511666666668,used,13073
Becas personal,Becas Nodocentes,False,2026-08-05,2026-08-05 08:02:27.977000-03:00,,2026-08-05 13:05:34.996000-03:00,303.11698333333334,used,13087
Becas personal,Becas Nodocentes,False,2026-08-05,2026-08-05 08:04:41.547000-03:00,,2026-08-05 13:08:43.846000-03:00,304.0383166666667,used,13118
Becas personal,Becas Nodocentes,False,2026-08-05,2026-08-05 08:04:10.828000-03:00,,2026-08-05 13:08:45.476000-03:00,304.5774666666667,used,13119
Becas personal,Becas Nodocentes,False,2026-08-05,2026-08-05 09:46:24.725000-03:00,,2026-08-05 13:11:13.512000-03:00,204.81311666666667,used,13142
Becas personal,Becas Nodocentes,False,2026-08-05,2026-08-05 10:21:08.915000-03:00,,2026-08-05 13:13:42.816000-03:00,172.56501666666665,used,13158
Becas personal,Becas Nodocentes,False,2026-08-05,2026-08-05 08:52:12.549000-03:00,,2026-08-05 13:15:30.974000-03:00,263.3070833333333,used,13173
Becas personal,Becas Nodocentes,False,2026-08-05,2026-08-05 08:14:58.482000-03:00,,2026-08-05 13:15:33.843000-03:00,300.58935,used,13174
Becas personal,Becas Nodocentes,False,2026-08-05,2026-08-05 08:34:06.267000-03:00,,2026-08-05 13:16:41.665000-03:00,282.58996666666667,used,13183
Becas personal,Becas Nodocentes,False,2026-08-05,2026-08-05 09:19:50.462000-03:00,,2026-08-05 13:18:24.150000-03:00,238.56146666666666,used,13204
Becas personal,Becas Nodocentes,False,2026-08-05,2026-08-05 08:19:09.252000-03:00,,2026-08-05 13:21:07-03:00,301.96246666666667,used,13223
Becas personal,Becas Nodocentes,False,2026-08-05,2026-08-05 08:07:22.477000-03:00,,2026-08-05 13:21:09.668000-03:00,313.78651666666667,used,13224
Becas personal,Becas Nodocentes,False,2026-08-05,2026-08-05 08:11:24.978000-03:00,,2026-08-05 13:21:12.494000-03:00,309.7919333333333,used,13225
Becas personal,Becas Nodocentes,False,2026-08-05,2026-08-05 09:45:38.507000-03:00,,2026-08-05 13:22:54.585000-03:00,217.26796666666667,used,13243
Becas personal,Becas Nodocentes,False,2026-08-05,2026-08-05 08:44:08.236000-03:00,,2026-08-05 13:23:38.848000-03:00,279.5102,used,13250
Becas personal,Becas Nodocentes,False,2026-08-05,2026-08-05 08:46:02.382000-03:00,,2026-08-05 13:23:40.847000-03:00,277.6410833333333,used,13251
Becas personal,Becas Nodocentes,False,2026-08-05,2026-08-05 10:25:32.673000-03:00,,2026-08-05 13:25:38.193000-03:00,180.092,used,13266
Becas personal,Becas Nodocentes,False,2026-08-05,2026-08-05 09:38:35.674000-03:00,,2026-08-05 13:25:55.520000-03:00,227.33076666666665,used,13268
Becas personal,Becas Nodocentes,False,2026-08-05,2026-08-05 10:48:24.608000-03:00,,2026-08-05 13:28:30.374000-03:00,160.0961,used,13291
Becas personal,Becas Nodocentes,False,2026-08-05,2026-08-05 08:18:39.029000-03:00,,2026-08-05 13:28:47.968000-03:00,310.1489833333333,used,13294
Becas personal,Becas Nodocentes,False,2026-08-05,2026-08-05 08:44:52.937000-03:00,,2026-08-05 13:30:28.695000-03:00,285.5959666666667,used,13302
Becas personal,Becas Nodocentes,False,2026-08-05,2026-08-05 08:42:04.639000-03:00,,2026-08-05 13:31:43.223000-03:00,289.64306666666664,used,13308
Becas personal,Becas Nodocentes,False,2026-08-05,2026-08-05 08:56:50.392000-03:00,,2026-08-05 13:31:55.873000-03:00,275.09135,used,13309
Becas personal,Becas Nodocentes,False,2026-08-05,2026-08-05 10:37:53.477000-03:00,,2026-08-05 13:32:03.830000-03:00,174.17254999999997,used,13311
Becas personal,Becas Nodocentes,False,2026-08-05,2026-08-05 08:29:38.524000-03:00,,2026-08-05 13:35:05.098000-03:00,305.4429,used,13332
Becas personal,Becas Nodocentes,False,2026-08-05,2026-08-05 10:03:19.734000-03:00,,2026-08-05 13:35:56.917000-03:00,212.61971666666668,used,13338
Becas personal,Becas Nodocentes,False,2026-08-05,2026-08-05 10:34:39.972000-03:00,,2026-08-05 13:35:58.936000-03:00,181.31606666666667,used,13339
Becas personal,Becas Nodocentes,False,2026-08-05,2026-08-05 08:16:07.240000-03:00,,2026-08-05 13:40:27.003000-03:00,324.32938333333334,used,13360
Becas personal,Becas Nodocentes,False,2026-08-05,2026-08-05 08:46:51.405000-03:00,,2026-08-05 13:44:10.918000-03:00,297.3252166666667,used,13378
Becas personal,Becas Nodocentes,False,2026-08-05,2026-08-05 10:42:16.638000-03:00,,2026-08-05 13:48:37.751000-03:00,186.35188333333332,used,13394
Becas personal,Becas Nodocentes,False,2026-08-05,2026-08-05 10:27:44.063000-03:00,,2026-08-05 13:54:36.215000-03:00,206.8692,used,13426
Becas personal,Becas Nodocentes,False,2026-08-05,2026-08-05 08:34:24.174000-03:00,,2026-08-05 13:55:05.141000-03:00,320.68278333333336,used,13432
Becas personal,Becas Nodocentes,False,2026-08-05,2026-08-05 08:33:22.914000-03:00,,2026-08-05 13:56:23.730000-03:00,323.0136,used,13439
Becas personal,Becas Nodocentes,False,2026-08-05,2026-08-05 09:31:13.948000-03:00,,2026-08-05 13:58:07.476000-03:00,266.89213333333333,used,13452
Becas personal,Becas Nodocentes,False,2026-08-05,2026-08-05 08:20:30.839000-03:00,,2026-08-05 13:59:02.642000-03:00,338.53005,used,13460
Becas personal,Becas Nodocentes,False,2026-08-05,2026-08-05 08:08:35.191000-03:00,,2026-08-05 14:01:11.549000-03:00,352.6059666666667,used,13476
Becas personal,Becas Nodocentes,False,2026-08-05,2026-08-05 08:31:05.359000-03:00,,2026-08-05 14:04:18.633000-03:00,333.2212333333334,used,13486
Becas personal,Becas Nodocentes,False,2026-08-05,2026-08-05 08:34:08.530000-03:00,,2026-08-05 14:10:00.197000-03:00,335.8611166666667,used,13505
Becas personal,Becas Nodocentes,False,2026-08-05,2026-08-05 08:13:43.366000-03:00,,2026-08-05 14:10:01.988000-03:00,356.31036666666665,used,13506
Becas personal,Becas Nodocentes,False,2026-08-05,2026-08-05 08:02:27.233000-03:00,,2026-08-05 14:14:05.308000-03:00,371.63458333333335,used,13532
Becas personal,Becas Nodocentes,False,2026-08-05,2026-08-05 08:22:26.420000-03:00,,2026-08-05 14:15:31.924000-03:00,353.09173333333337,used,13538
Becas personal,Becas Nodocentes,False,2026-08-05,2026-08-05 08:14:15.083000-03:00,,2026-08-05 14:17:06.215000-03:00,362.85220000000004,used,13546
Becas personal,Becas Nodocentes,False,2026-08-05,2026-08-05 08:46:53.141000-03:00,,2026-08-05 14:19:20.945000-03:00,332.4634,used,13556
Becas personal,Becas Nodocentes,False,2026-08-05,2026-08-05 08:58:27.268000-03:00,,2026-08-05 14:23:04.585000-03:00,324.62194999999997,used,13577
Becas personal,Becas Nodocentes,False,2026-08-05,2026-08-05 09:37:43.176000-03:00,,2026-08-05 14:23:10.013000-03:00,285.4472833333333,used,13578
Becas personal,Becas Nodocentes,False,2026-08-05,2026-08-05 13:12:43.116000-03:00,,2026-08-05 14:23:40.249000-03:00,70.95221666666666,used,13585
Becas personal,Becas Nodocentes,False,2026-08-05,2026-08-05 10:35:15.076000-03:00,,2026-08-05 14:23:48.821000-03:00,228.56241666666668,used,13587
Becas personal,Becas Nodocentes,False,2026-08-06,2026-08-06 10:10:01.798000-03:00,,2026-08-06 12:00:46.736000-03:00,110.74896666666667,used,13620
Becas personal,Becas Nodocentes,False,2026-08-06,2026-08-06 10:58:13.701000-03:00,,2026-08-06 12:00:53.595000-03:00,62.664899999999996,used,13621
Becas personal,Becas Nodocentes,False,2026-08-06,2026-08-06 08:10:20.083000-03:00,,2026-08-06 12:02:27.921000-03:00,232.13063333333332,used,13640
Becas personal,Becas Nodocentes,False,2026-08-06,2026-08-06 08:13:17.387000-03:00,,2026-08-06 12:10:23.272000-03:00,237.09808333333334,used,13752
Becas personal,Becas Nodocentes,False,2026-08-06,2026-08-06 09:52:51.379000-03:00,,2026-08-06 12:13:50.734000-03:00,140.98925,used,13793
Becas personal,Becas Nodocentes,False,2026-08-06,2026-08-06 08:48:36.091000-03:00,,2026-08-06 12:21:53.663000-03:00,213.29286666666667,used,13901
Becas personal,Becas Nodocentes,False,2026-08-06,2026-08-06 08:25:42.417000-03:00,,2026-08-06 12:21:58.146000-03:00,236.26215,used,13903
Becas personal,Becas Nodocentes,False,2026-08-06,2026-08-06 09:31:40.622000-03:00,,2026-08-06 12:23:45.669000-03:00,172.0841166666667,used,13914
Becas personal,Becas Nodocentes,False,2026-08-06,2026-08-06 08:03:09.503000-03:00,,2026-08-06 12:27:15.329000-03:00,264.0971,used,13957
Becas personal,Becas Nodocentes,False,2026-08-06,2026-08-06 08:00:58.778000-03:00,,2026-08-06 12:42:12.079000-03:00,281.2216833333333,used,14069
Becas personal,Becas Nodocentes,False,2026-08-06,2026-08-06 10:06:36.672000-03:00,,2026-08-06 12:43:09.302000-03:00,156.5438333333333,used,14078
Becas personal,Becas Nodocentes,False,2026-08-06,2026-08-06 08:09:53.590000-03:00,,2026-08-06 12:49:15.686000-03:00,279.36826666666667,used,14128
Becas personal,Becas Nodocentes,False,2026-08-06,2026-08-06 08:08:33.537000-03:00,,2026-08-06 12:50:39.102000-03:00,282.09274999999997,used,14142
Becas personal,Becas Nodocentes,False,2026-08-06,2026-08-06 09:53:34.741000-03:00,,2026-08-06 12:51:17.065000-03:00,177.7054,used,14150
Becas personal,Becas Nodocentes,False,2026-08-06,2026-08-06 08:24:35.382000-03:00,,2026-08-06 12:55:27.586000-03:00,270.8700666666667,used,14187
Becas personal,Becas Nodocentes,False,2026-08-06,2026-08-06 08:09:33.205000-03:00,,2026-08-06 12:58:20.499000-03:00,288.7882333333334,used,14195
Becas personal,Becas Nodocentes,False,2026-08-06,2026-08-06 08:46:14.046000-03:00,,2026-08-06 12:58:38.283000-03:00,252.40394999999998,used,14199
Becas personal,Becas Nodocentes,False,2026-08-06,2026-08-06 10:37:47.710000-03:00,2026-08-06 10:37:40.875000-03:00,2026-08-06 12:58:40.386000-03:00,140.87793333333332,used,14200
Becas personal,Becas Nodocentes,False,2026-08-06,2026-08-06 08:40:01.384000-03:00,,2026-08-06 13:03:45.641000-03:00,263.73761666666667,used,14240
Becas personal,Becas Nodocentes,False,2026-08-06,2026-08-06 09:42:34.722000-03:00,,2026-08-06 13:03:58.574000-03:00,201.39753333333334,used,14243
Becas personal,Becas Nodocentes,False,2026-08-06,2026-08-06 08:02:13.506000-03:00,,2026-08-06 13:05:36.487000-03:00,303.38301666666666,used,14256
Becas personal,Becas Nodocentes,False,2026-08-06,2026-08-06 08:00:09.774000-03:00,,2026-08-06 13:07:13.972000-03:00,307.0699666666667,used,14276
Becas personal,Becas Nodocentes,False,2026-08-06,2026-08-06 08:35:21.805000-03:00,,2026-08-06 13:07:18.245000-03:00,271.9406666666667,used,14277
Becas personal,Becas Nodocentes,False,2026-08-06,2026-08-06 08:23:30.408000-03:00,,2026-08-06 13:07:27.496000-03:00,283.95146666666665,used,14278
Becas personal,Becas Nodocentes,False,2026-08-06,2026-08-06 08:32:26.677000-03:00,,2026-08-06 13:09:57.993000-03:00,277.5219333333333,used,14305
Becas personal,Becas Nodocentes,False,2026-08-06,2026-08-06 08:38:41.878000-03:00,,2026-08-06 13:09:58.615000-03:00,271.27895,used,14306
Becas personal,Becas Nodocentes,False,2026-08-06,2026-08-06 08:47:02.937000-03:00,,2026-08-06 13:11:17.657000-03:00,264.24533333333335,used,14313
Becas personal,Becas Nodocentes,False,2026-08-06,2026-08-06 08:54:06.271000-03:00,,2026-08-06 13:11:29.578000-03:00,257.38845000000003,used,14315
Becas personal,Becas Nodocentes,False,2026-08-06,2026-08-06 08:05:45.234000-03:00,,2026-08-06 13:15:32.615000-03:00,309.78968333333336,used,14346
Becas personal,Becas Nodocentes,False,2026-08-06,2026-08-06 08:04:55.074000-03:00,,2026-08-06 13:15:35.860000-03:00,310.6797666666667,used,14347
Becas personal,Becas Nodocentes,False,2026-08-06,2026-08-06 08:03:03.722000-03:00,,2026-08-06 13:15:38.061000-03:00,312.57231666666667,used,14348
Becas personal,Becas Nodocentes,False,2026-08-06,2026-08-06 08:49:36.839000-03:00,,2026-08-06 13:17:35.873000-03:00,267.9839,used,14367
Becas personal,Becas Nodocentes,False,2026-08-06,2026-08-06 08:45:13.781000-03:00,,2026-08-06 13:17:56.051000-03:00,272.7045,used,14370
Becas personal,Becas Nodocentes,False,2026-08-06,2026-08-06 08:49:07.747000-03:00,,2026-08-06 13:22:19.322000-03:00,273.1929166666667,used,14393
Becas personal,Becas Nodocentes,False,2026-08-06,2026-08-06 08:08:34.491000-03:00,,2026-08-06 13:23:35.752000-03:00,315.02101666666664,used,14402
Becas personal,Becas Nodocentes,False,2026-08-06,2026-08-06 10:19:26.344000-03:00,,2026-08-06 13:27:04.455000-03:00,187.63518333333334,used,14419
Becas personal,Becas Nodocentes,False,2026-08-06,2026-08-06 11:19:30.969000-03:00,,2026-08-06 13:27:51.401000-03:00,128.34053333333333,used,14431
Becas personal,Becas Nodocentes,False,2026-08-06,2026-08-06 08:13:07.829000-03:00,,2026-08-06 13:30:56.434000-03:00,317.81008333333335,used,14456
Becas personal,Becas Nodocentes,False,2026-08-06,2026-08-06 08:32:31.021000-03:00,,2026-08-06 13:31:29.091000-03:00,298.9678333333333,used,14462
Becas personal,Becas Nodocentes,False,2026-08-06,2026-08-06 08:23:49.007000-03:00,,2026-08-06 13:31:51.498000-03:00,308.0415166666667,used,14464
Becas personal,Becas Nodocentes,False,2026-08-06,2026-08-06 08:44:46.890000-03:00,,2026-08-06 13:33:22.161000-03:00,288.58785,used,14477
Becas personal,Becas Nodocentes,False,2026-08-06,2026-08-06 08:32:46.706000-03:00,,2026-08-06 13:35:15.303000-03:00,302.4766166666667,used,14489
Becas personal,Becas Nodocentes,False,2026-08-06,2026-08-06 08:08:04.349000-03:00,,2026-08-06 13:35:24.834000-03:00,327.3414166666667,used,14490
Becas personal,Becas Nodocentes,False,2026-08-06,2026-08-06 08:33:40.692000-03:00,,2026-08-06 13:39:07.576000-03:00,305.44806666666665,used,14513
Becas personal,Becas Nodocentes,False,2026-08-06,2026-08-06 10:14:42.241000-03:00,,2026-08-06 13:39:13.294000-03:00,204.51755,used,14514
Becas personal,Becas Nodocentes,False,2026-08-06,2026-08-06 09:57:35.549000-03:00,,2026-08-06 13:42:03.945000-03:00,224.4732666666667,used,14535
Becas personal,Becas Nodocentes,False,2026-08-06,2026-08-06 08:19:28.277000-03:00,,2026-08-06 13:43:59.612000-03:00,324.52225,used,14544
Becas personal,Becas Nodocentes,False,2026-08-06,2026-08-06 08:18:45.738000-03:00,,2026-08-06 13:44:01.352000-03:00,325.26023333333336,used,14545
Becas personal,Becas Nodocentes,False,2026-08-06,2026-08-06 08:16:17.951000-03:00,,2026-08-06 13:46:07.314000-03:00,329.8227166666667,used,14557
Becas personal,Becas Nodocentes,False,2026-08-06,2026-08-06 08:55:42.586000-03:00,,2026-08-06 13:47:10.937000-03:00,291.47251666666665,used,14564
Becas personal,Becas Nodocentes,False,2026-08-06,2026-08-06 09:10:36.799000-03:00,,2026-08-06 13:48:16.618000-03:00,277.66365,used,14574
Becas personal,Becas Nodocentes,False,2026-08-06,2026-08-06 08:31:54.673000-03:00,,2026-08-06 14:00:34.091000-03:00,328.6569666666667,used,14648
Becas personal,Becas Nodocentes,False,2026-08-06,2026-08-06 10:08:27.187000-03:00,,2026-08-06 14:10:34.919000-03:00,242.12886666666665,used,14713
Becas personal,Becas Nodocentes,False,2026-08-06,2026-08-06 09:54:06.576000-03:00,,2026-08-06 14:11:46.692000-03:00,257.6686,used,14721
Becas personal,Becas Nodocentes,False,2026-08-06,2026-08-06 08:41:50.689000-03:00,,2026-08-06 14:14:31.962000-03:00,332.68788333333333,used,14741
Becas personal,Becas Nodocentes,False,2026-08-06,2026-08-06 10:37:29.490000-03:00,,2026-08-06 14:16:08.697000-03:00,218.65345,used,14752
Becas personal,Becas Nodocentes,False,2026-08-06,2026-08-06 08:52:16.964000-03:00,,2026-08-06 14:18:14.098000-03:00,325.9522333333333,used,14764
Becas personal,Becas Nodocentes,False,2026-08-06,2026-08-06 08:19:48.613000-03:00,,2026-08-06 14:18:18.899000-03:00,358.5047666666667,used,14765
Becas personal,Becas Nodocentes,False,2026-08-06,2026-08-06 08:43:44.903000-03:00,,2026-08-06 14:18:32.072000-03:00,334.78615,used,14767
Becas personal,Becas Nodocentes,False,2026-08-06,2026-08-06 08:54:41.206000-03:00,,2026-08-06 14:23:04.889000-03:00,328.3947166666667,used,14784
Becas personal,Becas Nodocentes,False,2026-08-06,2026-08-06 10:07:55.944000-03:00,,2026-08-06 14:23:46.636000-03:00,255.84486666666666,used,14788
Becas personal,Becas Nodocentes,False,2026-08-07,2026-08-07 10:56:12.476000-03:00,,2026-08-07 12:01:01.811000-03:00,64.82225,used,14819
Becas personal,Becas Nodocentes,False,2026-08-07,2026-08-07 11:17:54.395000-03:00,,2026-08-07 12:01:08.082000-03:00,43.228116666666665,used,14820
Becas personal,Becas Nodocentes,False,2026-08-07,2026-08-07 08:17:05.053000-03:00,,2026-08-07 12:11:36.739000-03:00,234.5281,used,14953
Becas personal,Becas Nodocentes,False,2026-08-07,2026-08-07 08:22:20.242000-03:00,,2026-08-07 12:12:21.882000-03:00,230.02733333333333,used,14968
Becas personal,Becas Nodocentes,False,2026-08-07,2026-08-07 08:14:34.083000-03:00,,2026-08-07 12:16:30.302000-03:00,241.93698333333333,used,15021
Becas personal,Becas Nodocentes,False,2026-08-07,2026-08-07 08:17:39.273000-03:00,,2026-08-07 12:22:12.869000-03:00,244.55993333333333,used,15082
Becas personal,Becas Nodocentes,False,2026-08-07,2026-08-07 09:53:05.274000-03:00,,2026-08-07 12:32:03.406000-03:00,158.96886666666666,used,15138
Becas personal,Becas Nodocentes,False,2026-08-07,2026-08-07 08:05:53.842000-03:00,,2026-08-07 12:34:20.427000-03:00,268.44308333333333,used,15146
Becas personal,Becas Nodocentes,False,2026-08-07,2026-08-07 08:47:56.409000-03:00,,2026-08-07 12:42:29.166000-03:00,234.54595,used,15184
Becas personal,Becas Nodocentes,False,2026-08-07,2026-08-07 08:07:47.122000-03:00,,2026-08-07 12:46:34.577000-03:00,278.7909166666667,used,15215
Becas personal,Becas Nodocentes,False,2026-08-07,2026-08-07 08:28:21.324000-03:00,,2026-08-07 12:50:05.375000-03:00,261.7341833333333,used,15231
Becas personal,Becas Nodocentes,False,2026-08-07,2026-08-07 09:22:26.822000-03:00,,2026-08-07 12:51:52.626000-03:00,209.43006666666668,used,15246
Becas personal,Becas Nodocentes,False,2026-08-07,2026-08-07 08:22:25.376000-03:00,,2026-08-07 12:55:45.535000-03:00,273.33598333333333,used,15267
Becas personal,Becas Nodocentes,False,2026-08-07,2026-08-07 08:25:48.986000-03:00,,2026-08-07 12:57:14.092000-03:00,271.4184333333333,used,15285
Becas personal,Becas Nodocentes,False,2026-08-07,2026-08-07 10:42:56.047000-03:00,,2026-08-07 13:01:30.294000-03:00,138.5707833333333,used,15312
Becas personal,Becas Nodocentes,False,2026-08-07,2026-08-07 10:00:32.083000-03:00,,2026-08-07 13:01:46.274000-03:00,181.2365166666667,used,15316
Becas personal,Becas Nodocentes,False,2026-08-07,2026-08-07 08:32:52.866000-03:00,,2026-08-07 13:03:54.596000-03:00,271.02883333333335,used,15344
Becas personal,Becas Nodocentes,False,2026-08-07,2026-08-07 09:24:30.841000-03:00,,2026-08-07 13:03:57.477000-03:00,219.44393333333335,used,15345
Becas personal,Becas Nodocentes,False,2026-08-07,2026-08-07 08:16:58.992000-03:00,,2026-08-07 13:05:13.529000-03:00,288.2422833333333,used,15359
Becas personal,Becas Nodocentes,False,2026-08-07,2026-08-07 10:42:51.693000-03:00,,2026-08-07 13:05:47.576000-03:00,142.93138333333334,used,15369
Becas personal,Becas Nodocentes,False,2026-08-07,2026-08-07 09:16:07.241000-03:00,,2026-08-07 13:06:09.666000-03:00,230.04041666666666,used,15374
Becas personal,Becas Nodocentes,False,2026-08-07,2026-08-07 09:15:29.204000-03:00,,2026-08-07 13:06:13.115000-03:00,230.73185,used,15375
Becas personal,Becas Nodocentes,False,2026-08-07,2026-08-07 10:52:16.746000-03:00,,2026-08-07 13:06:39.773000-03:00,134.38378333333333,used,15381
Becas personal,Becas Nodocentes,False,2026-08-07,2026-08-07 10:20:10.069000-03:00,,2026-08-07 13:11:39.119000-03:00,171.48416666666665,used,15427
Becas personal,Becas Nodocentes,False,2026-08-07,2026-08-07 08:39:58.461000-03:00,,2026-08-07 13:13:00.624000-03:00,273.03605,used,15441
Becas personal,Becas Nodocentes,False,2026-08-07,2026-08-07 08:52:50.577000-03:00,,2026-08-07 13:14:25.378000-03:00,261.58001666666667,used,15458
Becas personal,Becas Nodocentes,False,2026-08-07,2026-08-07 08:18:49.286000-03:00,,2026-08-07 13:16:23.931000-03:00,297.5774166666667,used,15476
Becas personal,Becas Nodocentes,False,2026-08-07,2026-08-07 08:18:57.249000-03:00,,2026-08-07 13:16:27.246000-03:00,297.49995,used,15477
Becas personal,Becas Nodocentes,False,2026-08-07,2026-08-07 08:07:48.764000-03:00,,2026-08-07 13:16:30.448000-03:00,308.6947333333334,used,15478
Becas personal,Becas Nodocentes,False,2026-08-07,2026-08-07 08:41:43.113000-03:00,,2026-08-07 13:20:25.054000-03:00,278.69901666666664,used,15502
Becas personal,Becas Nodocentes,False,2026-08-07,2026-08-07 08:35:04.951000-03:00,,2026-08-07 13:20:28.306000-03:00,285.38925,used,15503
Becas personal,Becas Nodocentes,False,2026-08-07,2026-08-07 08:19:01.466000-03:00,,2026-08-07 13:21:45.936000-03:00,302.7411666666667,used,15514
Becas personal,Becas Nodocentes,False,2026-08-07,2026-08-07 08:28:16.479000-03:00,,2026-08-07 13:24:57.436000-03:00,296.68261666666666,used,15536
Becas personal,Becas Nodocentes,False,2026-08-07,2026-08-07 10:01:15.565000-03:00,,2026-08-07 13:39:32.468000-03:00,218.28171666666668,used,15612
Becas personal,Becas Nodocentes,False,2026-08-07,2026-08-07 10:32:50.699000-03:00,,2026-08-07 13:41:13.792000-03:00,188.38488333333333,used,15622
Becas personal,Becas Nodocentes,False,2026-08-07,2026-08-07 08:16:35.454000-03:00,,2026-08-07 13:42:08.511000-03:00,325.55095,used,15623
Becas personal,Becas Nodocentes,False,2026-08-07,2026-08-07 09:28:45.835000-03:00,,2026-08-07 13:47:40.599000-03:00,258.91273333333334,used,15654
Becas personal,Becas Nodocentes,False,2026-08-07,2026-08-07 08:49:48.154000-03:00,,2026-08-07 13:47:55.470000-03:00,298.1219333333333,used,15655
Becas personal,Becas Nodocentes,False,2026-08-07,2026-08-07 08:58:58.621000-03:00,,2026-08-07 13:49:35.724000-03:00,290.6183833333333,used,15671
Becas personal,Becas Nodocentes,False,2026-08-07,2026-08-07 08:17:03.772000-03:00,,2026-08-07 13:50:56.787000-03:00,333.8835833333333,used,15680
Becas personal,Becas Nodocentes,False,2026-08-07,2026-08-07 08:17:46.118000-03:00,,2026-08-07 13:51:00.060000-03:00,333.2323666666667,used,15681
Becas personal,Becas Nodocentes,False,2026-08-07,2026-08-07 08:14:11.502000-03:00,,2026-08-07 13:54:31.912000-03:00,340.3401666666667,used,15708
Becas personal,Becas Nodocentes,False,2026-08-07,2026-08-07 08:43:05.352000-03:00,,2026-08-07 13:57:29.439000-03:00,314.40145,used,15726
Becas personal,Becas Nodocentes,False,2026-08-07,2026-08-07 10:08:01.391000-03:00,,2026-08-07 13:57:53.718000-03:00,229.87211666666664,used,15728
Becas personal,Becas Nodocentes,False,2026-08-07,2026-08-07 10:46:13.069000-03:00,,2026-08-07 14:11:59.459000-03:00,205.77316666666667,used,15833
Becas personal,Becas Nodocentes,False,2026-08-07,2026-08-07 09:38:06.203000-03:00,,2026-08-07 14:14:37.086000-03:00,276.5147166666667,used,15853
Becas personal,Becas Nodocentes,False,2026-08-07,2026-08-07 10:52:07.980000-03:00,,2026-08-07 14:15:41.362000-03:00,203.55636666666666,used,15865
Becas personal,Becas Nodocentes,False,2026-08-07,2026-08-07 09:19:41.900000-03:00,,2026-08-07 14:16:44.214000-03:00,297.03856666666667,used,15873
Becas personal,Becas Nodocentes,False,2026-08-07,2026-08-07 08:06:25.495000-03:00,,2026-08-07 14:18:24.913000-03:00,371.99030000000005,used,15886
Becas personal,Becas Nodocentes,False,2026-08-07,2026-08-07 08:05:14.532000-03:00,,2026-08-07 14:20:36.192000-03:00,375.361,used,15905
Becas personal,Becas Nodocentes,False,2026-08-07,2026-08-07 08:16:50.291000-03:00,,2026-08-07 14:21:23.288000-03:00,364.54994999999997,used,15913
Becas personal,Becas Nodocentes,False,2026-08-07,2026-08-07 08:12:02.826000-03:00,,2026-08-07 14:21:49.806000-03:00,369.783,used,15917
Becas personal,Becas Nodocentes,False,2026-08-10,2026-08-10 10:35:45.405000-03:00,,2026-08-10 12:02:41.712000-03:00,86.93845,used,15997
Becas personal,Becas Nodocentes,False,2026-08-10,2026-08-10 10:37:53.093000-03:00,,2026-08-10 12:03:01.347000-03:00,85.13756666666667,used,15998
Becas personal,Becas Nodocentes,False,2026-08-10,2026-08-10 10:43:46.899000-03:00,,2026-08-10 12:08:54.544000-03:00,85.12741666666668,used,16083
Becas personal,Becas Nodocentes,False,2026-08-10,2026-08-10 08:17:57.651000-03:00,,2026-08-10 12:10:23.037000-03:00,232.4231,used,16100
Becas personal,Becas Nodocentes,False,2026-08-10,2026-08-10 08:04:49.488000-03:00,,2026-08-10 12:38:43.132000-03:00,273.8940666666667,used,16400
Becas personal,Becas Nodocentes,False,2026-08-10,2026-08-10 08:19:36.917000-03:00,,2026-08-10 12:40:00.248000-03:00,260.38885,used,16419
Becas personal,Becas Nodocentes,False,2026-08-10,2026-08-10 08:34:31.519000-03:00,,2026-08-10 12:40:02.180000-03:00,245.51101666666668,used,16420
Becas personal,Becas Nodocentes,False,2026-08-10,2026-08-10 08:00:14.388000-03:00,,2026-08-10 12:40:16.913000-03:00,280.0420833333334,used,16421
Becas personal,Becas Nodocentes,False,2026-08-10,2026-08-10 10:08:16.251000-03:00,,2026-08-10 12:44:12.893000-03:00,155.94403333333332,used,16477
Becas personal,Becas Nodocentes,False,2026-08-10,2026-08-10 08:07:13.539000-03:00,,2026-08-10 12:45:10.781000-03:00,277.9540333333333,used,16487
Becas personal,Becas Nodocentes,False,2026-08-10,2026-08-10 08:19:05.867000-03:00,,2026-08-10 12:45:59.804000-03:00,266.89895,used,16495
Becas personal,Becas Nodocentes,False,2026-08-10,2026-08-10 08:27:51.830000-03:00,,2026-08-10 12:50:17.289000-03:00,262.4243166666667,used,16548
Becas personal,Becas Nodocentes,False,2026-08-10,2026-08-10 09:32:08.147000-03:00,,2026-08-10 12:55:11.834000-03:00,203.06145,used,16602
Becas personal,Becas Nodocentes,False,2026-08-10,2026-08-10 08:38:42.109000-03:00,,2026-08-10 12:56:03.372000-03:00,257.3543833333334,used,16609
Becas personal,Becas Nodocentes,False,2026-08-10,2026-08-10 09:21:18.083000-03:00,,2026-08-10 12:59:21.758000-03:00,218.06125,used,16651
Becas personal,Becas Nodocentes,False,2026-08-10,2026-08-10 10:03:14.329000-03:00,,2026-08-10 12:59:49.965000-03:00,176.59393333333335,used,16660
Becas personal,Becas Nodocentes,False,2026-08-10,2026-08-10 10:02:41.861000-03:00,,2026-08-10 12:59:52.224000-03:00,177.17271666666664,used,16661
Becas personal,Becas Nodocentes,False,2026-08-10,2026-08-10 08:16:59.296000-03:00,,2026-08-10 13:01:54.876000-03:00,284.9263333333334,used,16684
Becas personal,Becas Nodocentes,False,2026-08-10,2026-08-10 09:14:27.168000-03:00,,2026-08-10 13:02:10.108000-03:00,227.71566666666666,used,16688
Becas personal,Becas Nodocentes,False,2026-08-10,2026-08-10 08:33:35.526000-03:00,,2026-08-10 13:02:13.287000-03:00,268.62935,used,16689
Becas personal,Becas Nodocentes,False,2026-08-10,2026-08-10 08:06:40.633000-03:00,,2026-08-10 13:02:29.595000-03:00,295.81603333333334,used,16692
Becas personal,Becas Nodocentes,False,2026-08-10,2026-08-10 08:07:23.500000-03:00,,2026-08-10 13:02:35.835000-03:00,295.2055833333333,used,16693
Becas personal,Becas Nodocentes,False,2026-08-10,2026-08-10 08:05:20.214000-03:00,,2026-08-10 13:03:18.266000-03:00,297.96753333333334,used,16694
Becas personal,Becas Nodocentes,False,2026-08-10,2026-08-10 08:52:54.449000-03:00,,2026-08-10 13:07:10.523000-03:00,254.2679,used,16745
Becas personal,Becas Nodocentes,False,2026-08-10,2026-08-10 08:38:48.599000-03:00,,2026-08-10 13:08:54.990000-03:00,270.10651666666666,used,16769
Becas personal,Becas Nodocentes,False,2026-08-10,2026-08-10 08:40:35.206000-03:00,,2026-08-10 13:19:25.243000-03:00,278.83395,used,16899
Becas personal,Becas Nodocentes,False,2026-08-10,2026-08-10 09:39:10.672000-03:00,,2026-08-10 13:20:08.555000-03:00,220.96471666666667,used,16909
Becas personal,Becas Nodocentes,False,2026-08-10,2026-08-10 09:30:52.050000-03:00,,2026-08-10 13:21:08.765000-03:00,230.27858333333333,used,16918
Becas personal,Becas Nodocentes,False,2026-08-10,2026-08-10 08:16:22.909000-03:00,,2026-08-10 13:22:43.628000-03:00,306.3453166666667,used,16938
Becas personal,Becas Nodocentes,False,2026-08-10,2026-08-10 08:26:13.574000-03:00,,2026-08-10 13:23:49.921000-03:00,297.60578333333336,used,16954
Becas personal,Becas Nodocentes,False,2026-08-10,2026-08-10 08:26:10.222000-03:00,,2026-08-10 13:24:08.968000-03:00,297.97909999999996,used,16957
Becas personal,Becas Nodocentes,False,2026-08-10,2026-08-10 09:43:18.524000-03:00,,2026-08-10 13:24:44.676000-03:00,221.43586666666667,used,16967
Becas personal,Becas Nodocentes,False,2026-08-10,2026-08-10 08:16:16.300000-03:00,,2026-08-10 13:24:56.385000-03:00,308.6680833333333,used,16970
Becas personal,Becas Nodocentes,False,2026-08-10,2026-08-10 09:07:04.013000-03:00,,2026-08-10 13:25:49.252000-03:00,258.75398333333334,used,16979
Becas personal,Becas Nodocentes,False,2026-08-10,2026-08-10 08:09:30.375000-03:00,,2026-08-10 13:25:52.940000-03:00,316.3760833333333,used,16980
Becas personal,Becas Nodocentes,False,2026-08-10,2026-08-10 10:15:00.836000-03:00,,2026-08-10 13:26:00.924000-03:00,191.00146666666666,used,16983
Becas personal,Becas Nodocentes,False,2026-08-10,2026-08-10 09:49:51.724000-03:00,,2026-08-10 13:26:03.196000-03:00,216.1912,used,16984
Becas personal,Becas Nodocentes,False,2026-08-10,2026-08-10 08:26:18.342000-03:00,,2026-08-10 13:31:50.111000-03:00,305.52948333333336,used,17046
Becas personal,Becas Nodocentes,False,2026-08-10,2026-08-10 08:51:41.814000-03:00,,2026-08-10 13:32:31.561000-03:00,280.82911666666666,used,17056
Becas personal,Becas Nodocentes,False,2026-08-10,2026-08-10 10:06:33.589000-03:00,,2026-08-10 13:33:11.150000-03:00,206.62601666666666,used,17060
Becas personal,Becas Nodocentes,False,2026-08-10,2026-08-10 09:49:50.485000-03:00,,2026-08-10 13:33:35.481000-03:00,223.74993333333333,used,17064
Becas personal,Becas Nodocentes,False,2026-08-10,2026-08-10 10:19:16.351000-03:00,,2026-08-10 13:34:06.373000-03:00,194.83370000000002,used,17069
Becas personal,Becas Nodocentes,False,2026-08-10,2026-08-10 08:09:48.335000-03:00,,2026-08-10 13:36:38.004000-03:00,326.8278166666667,used,17096
Becas personal,Becas Nodocentes,False,2026-08-10,2026-08-10 08:14:52.178000-03:00,,2026-08-10 13:41:07.983000-03:00,326.26341666666667,used,17144
Becas personal,Becas Nodocentes,False,2026-08-10,2026-08-10 09:00:20.930000-03:00,,2026-08-10 13:42:03.984000-03:00,281.71756666666664,used,17159
Becas personal,Becas Nodocentes,False,2026-08-10,2026-08-10 08:13:09.585000-03:00,,2026-08-10 13:48:05.149000-03:00,334.92606666666666,used,17221
Becas personal,Becas Nodocentes,False,2026-08-10,2026-08-10 08:18:48.011000-03:00,,2026-08-10 13:48:26.001000-03:00,329.6331666666667,used,17222
Becas personal,Becas Nodocentes,False,2026-08-10,2026-08-10 09:16:19.826000-03:00,,2026-08-10 13:48:46.053000-03:00,272.43711666666667,used,17224
Becas personal,Becas Nodocentes,False,2026-08-10,2026-08-10 10:25:36.340000-03:00,,2026-08-10 13:48:48.635000-03:00,203.20491666666666,used,17225
Becas personal,Becas Nodocentes,False,2026-08-10,2026-08-10 09:11:10.149000-03:00,,2026-08-10 13:57:20.667000-03:00,286.1753,used,17289
Becas personal,Becas Nodocentes,False,2026-08-10,2026-08-10 10:22:53.086000-03:00,,2026-08-10 14:02:26.146000-03:00,219.551,used,17328
Becas personal,Becas Nodocentes,False,2026-08-10,2026-08-10 10:25:02.022000-03:00,,2026-08-10 14:04:33.440000-03:00,219.52363333333332,used,17349
Becas personal,Becas Nodocentes,False,2026-08-10,2026-08-10 08:51:00.032000-03:00,,2026-08-10 14:07:48.584000-03:00,316.8092,used,17373
Becas personal,Becas Nodocentes,False,2026-08-10,2026-08-10 08:50:32.544000-03:00,,2026-08-10 14:08:03.278000-03:00,317.5122333333333,used,17374
Becas personal,Becas Nodocentes,False,2026-08-10,2026-08-10 08:44:10.501000-03:00,,2026-08-10 14:10:33.808000-03:00,326.38845000000003,used,17398
Becas personal,Becas Nodocentes,False,2026-08-10,2026-08-10 09:26:24.937000-03:00,,2026-08-10 14:11:51.314000-03:00,285.43961666666667,used,17407
Becas personal,Becas Nodocentes,False,2026-08-10,2026-08-10 09:24:13.198000-03:00,,2026-08-10 14:12:49.698000-03:00,288.60833333333335,used,17417
Becas personal,Becas Nodocentes,False,2026-08-10,2026-08-10 08:38:01.449000-03:00,,2026-08-10 14:13:03.549000-03:00,335.03499999999997,used,17421
Becas personal,Becas Nodocentes,False,2026-08-10,2026-08-10 09:25:03.798000-03:00,,2026-08-10 14:14:58.783000-03:00,289.9164166666667,used,17441
Becas personal,Becas Nodocentes,False,2026-08-10,2026-08-10 08:39:01.560000-03:00,,2026-08-10 14:23:47.730000-03:00,344.7695,used,17518
Becas personal,Becas Nodocentes,False,2026-08-10,2026-08-10 10:15:25.722000-03:00,,2026-08-10 14:25:07.355000-03:00,249.69388333333333,used,17525
Becas personal,Becas Nodocentes,False,2026-08-11,2026-08-11 08:36:02.677000-03:00,,2026-08-11 12:01:02.540000-03:00,204.99771666666666,used,17558
Becas personal,Becas Nodocentes,False,2026-08-11,2026-08-11 08:15:13.094000-03:00,,2026-08-11 12:05:30.738000-03:00,230.29406666666668,used,17590
Becas personal,Becas Nodocentes,False,2026-08-11,2026-08-11 09:19:47.905000-03:00,,2026-08-11 12:16:15.854000-03:00,176.46581666666668,used,17698
Becas personal,Becas Nodocentes,False,2026-08-11,2026-08-11 08:25:08.166000-03:00,,2026-08-11 12:29:27.762000-03:00,244.32659999999998,used,17873
Becas personal,Becas Nodocentes,False,2026-08-11,2026-08-11 10:36:48.231000-03:00,,2026-08-11 12:38:40.818000-03:00,121.87645,used,18000
Becas personal,Becas Nodocentes,False,2026-08-11,2026-08-11 10:03:26.957000-03:00,,2026-08-11 12:43:17-03:00,159.83405,used,18040
Becas personal,Becas Nodocentes,False,2026-08-11,2026-08-11 09:19:40.824000-03:00,,2026-08-11 12:53:11.564000-03:00,213.51233333333332,used,18147
Becas personal,Becas Nodocentes,False,2026-08-11,2026-08-11 08:01:38.062000-03:00,,2026-08-11 12:54:20.449000-03:00,292.70644999999996,used,18151
Becas personal,Becas Nodocentes,False,2026-08-11,2026-08-11 10:09:53.401000-03:00,,2026-08-11 13:00:00.934000-03:00,170.12555,used,18206
Becas personal,Becas Nodocentes,False,2026-08-11,2026-08-11 08:43:44.648000-03:00,,2026-08-11 13:00:04.850000-03:00,256.3367,used,18207
Becas personal,Becas Nodocentes,False,2026-08-11,2026-08-11 09:48:16.701000-03:00,,2026-08-11 13:04:20.716000-03:00,196.06691666666666,used,18260
Becas personal,Becas Nodocentes,False,2026-08-11,2026-08-11 10:02:28.851000-03:00,,2026-08-11 13:05:28.424000-03:00,182.99288333333334,used,18278
Becas personal,Becas Nodocentes,False,2026-08-11,2026-08-11 08:24:39.008000-03:00,,2026-08-11 13:05:54.644000-03:00,281.26059999999995,used,18285
Becas personal,Becas Nodocentes,False,2026-08-11,2026-08-11 08:14:08.330000-03:00,,2026-08-11 13:10:43.288000-03:00,296.5826333333333,used,18349
Becas personal,Becas Nodocentes,False,2026-08-11,2026-08-11 08:07:13.153000-03:00,,2026-08-11 13:13:06.944000-03:00,305.8965166666667,used,18386
Becas personal,Becas Nodocentes,False,2026-08-11,2026-08-11 08:19:48.978000-03:00,,2026-08-11 13:14:53.784000-03:00,295.0801,used,18413
Becas personal,Becas Nodocentes,False,2026-08-11,2026-08-11 10:12:06.003000-03:00,,2026-08-11 13:16:14.953000-03:00,184.14916666666667,used,18434
Becas personal,Becas Nodocentes,False,2026-08-11,2026-08-11 08:12:01.361000-03:00,,2026-08-11 13:17:44.691000-03:00,305.7221666666667,used,18455
Becas personal,Becas Nodocentes,False,2026-08-11,2026-08-11 08:05:34.695000-03:00,,2026-08-11 13:17:48.029000-03:00,312.2222333333333,used,18456
Becas personal,Becas Nodocentes,False,2026-08-11,2026-08-11 08:17:41.319000-03:00,,2026-08-11 13:17:50.472000-03:00,300.15254999999996,used,18457
Becas personal,Becas Nodocentes,False,2026-08-11,2026-08-11 08:04:11.921000-03:00,,2026-08-11 13:18:54.509000-03:00,314.7098,used,18470
Becas personal,Becas Nodocentes,False,2026-08-11,2026-08-11 09:17:54.453000-03:00,,2026-08-11 13:21:25.134000-03:00,243.51135000000002,used,18495
Becas personal,Becas Nodocentes,False,2026-08-11,2026-08-11 08:05:59.031000-03:00,,2026-08-11 13:22:17.044000-03:00,316.30021666666664,used,18509
Becas personal,Becas Nodocentes,False,2026-08-11,2026-08-11 08:44:07.197000-03:00,,2026-08-11 13:23:23.866000-03:00,279.2778166666667,used,18528
Becas personal,Becas Nodocentes,False,2026-08-11,2026-08-11 09:05:39.842000-03:00,,2026-08-11 13:23:45.160000-03:00,258.08863333333335,used,18535
Becas personal,Becas Nodocentes,False,2026-08-11,2026-08-11 09:43:53.381000-03:00,,2026-08-11 13:23:48.138000-03:00,219.91261666666665,used,18536
Becas personal,Becas Nodocentes,False,2026-08-11,2026-08-11 09:58:33.693000-03:00,,2026-08-11 13:23:58.816000-03:00,205.41871666666665,used,18540
Becas personal,Becas Nodocentes,False,2026-08-11,2026-08-11 10:03:57.543000-03:00,,2026-08-11 13:24:01.449000-03:00,200.0651,used,18541
Becas personal,Becas Nodocentes,False,2026-08-11,2026-08-11 09:31:41.447000-03:00,,2026-08-11 13:31:36.444000-03:00,239.91661666666667,used,18629
Becas personal,Becas Nodocentes,False,2026-08-11,2026-08-11 08:40:47.283000-03:00,,2026-08-11 13:33:09.663000-03:00,292.373,used,18650
Becas personal,Becas Nodocentes,False,2026-08-11,2026-08-11 08:09:23.305000-03:00,,2026-08-11 13:33:20.782000-03:00,323.95795,used,18654
Becas personal,Becas Nodocentes,False,2026-08-11,2026-08-11 08:17:35.742000-03:00,,2026-08-11 13:33:23.403000-03:00,315.79435,used,18655
Becas personal,Becas Nodocentes,False,2026-08-11,2026-08-11 09:23:29.422000-03:00,,2026-08-11 13:35:08.189000-03:00,251.64611666666667,used,18685
Becas personal,Becas Nodocentes,False,2026-08-11,2026-08-11 08:56:22.421000-03:00,,2026-08-11 13:39:37.936000-03:00,283.2585833333333,used,18738
Becas personal,Becas Nodocentes,False,2026-08-11,2026-08-11 08:23:44.397000-03:00,,2026-08-11 13:40:56.673000-03:00,317.2046,used,18744
Becas personal,Becas Nodocentes,False,2026-08-11,2026-08-11 08:05:20.385000-03:00,,2026-08-11 13:41:01.878000-03:00,335.69154999999995,used,18745
Becas personal,Becas Nodocentes,False,2026-08-11,2026-08-11 08:24:17.079000-03:00,,2026-08-11 13:41:25.178000-03:00,317.1349833333333,used,18750
Becas personal,Becas Nodocentes,False,2026-08-11,2026-08-11 08:23:53.180000-03:00,,2026-08-11 13:42:09.499000-03:00,318.2719833333333,used,18755
Becas personal,Becas Nodocentes,False,2026-08-11,2026-08-11 10:05:25.576000-03:00,,2026-08-11 13:42:18.798000-03:00,216.88703333333333,used,18758
Becas personal,Becas Nodocentes,False,2026-08-11,2026-08-11 09:06:10.395000-03:00,,2026-08-11 13:42:27.672000-03:00,276.28794999999997,used,18761
Becas personal,Becas Nodocentes,False,2026-08-11,2026-08-11 10:21:54.641000-03:00,,2026-08-11 13:43:26.946000-03:00,201.53841666666668,used,18768
Becas personal,Becas Nodocentes,False,2026-08-11,2026-08-11 09:59:39.099000-03:00,,2026-08-11 13:45:53.557000-03:00,226.24096666666668,used,18786
Becas personal,Becas Nodocentes,False,2026-08-11,2026-08-11 10:58:04.316000-03:00,,2026-08-11 13:47:02.181000-03:00,168.96441666666666,used,18795
Becas personal,Becas Nodocentes,False,2026-08-11,2026-08-11 08:01:15.195000-03:00,,2026-08-11 13:47:13.202000-03:00,345.96678333333335,used,18796
Becas personal,Becas Nodocentes,False,2026-08-11,2026-08-11 08:26:32.601000-03:00,,2026-08-11 13:47:28.705000-03:00,320.93506666666667,used,18798
Becas personal,Becas Nodocentes,False,2026-08-11,2026-08-11 08:05:47.476000-03:00,,2026-08-11 13:48:05.556000-03:00,342.3013333333334,used,18802
Becas personal,Becas Nodocentes,False,2026-08-11,2026-08-11 08:50:09.501000-03:00,,2026-08-11 13:49:52.599000-03:00,299.71830000000006,used,18816
Becas personal,Becas Nodocentes,False,2026-08-11,2026-08-11 09:58:26.667000-03:00,,2026-08-11 13:50:21.422000-03:00,231.91258333333332,used,18821
Becas personal,Becas Nodocentes,False,2026-08-11,2026-08-11 09:34:26.835000-03:00,,2026-08-11 13:50:34.992000-03:00,256.13595,used,18823
Becas personal,Becas Nodocentes,False,2026-08-11,2026-08-11 09:34:35.765000-03:00,,2026-08-11 13:50:41.385000-03:00,256.0936666666667,used,18824
Becas personal,Becas Nodocentes,False,2026-08-11,2026-08-11 09:25:22.226000-03:00,,2026-08-11 13:51:25.450000-03:00,266.05373333333335,used,18831
Becas personal,Becas Nodocentes,False,2026-08-11,2026-08-11 10:07:02.290000-03:00,,2026-08-11 13:57:52.766000-03:00,230.84126666666668,used,18900
Becas personal,Becas Nodocentes,False,2026-08-11,2026-08-11 09:24:27.696000-03:00,,2026-08-11 13:59:34.947000-03:00,275.12085,used,18919
Becas personal,Becas Nodocentes,False,2026-08-11,2026-08-11 09:25:34.303000-03:00,,2026-08-11 14:00:14.747000-03:00,274.67406666666665,used,18922
Becas personal,Becas Nodocentes,False,2026-08-11,2026-08-11 08:30:19.962000-03:00,,2026-08-11 14:04:34.304000-03:00,334.23903333333334,used,18961
Becas personal,Becas Nodocentes,False,2026-08-11,2026-08-11 10:21:13.872000-03:00,,2026-08-11 14:12:25.180000-03:00,231.18846666666667,used,19007
Becas personal,Becas Nodocentes,False,2026-08-11,2026-08-11 10:33:19.052000-03:00,,2026-08-11 14:13:15.470000-03:00,219.9403,used,19009
Becas personal,Becas Nodocentes,False,2026-08-11,2026-08-11 08:54:55.900000-03:00,,2026-08-11 14:13:20.014000-03:00,318.4019,used,19010
Becas personal,Becas Nodocentes,False,2026-08-11,2026-08-11 09:44:21.860000-03:00,,2026-08-11 14:15:35.206000-03:00,271.2224333333333,used,19035
Becas personal,Becas Nodocentes,False,2026-08-11,2026-08-11 08:36:46.313000-03:00,,2026-08-11 14:16:29.415000-03:00,339.71836666666667,used,19045
Becas personal,Becas Nodocentes,False,2026-08-11,2026-08-11 10:29:13.194000-03:00,,2026-08-11 14:18:28.101000-03:00,229.24845,used,19064
Becas personal,Becas Nodocentes,False,2026-08-11,2026-08-11 10:26:42.164000-03:00,,2026-08-11 14:22:50.266000-03:00,236.13503333333335,used,19088
Becas personal,Becas Nodocentes,False,2026-08-11,2026-08-11 08:11:16.824000-03:00,,2026-08-11 14:24:23.811000-03:00,373.11645000000004,used,19095
Becas personal,Becas Nodocentes,False,2026-08-11,2026-08-11 09:15:43.236000-03:00,,2026-08-11 14:25:35.386000-03:00,309.8691666666667,used,19100
Becas personal,Becas Nodocentes,False,2026-08-13,2026-08-13 09:22:48.195000-03:00,,2026-08-13 12:03:47.299000-03:00,160.98506666666665,used,19127
Becas personal,Becas Nodocentes,False,2026-08-13,2026-08-13 08:39:33.026000-03:00,,2026-08-13 12:03:51.097000-03:00,204.30118333333334,used,19128
Becas personal,Becas Nodocentes,False,2026-08-13,2026-08-13 10:28:19.676000-03:00,,2026-08-13 12:03:57.156000-03:00,95.62466666666666,used,19129
Becas personal,Becas Nodocentes,False,2026-08-13,2026-08-13 08:15:29.611000-03:00,,2026-08-13 12:08:02.750000-03:00,232.55231666666666,used,19191
Becas personal,Becas Nodocentes,False,2026-08-13,2026-08-13 08:22:16.598000-03:00,,2026-08-13 12:25:50.710000-03:00,243.5685333333333,used,19400
Becas personal,Becas Nodocentes,False,2026-08-13,2026-08-13 08:03:57.752000-03:00,,2026-08-13 12:26:06.288000-03:00,262.14226666666667,used,19404
Becas personal,Becas Nodocentes,False,2026-08-13,2026-08-13 08:46:58.827000-03:00,,2026-08-13 12:36:38.143000-03:00,229.65526666666668,used,19523
Becas personal,Becas Nodocentes,False,2026-08-13,2026-08-13 08:23:26.830000-03:00,,2026-08-13 12:38:31.089000-03:00,255.07098333333334,used,19537
Becas personal,Becas Nodocentes,False,2026-08-13,2026-08-13 08:01:23.104000-03:00,,2026-08-13 12:49:16.945000-03:00,287.89735,used,19673
Becas personal,Becas Nodocentes,False,2026-08-13,2026-08-13 09:57:13.765000-03:00,,2026-08-13 12:52:40.809000-03:00,175.45073333333332,used,19710
Becas personal,Becas Nodocentes,False,2026-08-13,2026-08-13 08:55:58.029000-03:00,2026-08-13 08:55:49.290000-03:00,2026-08-13 13:01:29.806000-03:00,245.52961666666667,used,19822
Becas personal,Becas Nodocentes,False,2026-08-13,2026-08-13 10:32:14.467000-03:00,,2026-08-13 13:01:33.575000-03:00,149.31846666666667,used,19823
Becas personal,Becas Nodocentes,False,2026-08-13,2026-08-13 08:55:41.799000-03:00,,2026-08-13 13:01:37.142000-03:00,245.92238333333336,used,19824
Becas personal,Becas Nodocentes,False,2026-08-13,2026-08-13 08:50:43.541000-03:00,,2026-08-13 13:02:16.395000-03:00,251.54756666666665,used,19836
Becas personal,Becas Nodocentes,False,2026-08-13,2026-08-13 10:07:42.721000-03:00,,2026-08-13 13:02:27.107000-03:00,174.73976666666667,used,19837
Becas personal,Becas Nodocentes,False,2026-08-13,2026-08-13 08:16:42.525000-03:00,,2026-08-13 13:06:29.596000-03:00,289.78451666666666,used,19900
Becas personal,Becas Nodocentes,False,2026-08-13,2026-08-13 09:51:46.492000-03:00,,2026-08-13 13:10:43.687000-03:00,198.95325,used,19947
Becas personal,Becas Nodocentes,False,2026-08-13,2026-08-13 08:50:04.026000-03:00,,2026-08-13 13:11:30.147000-03:00,261.43534999999997,used,19959
Becas personal,Becas Nodocentes,False,2026-08-13,2026-08-13 08:16:23.200000-03:00,,2026-08-13 13:11:45.272000-03:00,295.36786666666666,used,19962
Becas personal,Becas Nodocentes,False,2026-08-13,2026-08-13 08:17:34.672000-03:00,,2026-08-13 13:11:48.503000-03:00,294.23051666666663,used,19963
Becas personal,Becas Nodocentes,False,2026-08-13,2026-08-13 09:28:27.475000-03:00,,2026-08-13 13:14:10.323000-03:00,225.71413333333334,used,19988
Becas personal,Becas Nodocentes,False,2026-08-13,2026-08-13 09:12:25.709000-03:00,,2026-08-13 13:17:11.552000-03:00,244.76405000000003,used,20040
Becas personal,Becas Nodocentes,False,2026-08-13,2026-08-13 09:11:53.186000-03:00,,2026-08-13 13:17:14.370000-03:00,245.35306666666665,used,20041
Becas personal,Becas Nodocentes,False,2026-08-13,2026-08-13 08:25:10.401000-03:00,,2026-08-13 13:17:20.794000-03:00,292.1732166666667,used,20043
Becas personal,Becas Nodocentes,False,2026-08-13,2026-08-13 08:08:27.457000-03:00,,2026-08-13 13:17:23.214000-03:00,308.92928333333333,used,20044
Becas personal,Becas Nodocentes,False,2026-08-13,2026-08-13 08:06:15.546000-03:00,,2026-08-13 13:17:26.036000-03:00,311.17483333333337,used,20045
Becas personal,Becas Nodocentes,False,2026-08-13,2026-08-13 09:27:28.670000-03:00,,2026-08-13 13:22:26.826000-03:00,234.96926666666667,used,20119
Becas personal,Becas Nodocentes,False,2026-08-13,2026-08-13 09:18:53.033000-03:00,,2026-08-13 13:22:52.506000-03:00,243.99121666666667,used,20127
Becas personal,Becas Nodocentes,False,2026-08-13,2026-08-13 09:38:54.536000-03:00,,2026-08-13 13:23:18.796000-03:00,224.40433333333334,used,20128
Becas personal,Becas Nodocentes,False,2026-08-13,2026-08-13 08:11:22.536000-03:00,,2026-08-13 13:24:57.664000-03:00,313.58546666666666,used,20150
Becas personal,Becas Nodocentes,False,2026-08-13,2026-08-13 08:11:52.466000-03:00,,2026-08-13 13:25:45.255000-03:00,313.87981666666667,used,20155
Becas personal,Becas Nodocentes,False,2026-08-13,2026-08-13 09:06:29.269000-03:00,,2026-08-13 13:28:13.499000-03:00,261.73716666666667,used,20179
Becas personal,Becas Nodocentes,False,2026-08-13,2026-08-13 08:29:09.488000-03:00,,2026-08-13 13:30:33.139000-03:00,301.3941833333334,used,20211
Becas personal,Becas Nodocentes,False,2026-08-13,2026-08-13 08:52:26.001000-03:00,,2026-08-13 13:30:41.314000-03:00,278.2552166666666,used,20212
Becas personal,Becas Nodocentes,False,2026-08-13,2026-08-13 09:51:51.779000-03:00,,2026-08-13 13:32:52.582000-03:00,221.01338333333334,used,20244
Becas personal,Becas Nodocentes,False,2026-08-13,2026-08-13 08:26:26.512000-03:00,,2026-08-13 13:34:03.342000-03:00,307.6138333333334,used,20260
Becas personal,Becas Nodocentes,False,2026-08-13,2026-08-13 08:19:16.820000-03:00,,2026-08-13 13:34:41.670000-03:00,315.41416666666663,used,20267
Becas personal,Becas Nodocentes,False,2026-08-13,2026-08-13 08:03:54.977000-03:00,,2026-08-13 13:34:44.602000-03:00,330.82708333333335,used,20268
Becas personal,Becas Nodocentes,False,2026-08-13,2026-08-13 08:28:29.148000-03:00,,2026-08-13 13:35:33.856000-03:00,307.07846666666666,used,20278
Becas personal,Becas Nodocentes,False,2026-08-13,2026-08-13 08:06:38.157000-03:00,,2026-08-13 13:35:59.548000-03:00,329.35651666666666,used,20281
Becas personal,Becas Nodocentes,False,2026-08-13,2026-08-13 08:11:48.389000-03:00,,2026-08-13 13:36:02.963000-03:00,324.2429,used,20282
Becas personal,Becas Nodocentes,False,2026-08-13,2026-08-13 08:19:29.050000-03:00,,2026-08-13 13:41:03.027000-03:00,321.56628333333333,used,20325
Becas personal,Becas Nodocentes,False,2026-08-13,2026-08-13 09:31:10.953000-03:00,,2026-08-13 13:50:17.861000-03:00,259.11513333333335,used,20374
Becas personal,Becas Nodocentes,False,2026-08-13,2026-08-13 10:08:51.419000-03:00,,2026-08-13 13:50:20.516000-03:00,221.48495,used,20375
Becas personal,Becas Nodocentes,False,2026-08-13,2026-08-13 08:54:25.788000-03:00,,2026-08-13 13:51:14.763000-03:00,296.81624999999997,used,20379
Becas personal,Becas Nodocentes,False,2026-08-13,2026-08-13 08:40:33.059000-03:00,,2026-08-13 13:52:11.977000-03:00,311.64863333333335,used,20384
Becas personal,Becas Nodocentes,False,2026-08-13,2026-08-13 09:52:47.776000-03:00,,2026-08-13 13:52:40.163000-03:00,239.87311666666668,used,20386
Becas personal,Becas Nodocentes,False,2026-08-13,2026-08-13 09:32:11.996000-03:00,,2026-08-13 13:52:59.641000-03:00,260.79408333333333,used,20391
Becas personal,Becas Nodocentes,False,2026-08-13,2026-08-13 10:45:16.434000-03:00,,2026-08-13 13:58:14.966000-03:00,192.97553333333332,used,20426
Becas personal,Becas Nodocentes,False,2026-08-13,2026-08-13 09:53:41.140000-03:00,,2026-08-13 14:01:27.562000-03:00,247.77370000000002,used,20449
Becas personal,Becas Nodocentes,False,2026-08-13,2026-08-13 09:17:50.917000-03:00,,2026-08-13 14:03:51.540000-03:00,286.0103833333333,used,20469
Becas personal,Becas Nodocentes,False,2026-08-13,2026-08-13 08:33:46.279000-03:00,,2026-08-13 14:08:01.278000-03:00,334.2499833333333,used,20491
Becas personal,Becas Nodocentes,False,2026-08-13,2026-08-13 08:50:42.158000-03:00,,2026-08-13 14:10:59.635000-03:00,320.2912833333333,used,20512
Becas personal,Becas Nodocentes,False,2026-08-13,2026-08-13 09:32:57.785000-03:00,,2026-08-13 14:11:14.864000-03:00,278.28465,used,20514
Becas personal,Becas Nodocentes,False,2026-08-13,2026-08-13 10:40:19.410000-03:00,,2026-08-13 14:14:56.613000-03:00,214.62005,used,20557
Becas personal,Becas Nodocentes,False,2026-08-13,2026-08-13 08:11:05.222000-03:00,,2026-08-13 14:15:43.545000-03:00,364.63871666666665,used,20559
Becas personal,Becas Nodocentes,False,2026-08-13,2026-08-13 08:38:06.877000-03:00,,2026-08-13 14:17:30.372000-03:00,339.3915833333333,used,20564
Becas personal,Becas Nodocentes,False,2026-08-13,2026-08-13 08:40:42.190000-03:00,,2026-08-13 14:22:36.963000-03:00,341.91288333333335,used,20594
Becas personal,Becas Nodocentes,False,2026-08-13,2026-08-13 08:39:13.792000-03:00,,2026-08-13 14:25:04.426000-03:00,345.84389999999996,used,20602
Becas personal,Becas Nodocentes,False,2026-08-14,2026-08-14 10:03:44.149000-03:00,,2026-08-14 12:04:24.738000-03:00,120.67648333333334,used,20625
Becas personal,Becas Nodocentes,False,2026-08-14,2026-08-14 08:37:40.221000-03:00,,2026-08-14 12:04:28.138000-03:00,206.79861666666665,used,20626
Becas personal,Becas Nodocentes,False,2026-08-14,2026-08-14 08:32:18.372000-03:00,,2026-08-14 12:04:33.216000-03:00,212.2474,used,20627
Becas personal,Becas Nodocentes,False,2026-08-14,2026-08-14 08:17:23.543000-03:00,,2026-08-14 12:09:20.265000-03:00,231.94536666666667,used,20694
Becas personal,Becas Nodocentes,False,2026-08-14,2026-08-14 08:53:28.157000-03:00,,2026-08-14 12:23:08.418000-03:00,209.67101666666667,used,20869
Becas personal,Becas Nodocentes,False,2026-08-14,2026-08-14 08:12:43.376000-03:00,,2026-08-14 12:27:04.652000-03:00,254.3546,used,20918
Becas personal,Becas Nodocentes,False,2026-08-14,2026-08-14 08:25:24.611000-03:00,,2026-08-14 12:27:06.985000-03:00,241.70623333333333,used,20919
Becas personal,Becas Nodocentes,False,2026-08-14,2026-08-14 08:02:39.882000-03:00,,2026-08-14 12:29:51.839000-03:00,267.1992833333333,used,20956
Becas personal,Becas Nodocentes,False,2026-08-14,2026-08-14 09:22:29.694000-03:00,,2026-08-14 12:30:40.942000-03:00,188.18746666666667,used,20965
Becas personal,Becas Nodocentes,False,2026-08-14,2026-08-14 08:35:54.202000-03:00,,2026-08-14 12:34:56.952000-03:00,239.04583333333332,used,21013
Becas personal,Becas Nodocentes,False,2026-08-14,2026-08-14 10:27:08.618000-03:00,,2026-08-14 12:36:27.826000-03:00,129.32013333333333,used,21028
Becas personal,Becas Nodocentes,False,2026-08-14,2026-08-14 09:49:50.408000-03:00,,2026-08-14 12:36:31.008000-03:00,166.67666666666668,used,21029
Becas personal,Becas Nodocentes,False,2026-08-14,2026-08-14 08:20:43.500000-03:00,,2026-08-14 12:37:59.120000-03:00,257.26033333333334,used,21052
Becas personal,Becas Nodocentes,False,2026-08-14,2026-08-14 08:00:32.436000-03:00,,2026-08-14 12:44:38.266000-03:00,284.0971666666667,used,21128
Becas personal,Becas Nodocentes,False,2026-08-14,2026-08-14 10:10:14.860000-03:00,,2026-08-14 12:45:28.552000-03:00,155.2282,used,21130
Becas personal,Becas Nodocentes,False,2026-08-14,2026-08-14 08:08:38.306000-03:00,,2026-08-14 12:45:58.323000-03:00,277.33361666666667,used,21131
Becas personal,Becas Nodocentes,False,2026-08-14,2026-08-14 09:48:25.594000-03:00,,2026-08-14 12:46:50.498000-03:00,178.41506666666666,used,21142
Becas personal,Becas Nodocentes,False,2026-08-14,2026-08-14 10:21:11.977000-03:00,,2026-08-14 12:51:56.962000-03:00,150.74975,used,21199
Becas personal,Becas Nodocentes,False,2026-08-14,2026-08-14 08:58:02.286000-03:00,,2026-08-14 13:00:38.083000-03:00,242.59661666666668,used,21290
Becas personal,Becas Nodocentes,False,2026-08-14,2026-08-14 08:36:32.505000-03:00,,2026-08-14 13:05:49.573000-03:00,269.2844666666667,used,21351
Becas personal,Becas Nodocentes,False,2026-08-14,2026-08-14 08:06:33.403000-03:00,,2026-08-14 13:06:57.522000-03:00,300.4019833333333,used,21363
Becas personal,Becas Nodocentes,False,2026-08-14,2026-08-14 09:57:00.452000-03:00,,2026-08-14 13:08:08.394000-03:00,191.13236666666666,used,21382
Becas personal,Becas Nodocentes,False,2026-08-14,2026-08-14 09:56:28.562000-03:00,,2026-08-14 13:08:11.395000-03:00,191.71388333333334,used,21383
Becas personal,Becas Nodocentes,False,2026-08-14,2026-08-14 12:43:28.611000-03:00,,2026-08-14 13:14:17.400000-03:00,30.81315,used,21460
Becas personal,Becas Nodocentes,False,2026-08-14,2026-08-14 08:05:58.063000-03:00,,2026-08-14 13:15:24.370000-03:00,309.43845,used,21476
Becas personal,Becas Nodocentes,False,2026-08-14,2026-08-14 08:12:48.708000-03:00,,2026-08-14 13:16:16.507000-03:00,303.4633166666666,used,21488
Becas personal,Becas Nodocentes,False,2026-08-14,2026-08-14 09:53:38.464000-03:00,,2026-08-14 13:16:20.074000-03:00,202.6935,used,21489
Becas personal,Becas Nodocentes,False,2026-08-14,2026-08-14 08:03:31.079000-03:00,,2026-08-14 13:16:54.630000-03:00,313.39251666666667,used,21490
Becas personal,Becas Nodocentes,False,2026-08-14,2026-08-14 08:13:58.149000-03:00,,2026-08-14 13:16:57.960000-03:00,302.99685000000005,used,21491
Becas personal,Becas Nodocentes,False,2026-08-14,2026-08-14 08:12:00.464000-03:00,,2026-08-14 13:17:00.409000-03:00,304.9990833333333,used,21492
Becas personal,Becas Nodocentes,False,2026-08-14,2026-08-14 09:50:29.233000-03:00,,2026-08-14 13:18:49.047000-03:00,208.33023333333333,used,21505
Becas personal,Becas Nodocentes,False,2026-08-14,2026-08-14 09:22:39.655000-03:00,,2026-08-14 13:19:36.183000-03:00,236.94213333333335,used,21519
Becas personal,Becas Nodocentes,False,2026-08-14,2026-08-14 09:03:47.173000-03:00,,2026-08-14 13:19:40.186000-03:00,255.88355,used,21520
Becas personal,Becas Nodocentes,False,2026-08-14,2026-08-14 09:51:31.704000-03:00,,2026-08-14 13:20:44.533000-03:00,209.21381666666667,used,21534
Becas personal,Becas Nodocentes,False,2026-08-14,2026-08-14 08:41:52.293000-03:00,,2026-08-14 13:21:57.381000-03:00,280.0848,used,21552
Becas personal,Becas Nodocentes,False,2026-08-14,2026-08-14 10:39:36.025000-03:00,,2026-08-14 13:22:01.710000-03:00,162.42808333333332,used,21553
Becas personal,Becas Nodocentes,False,2026-08-14,2026-08-14 09:13:34.947000-03:00,,2026-08-14 13:22:10.713000-03:00,248.5961,used,21555
Becas personal,Becas Nodocentes,False,2026-08-14,2026-08-14 08:16:56.099000-03:00,,2026-08-14 13:23:04.238000-03:00,306.13565,used,21567
Becas personal,Becas Nodocentes,False,2026-08-14,2026-08-14 08:07:33.965000-03:00,,2026-08-14 13:23:39.723000-03:00,316.0959666666667,used,21575
Becas personal,Becas Nodocentes,False,2026-08-14,2026-08-14 10:18:56.250000-03:00,,2026-08-14 13:23:48.679000-03:00,184.87381666666667,used,21577
Becas personal,Becas Nodocentes,False,2026-08-14,2026-08-14 08:32:54.674000-03:00,,2026-08-14 13:24:55.308000-03:00,292.01056666666665,used,21594
Becas personal,Becas Nodocentes,False,2026-08-14,2026-08-14 08:23:10.746000-03:00,,2026-08-14 13:25:25.157000-03:00,302.24018333333333,used,21603
Becas personal,Becas Nodocentes,False,2026-08-14,2026-08-14 10:04:57.691000-03:00,,2026-08-14 13:25:42.827000-03:00,200.75226666666669,used,21605
Becas personal,Becas Nodocentes,False,2026-08-14,2026-08-14 09:30:53.491000-03:00,,2026-08-14 13:28:23.618000-03:00,237.50211666666667,used,21625
Becas personal,Becas Nodocentes,False,2026-08-14,2026-08-14 08:04:05.574000-03:00,,2026-08-14 13:29:44.756000-03:00,325.6530333333333,used,21637
Becas personal,Becas Nodocentes,False,2026-08-14,2026-08-14 09:57:38.385000-03:00,,2026-08-14 13:33:35.413000-03:00,215.95046666666667,used,21670
Becas personal,Becas Nodocentes,False,2026-08-14,2026-08-14 08:14:38.910000-03:00,,2026-08-14 13:38:10.889000-03:00,323.53298333333333,used,21697
Becas personal,Becas Nodocentes,False,2026-08-14,2026-08-14 10:59:29.787000-03:00,,2026-08-14 13:43:00.015000-03:00,163.50379999999998,used,21739
Becas personal,Becas Nodocentes,False,2026-08-14,2026-08-14 08:07:03.373000-03:00,,2026-08-14 13:48:10.059000-03:00,341.11143333333337,used,21768
Becas personal,Becas Nodocentes,False,2026-08-14,2026-08-14 09:28:18.523000-03:00,,2026-08-14 13:49:36.408000-03:00,261.29808333333335,used,21777
Becas personal,Becas Nodocentes,False,2026-08-14,2026-08-14 09:15:19.372000-03:00,,2026-08-14 13:49:39.840000-03:00,274.34113333333335,used,21778
Becas personal,Becas Nodocentes,False,2026-08-14,2026-08-14 08:17:36.383000-03:00,,2026-08-14 13:52:22.257000-03:00,334.76456666666667,used,21803
Becas personal,Becas Nodocentes,False,2026-08-14,2026-08-14 10:29:32.591000-03:00,,2026-08-14 14:02:19.892000-03:00,212.78834999999998,used,21891
Becas personal,Becas Nodocentes,False,2026-08-14,2026-08-14 08:12:15.209000-03:00,,2026-08-14 14:06:27.376000-03:00,354.20278333333334,used,21927
Becas personal,Becas Nodocentes,False,2026-08-14,2026-08-14 09:43:37.678000-03:00,,2026-08-14 14:10:10.650000-03:00,266.54953333333333,used,21962
Becas personal,Becas Nodocentes,False,2026-08-14,2026-08-14 09:39:12.263000-03:00,,2026-08-14 14:16:04.052000-03:00,276.86315,used,22023
Becas personal,Becas Nodocentes,False,2026-08-14,2026-08-14 10:12:09.923000-03:00,,2026-08-14 14:16:55.968000-03:00,244.76741666666666,used,22025
Becas personal,Becas Nodocentes,False,2026-08-14,2026-08-14 08:39:05.173000-03:00,,2026-08-14 14:19:36.781000-03:00,340.5268,used,22049
Becas personal,Becas Nodocentes,False,2026-08-14,2026-08-14 08:05:50.292000-03:00,,2026-08-14 14:22:26.348000-03:00,376.60093333333333,used,22075
Becas personal,Becas Nodocentes,False,2026-08-14,2026-08-14 08:12:51.647000-03:00,,2026-08-14 14:22:52.041000-03:00,370.0065666666667,used,22081
Becas personal,Becas Nodocentes,False,2026-08-14,2026-08-14 09:48:27.906000-03:00,,2026-08-14 14:23:45.096000-03:00,275.2865,used,22091
Becas personal,Becas Nodocentes,False,2026-08-18,2026-08-18 08:01:46.598000-03:00,,2026-08-18 12:32:22.690000-03:00,270.60153333333335,used,22245
Becas personal,Becas Nodocentes,False,2026-08-18,2026-08-18 10:30:25.014000-03:00,,2026-08-18 12:32:27.430000-03:00,122.04026666666667,used,22246
Becas personal,Becas Nodocentes,False,2026-08-18,2026-08-18 08:15:32.357000-03:00,,2026-08-18 12:40:20.342000-03:00,264.79975,used,22346
Becas personal,Becas Nodocentes,False,2026-08-18,2026-08-18 08:16:33.745000-03:00,,2026-08-18 12:44:08.242000-03:00,267.57495,used,22395
Becas personal,Becas Nodocentes,False,2026-08-18,2026-08-18 08:45:10.975000-03:00,,2026-08-18 12:52:25.624000-03:00,247.24415,used,22495
Becas personal,Becas Nodocentes,False,2026-08-18,2026-08-18 10:56:00.046000-03:00,,2026-08-18 12:58:32.215000-03:00,122.53614999999999,used,22570
Becas personal,Becas Nodocentes,False,2026-08-18,2026-08-18 10:33:42.413000-03:00,,2026-08-18 13:05:53.298000-03:00,152.18141666666668,used,22678
Becas personal,Becas Nodocentes,False,2026-08-18,2026-08-18 10:23:19.782000-03:00,,2026-08-18 13:08:11.190000-03:00,164.8568,used,22712
Becas personal,Becas Nodocentes,False,2026-08-18,2026-08-18 10:22:45.486000-03:00,,2026-08-18 13:08:13.781000-03:00,165.47158333333334,used,22713
Becas personal,Becas Nodocentes,False,2026-08-18,2026-08-18 09:08:20.255000-03:00,,2026-08-18 13:18:52.817000-03:00,250.5427,used,22835
Becas personal,Becas Nodocentes,False,2026-08-18,2026-08-18 08:02:45.099000-03:00,,2026-08-18 13:19:22.727000-03:00,316.62713333333335,used,22845
Becas personal,Becas Nodocentes,False,2026-08-18,2026-08-18 08:14:35.994000-03:00,,2026-08-18 13:19:41.297000-03:00,305.08838333333335,used,22847
Becas personal,Becas Nodocentes,False,2026-08-18,2026-08-18 08:31:34.734000-03:00,,2026-08-18 13:21:19.231000-03:00,289.74161666666663,used,22866
Becas personal,Becas Nodocentes,False,2026-08-18,2026-08-18 08:28:33.158000-03:00,,2026-08-18 13:23:50.146000-03:00,295.28313333333335,used,22906
Becas personal,Becas Nodocentes,False,2026-08-18,2026-08-18 08:06:51.719000-03:00,,2026-08-18 13:24:46.096000-03:00,317.90628333333336,used,22920
Becas personal,Becas Nodocentes,False,2026-08-18,2026-08-18 10:01:00.870000-03:00,,2026-08-18 13:26:19.233000-03:00,205.30605,used,22936
Becas personal,Becas Nodocentes,False,2026-08-18,2026-08-18 09:34:00.065000-03:00,,2026-08-18 13:29:54.921000-03:00,235.91426666666666,used,22983
Becas personal,Becas Nodocentes,False,2026-08-18,2026-08-18 08:39:10.896000-03:00,,2026-08-18 13:30:11.909000-03:00,291.01688333333334,used,22988
Becas personal,Becas Nodocentes,False,2026-08-18,2026-08-18 08:31:03.302000-03:00,,2026-08-18 13:30:14.086000-03:00,299.17973333333333,used,22989
Becas personal,Becas Nodocentes,False,2026-08-18,2026-08-18 09:39:12.733000-03:00,,2026-08-18 13:30:36.031000-03:00,231.38830000000002,used,22994
Becas personal,Becas Nodocentes,False,2026-08-18,2026-08-18 09:25:56.433000-03:00,,2026-08-18 13:30:38.167000-03:00,244.69556666666668,used,22995
Becas personal,Becas Nodocentes,False,2026-08-18,2026-08-18 08:25:29.579000-03:00,,2026-08-18 13:32:41.476000-03:00,307.19828333333334,used,23023
Becas personal,Becas Nodocentes,False,2026-08-18,2026-08-18 09:29:03.803000-03:00,,2026-08-18 13:33:27.264000-03:00,244.39101666666664,used,23033
Becas personal,Becas Nodocentes,False,2026-08-18,2026-08-18 08:25:35.447000-03:00,,2026-08-18 13:34:25.753000-03:00,308.83843333333334,used,23046
Becas personal,Becas Nodocentes,False,2026-08-18,2026-08-18 08:28:35.995000-03:00,,2026-08-18 13:35:44.535000-03:00,307.14233333333334,used,23063
Becas personal,Becas Nodocentes,False,2026-08-18,2026-08-18 08:26:09.648000-03:00,,2026-08-18 13:38:22.860000-03:00,312.2202,used,23096
Becas personal,Becas Nodocentes,False,2026-08-18,2026-08-18 09:28:00.814000-03:00,,2026-08-18 13:39:57.688000-03:00,251.9479,used,23116
Becas personal,Becas Nodocentes,False,2026-08-18,2026-08-18 10:21:11.574000-03:00,,2026-08-18 13:41:29.045000-03:00,200.29118333333332,used,23139
Becas personal,Becas Nodocentes,False,2026-08-18,2026-08-18 08:13:14.056000-03:00,,2026-08-18 13:41:31.101000-03:00,328.2840833333333,used,23140
Becas personal,Becas Nodocentes,False,2026-08-18,2026-08-18 11:49:53.447000-03:00,,2026-08-18 13:41:43.999000-03:00,111.84253333333332,used,23142
Becas personal,Becas Nodocentes,False,2026-08-18,2026-08-18 08:21:21.161000-03:00,,2026-08-18 13:42:46.901000-03:00,321.42900000000003,used,23156
Becas personal,Becas Nodocentes,False,2026-08-18,2026-08-18 08:29:51.861000-03:00,,2026-08-18 13:42:55.400000-03:00,313.05898333333334,used,23159
Becas personal,Becas Nodocentes,False,2026-08-18,2026-08-18 08:49:42.619000-03:00,,2026-08-18 13:44:41.030000-03:00,294.9735166666667,used,23173
Becas personal,Becas Nodocentes,False,2026-08-18,2026-08-18 10:00:40.380000-03:00,,2026-08-18 13:45:05.764000-03:00,224.42306666666667,used,23183
Becas personal,Becas Nodocentes,False,2026-08-18,2026-08-18 08:35:31.263000-03:00,,2026-08-18 13:45:22.274000-03:00,309.8501833333333,used,23184
Becas personal,Becas Nodocentes,False,2026-08-18,2026-08-18 08:33:27.746000-03:00,,2026-08-18 13:45:39.975000-03:00,312.2038166666667,used,23190
Becas personal,Becas Nodocentes,False,2026-08-18,2026-08-18 09:47:01.334000-03:00,,2026-08-18 13:46:27.752000-03:00,239.4403,used,23202
Becas personal,Becas Nodocentes,False,2026-08-18,2026-08-18 08:05:19.584000-03:00,,2026-08-18 13:47:07.487000-03:00,341.79838333333333,used,23214
Becas personal,Becas Nodocentes,False,2026-08-18,2026-08-18 08:33:06.004000-03:00,,2026-08-18 13:47:13.358000-03:00,314.12256666666667,used,23216
Becas personal,Becas Nodocentes,False,2026-08-18,2026-08-18 08:11:22.586000-03:00,,2026-08-18 13:47:36.194000-03:00,336.2268,used,23220
Becas personal,Becas Nodocentes,False,2026-08-18,2026-08-18 09:36:15.784000-03:00,,2026-08-18 13:50:46.103000-03:00,254.50531666666666,used,23263
Becas personal,Becas Nodocentes,False,2026-08-18,2026-08-18 09:09:37.662000-03:00,,2026-08-18 13:52:27.340000-03:00,282.82796666666667,used,23283
Becas personal,Becas Nodocentes,False,2026-08-18,2026-08-18 08:38:50.364000-03:00,,2026-08-18 13:53:15.176000-03:00,314.41353333333336,used,23290
Becas personal,Becas Nodocentes,False,2026-08-18,2026-08-18 08:28:50.596000-03:00,,2026-08-18 13:55:40.482000-03:00,326.83143333333334,used,23316
Becas personal,Becas Nodocentes,False,2026-08-18,2026-08-18 08:18:49.198000-03:00,,2026-08-18 13:57:12.503000-03:00,338.38841666666667,used,23333
Becas personal,Becas Nodocentes,False,2026-08-18,2026-08-18 08:58:09.071000-03:00,,2026-08-18 13:58:14.135000-03:00,300.08439999999996,used,23345
Becas personal,Becas Nodocentes,False,2026-08-18,2026-08-18 09:46:04.440000-03:00,,2026-08-18 13:58:56.400000-03:00,252.86599999999999,used,23355
Becas personal,Becas Nodocentes,False,2026-08-18,2026-08-18 08:03:00.579000-03:00,,2026-08-18 14:02:51.474000-03:00,359.84825,used,23388
Becas personal,Becas Nodocentes,False,2026-08-18,2026-08-18 09:48:02.508000-03:00,,2026-08-18 14:10:55.570000-03:00,262.88436666666666,used,23476
Becas personal,Becas Nodocentes,False,2026-08-18,2026-08-18 08:35:31.284000-03:00,,2026-08-18 14:16:55.301000-03:00,341.40028333333333,used,23532
Becas personal,Becas Nodocentes,False,2026-08-18,2026-08-18 09:04:50.376000-03:00,,2026-08-18 14:17:01.721000-03:00,312.1890833333334,used,23534
Becas personal,Becas Nodocentes,False,2026-08-18,2026-08-18 09:46:27.971000-03:00,,2026-08-18 14:17:55.962000-03:00,271.4665166666667,used,23546
Becas personal,Becas Nodocentes,False,2026-08-18,2026-08-18 09:59:18.409000-03:00,,2026-08-18 14:18:45.139000-03:00,259.4455,used,23555
Becas personal,Becas Nodocentes,False,2026-08-18,2026-08-18 10:31:02.704000-03:00,,2026-08-18 14:19:37.676000-03:00,228.58286666666666,used,23567
Becas personal,Becas Nodocentes,False,2026-08-18,2026-08-18 08:15:03.669000-03:00,,2026-08-18 14:21:24.149000-03:00,366.34133333333335,used,23587
Becas personal,Becas Nodocentes,False,2026-08-18,2026-08-18 08:51:54.881000-03:00,,2026-08-18 14:24:18.224000-03:00,332.38905,used,23606
Becas personal,Becas Nodocentes,False,2026-08-18,2026-08-18 08:14:41.810000-03:00,,2026-08-18 14:24:25.761000-03:00,369.7325166666667,used,23607
Becas personal,Becas Nodocentes,False,2026-08-18,2026-08-18 08:05:28.220000-03:00,,2026-08-18 14:25:04.339000-03:00,379.6019833333333,used,23610
Becas personal,Becas Nodocentes,False,2026-08-18,2026-08-18 09:12:52.863000-03:00,,2026-08-18 14:26:12.557000-03:00,313.32823333333334,used,23621
Becas personal,Becas Nodocentes,False,2026-08-18,2026-08-18 10:25:15.273000-03:00,,2026-08-18 14:33:51.784000-03:00,248.60851666666667,used,23641
Becas personal,Becas Nodocentes,False,2026-08-20,2026-08-20 10:15:38.013000-03:00,,2026-08-20 12:00:10.394000-03:00,104.53968333333334,used,23642
Becas personal,Becas Nodocentes,False,2026-08-20,2026-08-20 08:27:17.214000-03:00,,2026-08-20 12:15:24.145000-03:00,228.11551666666668,used,23863
Becas personal,Becas Nodocentes,False,2026-08-20,2026-08-20 09:21:20.970000-03:00,,2026-08-20 12:15:48.755000-03:00,174.46308333333334,used,23864
Becas personal,Becas Nodocentes,False,2026-08-20,2026-08-20 08:22:23.775000-03:00,,2026-08-20 12:20:17.055000-03:00,237.888,used,23917
Becas personal,Becas Nodocentes,False,2026-08-20,2026-08-20 09:46:23.639000-03:00,,2026-08-20 12:32:52.531000-03:00,166.48153333333332,used,24048
Becas personal,Becas Nodocentes,False,2026-08-20,2026-08-20 09:31:40.542000-03:00,,2026-08-20 12:37:55.124000-03:00,186.24303333333333,used,24093
Becas personal,Becas Nodocentes,False,2026-08-20,2026-08-20 08:02:12.283000-03:00,,2026-08-20 12:39:28.785000-03:00,277.27503333333334,used,24111
Becas personal,Becas Nodocentes,False,2026-08-20,2026-08-20 10:02:55.363000-03:00,,2026-08-20 12:41:43.104000-03:00,158.79568333333333,used,24128
Becas personal,Becas Nodocentes,False,2026-08-20,2026-08-20 08:18:11.394000-03:00,,2026-08-20 12:43:59.325000-03:00,265.79885,used,24164
Becas personal,Becas Nodocentes,False,2026-08-20,2026-08-20 08:19:42.992000-03:00,,2026-08-20 12:44:49.113000-03:00,265.10201666666666,used,24176
Becas personal,Becas Nodocentes,False,2026-08-20,2026-08-20 09:54:50.967000-03:00,,2026-08-20 12:50:22.655000-03:00,175.52813333333333,used,24259
Becas personal,Becas Nodocentes,False,2026-08-20,2026-08-20 09:31:30.148000-03:00,,2026-08-20 13:01:40.266000-03:00,210.16863333333333,used,24376
Becas personal,Becas Nodocentes,False,2026-08-20,2026-08-20 09:08:12.279000-03:00,,2026-08-20 13:06:29.279000-03:00,238.28333333333333,used,24430
Becas personal,Becas Nodocentes,False,2026-08-20,2026-08-20 08:17:45.551000-03:00,,2026-08-20 13:07:29.276000-03:00,289.72875,used,24448
Becas personal,Becas Nodocentes,False,2026-08-20,2026-08-20 08:26:46.800000-03:00,,2026-08-20 13:07:33.065000-03:00,280.7710833333333,used,24449
Becas personal,Becas Nodocentes,False,2026-08-20,2026-08-20 08:04:06.484000-03:00,,2026-08-20 13:08:09.983000-03:00,304.05831666666666,used,24454
Becas personal,Becas Nodocentes,False,2026-08-20,2026-08-20 08:16:33.954000-03:00,,2026-08-20 13:08:37.696000-03:00,292.06236666666666,used,24460
Becas personal,Becas Nodocentes,False,2026-08-20,2026-08-20 09:02:13.878000-03:00,,2026-08-20 13:08:50.181000-03:00,246.60505,used,24463
Becas personal,Becas Nodocentes,False,2026-08-20,2026-08-20 08:12:15.481000-03:00,,2026-08-20 13:11:52.317000-03:00,299.6139333333333,used,24496
Becas personal,Becas Nodocentes,False,2026-08-20,2026-08-20 08:05:52.900000-03:00,,2026-08-20 13:11:53.651000-03:00,306.01251666666667,used,24497
Becas personal,Becas Nodocentes,False,2026-08-20,2026-08-20 08:41:39.585000-03:00,,2026-08-20 13:14:57.757000-03:00,273.30286666666666,used,24532
Becas personal,Becas Nodocentes,False,2026-08-20,2026-08-20 08:41:49.276000-03:00,,2026-08-20 13:16:41.341000-03:00,274.86775,used,24559
Becas personal,Becas Nodocentes,False,2026-08-20,2026-08-20 08:48:50.528000-03:00,,2026-08-20 13:20:03.733000-03:00,271.2200833333333,used,24610
Becas personal,Becas Nodocentes,False,2026-08-20,2026-08-20 08:40:07.369000-03:00,,2026-08-20 13:23:05.564000-03:00,282.9699166666667,used,24647
Becas personal,Becas Nodocentes,False,2026-08-20,2026-08-20 08:37:13.201000-03:00,,2026-08-20 13:27:45.957000-03:00,290.5459333333334,used,24700
Becas personal,Becas Nodocentes,False,2026-08-20,2026-08-20 08:08:34.494000-03:00,,2026-08-20 13:27:56.524000-03:00,319.36716666666666,used,24704
Becas personal,Becas Nodocentes,False,2026-08-20,2026-08-20 08:04:01-03:00,,2026-08-20 13:27:59.116000-03:00,323.96860000000004,used,24705
Becas personal,Becas Nodocentes,False,2026-08-20,2026-08-20 09:20:28.399000-03:00,,2026-08-20 13:28:02.933000-03:00,247.57556666666667,used,24706
Becas personal,Becas Nodocentes,False,2026-08-20,2026-08-20 08:12:17.873000-03:00,,2026-08-20 13:29:54.738000-03:00,317.61441666666667,used,24733
Becas personal,Becas Nodocentes,False,2026-08-20,2026-08-20 09:26:18.939000-03:00,,2026-08-20 13:30:09.915000-03:00,243.8496,used,24734
Becas personal,Becas Nodocentes,False,2026-08-20,2026-08-20 08:41:02.629000-03:00,,2026-08-20 13:30:40.112000-03:00,289.62471666666664,used,24738
Becas personal,Becas Nodocentes,False,2026-08-20,2026-08-20 08:25:25.696000-03:00,,2026-08-20 13:30:46.489000-03:00,305.34655000000004,used,24740
Becas personal,Becas Nodocentes,False,2026-08-20,2026-08-20 08:01:54.886000-03:00,,2026-08-20 13:30:57.944000-03:00,329.0509666666667,used,24742
Becas personal,Becas Nodocentes,False,2026-08-20,2026-08-20 08:57:05.055000-03:00,,2026-08-20 13:33:13.607000-03:00,276.14253333333335,used,24763
Becas personal,Becas Nodocentes,False,2026-08-20,2026-08-20 08:06:23.962000-03:00,,2026-08-20 13:33:21.103000-03:00,326.95234999999997,used,24765
Becas personal,Becas Nodocentes,False,2026-08-20,2026-08-20 08:04:53.179000-03:00,,2026-08-20 13:35:13.583000-03:00,330.34006666666664,used,24798
Becas personal,Becas Nodocentes,False,2026-08-20,2026-08-20 09:09:51.281000-03:00,,2026-08-20 13:37:07.692000-03:00,267.2735166666667,used,24819
Becas personal,Becas Nodocentes,False,2026-08-20,2026-08-20 08:41:32.708000-03:00,,2026-08-20 13:37:18.115000-03:00,295.7567833333333,used,24822
Becas personal,Becas Nodocentes,False,2026-08-20,2026-08-20 08:45:12.321000-03:00,,2026-08-20 13:37:41.906000-03:00,292.49308333333335,used,24828
Becas personal,Becas Nodocentes,False,2026-08-20,2026-08-20 08:06:08.260000-03:00,,2026-08-20 13:44:40.027000-03:00,338.52945,used,24883
Becas personal,Becas Nodocentes,False,2026-08-20,2026-08-20 08:05:45.896000-03:00,,2026-08-20 13:44:42.215000-03:00,338.93865,used,24884
Becas personal,Becas Nodocentes,False,2026-08-20,2026-08-20 10:03:31.205000-03:00,,2026-08-20 13:47:34.236000-03:00,224.05051666666668,used,24898
Becas personal,Becas Nodocentes,False,2026-08-20,2026-08-20 09:26:50.734000-03:00,,2026-08-20 13:48:33.847000-03:00,261.71855,used,24906
Becas personal,Becas Nodocentes,False,2026-08-20,2026-08-20 09:52:17.401000-03:00,,2026-08-20 13:49:15.810000-03:00,236.97348333333332,used,24914
Becas personal,Becas Nodocentes,False,2026-08-20,2026-08-20 08:42:14.285000-03:00,,2026-08-20 13:52:41.058000-03:00,310.44621666666666,used,24935
Becas personal,Becas Nodocentes,False,2026-08-20,2026-08-20 08:33:29.218000-03:00,,2026-08-20 13:52:54.934000-03:00,319.4286,used,24938
Becas personal,Becas Nodocentes,False,2026-08-20,2026-08-20 12:46:36.227000-03:00,,2026-08-20 13:55:00.221000-03:00,68.39989999999999,used,24948
Becas personal,Becas Nodocentes,False,2026-08-20,2026-08-20 08:30:22.522000-03:00,,2026-08-20 14:05:09.408000-03:00,334.7814333333333,used,25024
Becas personal,Becas Nodocentes,False,2026-08-20,2026-08-20 08:47:52.175000-03:00,,2026-08-20 14:05:19.933000-03:00,317.4626333333334,used,25026
Becas personal,Becas Nodocentes,False,2026-08-20,2026-08-20 09:15:05.184000-03:00,,2026-08-20 14:07:10.126000-03:00,292.08236666666664,used,25037
Becas personal,Becas Nodocentes,False,2026-08-20,2026-08-20 09:24:09.503000-03:00,,2026-08-20 14:11:51.481000-03:00,287.69963333333334,used,25055
Becas personal,Becas Nodocentes,False,2026-08-20,2026-08-20 08:45:56.996000-03:00,,2026-08-20 14:13:25.658000-03:00,327.4777,used,25066
Becas personal,Becas Nodocentes,False,2026-08-20,2026-08-20 08:22:43.716000-03:00,,2026-08-20 14:14:10.241000-03:00,351.44208333333336,used,25073
Becas personal,Becas Nodocentes,False,2026-08-20,2026-08-20 08:22:28.792000-03:00,,2026-08-20 14:16:45.488000-03:00,354.27826666666664,used,25088
Becas personal,Becas Nodocentes,False,2026-08-20,2026-08-20 08:40:33.695000-03:00,,2026-08-20 14:17:20.630000-03:00,336.78225000000003,used,25097
Becas personal,Becas Nodocentes,False,2026-08-20,2026-08-20 08:33:31.270000-03:00,,2026-08-20 14:22:03.222000-03:00,348.53253333333333,used,25131
Becas personal,Becas Nodocentes,False,2026-08-20,2026-08-20 09:11:31.884000-03:00,,2026-08-20 14:22:13.979000-03:00,310.70158333333336,used,25134
Becas personal,Becas Nodocentes,False,2026-08-21,2026-08-21 10:32:09.241000-03:00,,2026-08-21 12:00:24.470000-03:00,88.25381666666667,used,25169
Becas personal,Becas Nodocentes,False,2026-08-21,2026-08-21 08:15:58.742000-03:00,,2026-08-21 12:06:11.562000-03:00,230.21366666666665,used,25228
Becas personal,Becas Nodocentes,False,2026-08-21,2026-08-21 08:21:28.115000-03:00,,2026-08-21 12:25:36.134000-03:00,244.13365000000002,used,25495
Becas personal,Becas Nodocentes,False,2026-08-21,2026-08-21 08:10:13.381000-03:00,,2026-08-21 12:25:38.380000-03:00,255.41665,used,25496
Becas personal,Becas Nodocentes,False,2026-08-21,2026-08-21 09:51:44.484000-03:00,,2026-08-21 12:29:10.229000-03:00,157.42908333333335,used,25532
Becas personal,Becas Nodocentes,False,2026-08-21,2026-08-21 08:16:21.283000-03:00,,2026-08-21 12:29:31.978000-03:00,253.17825,used,25538
Becas personal,Becas Nodocentes,False,2026-08-21,2026-08-21 09:51:15.184000-03:00,,2026-08-21 12:30:08.177000-03:00,158.88321666666667,used,25545
Becas personal,Becas Nodocentes,False,2026-08-21,2026-08-21 09:41:45.725000-03:00,,2026-08-21 12:30:10.313000-03:00,168.4098,used,25546
Becas personal,Becas Nodocentes,False,2026-08-21,2026-08-21 08:00:23.681000-03:00,,2026-08-21 12:32:40.909000-03:00,272.2871333333333,used,25569
Becas personal,Becas Nodocentes,False,2026-08-21,2026-08-21 08:22:31.676000-03:00,,2026-08-21 12:35:47.078000-03:00,253.2567,used,25605
Becas personal,Becas Nodocentes,False,2026-08-21,2026-08-21 09:50:53.489000-03:00,,2026-08-21 12:35:49.469000-03:00,164.933,used,25606
Becas personal,Becas Nodocentes,False,2026-08-21,2026-08-21 08:21:23.062000-03:00,,2026-08-21 12:36:59.683000-03:00,255.61034999999998,used,25613
Becas personal,Becas Nodocentes,False,2026-08-21,2026-08-21 08:05:38.008000-03:00,,2026-08-21 12:38:20.547000-03:00,272.7089833333333,used,25625
Becas personal,Becas Nodocentes,False,2026-08-21,2026-08-21 08:56:21.678000-03:00,,2026-08-21 12:42:30.080000-03:00,226.14003333333332,used,25669
Becas personal,Becas Nodocentes,False,2026-08-21,2026-08-21 08:50:29.173000-03:00,,2026-08-21 12:46:17.965000-03:00,235.8132,used,25710
Becas personal,Becas Nodocentes,False,2026-08-21,2026-08-21 09:29:13.139000-03:00,,2026-08-21 12:46:35.882000-03:00,197.37905,used,25716
Becas personal,Becas Nodocentes,False,2026-08-21,2026-08-21 08:41:05.031000-03:00,,2026-08-21 12:51:00.595000-03:00,249.92606666666669,used,25773
Becas personal,Becas Nodocentes,False,2026-08-21,2026-08-21 10:09:56.139000-03:00,,2026-08-21 12:51:29.592000-03:00,161.55755,used,25781
Becas personal,Becas Nodocentes,False,2026-08-21,2026-08-21 08:25:01.745000-03:00,,2026-08-21 12:51:54.741000-03:00,266.88326666666666,used,25788
Becas personal,Becas Nodocentes,False,2026-08-21,2026-08-21 08:29:47.054000-03:00,,2026-08-21 12:52:29.828000-03:00,262.7129,used,25795
Becas personal,Becas Nodocentes,False,2026-08-21,2026-08-21 08:01:35.502000-03:00,,2026-08-21 12:53:58.004000-03:00,292.37503333333336,used,25809
Becas personal,Becas Nodocentes,False,2026-08-21,2026-08-21 08:49:24.304000-03:00,,2026-08-21 13:03:47.865000-03:00,254.39268333333334,used,25899
Becas personal,Becas Nodocentes,False,2026-08-21,2026-08-21 09:16:45.244000-03:00,,2026-08-21 13:07:22.350000-03:00,230.61843333333334,used,25949
Becas personal,Becas Nodocentes,False,2026-08-21,2026-08-21 08:09:02.961000-03:00,,2026-08-21 13:12:16.129000-03:00,303.2194666666667,used,26014
Becas personal,Becas Nodocentes,False,2026-08-21,2026-08-21 08:12:07.767000-03:00,,2026-08-21 13:12:19.104000-03:00,300.18895,used,26015
Becas personal,Becas Nodocentes,False,2026-08-21,2026-08-21 08:47:00.842000-03:00,,2026-08-21 13:12:23.750000-03:00,265.3818,used,26016
Becas personal,Becas Nodocentes,False,2026-08-21,2026-08-21 10:09:42.920000-03:00,,2026-08-21 13:13:30.213000-03:00,183.78821666666667,used,26037
Becas personal,Becas Nodocentes,False,2026-08-21,2026-08-21 09:31:02.601000-03:00,,2026-08-21 13:13:43.153000-03:00,222.67586666666665,used,26041
Becas personal,Becas Nodocentes,False,2026-08-21,2026-08-21 09:54:01.500000-03:00,,2026-08-21 13:15:37.789000-03:00,201.60481666666666,used,26059
Becas personal,Becas Nodocentes,False,2026-08-21,2026-08-21 08:17:25.085000-03:00,,2026-08-21 13:17:17.712000-03:00,299.87711666666667,used,26077
Becas personal,Becas Nodocentes,False,2026-08-21,2026-08-21 09:31:17-03:00,,2026-08-21 13:17:57.102000-03:00,226.66836666666669,used,26086
Becas personal,Becas Nodocentes,False,2026-08-21,2026-08-21 09:30:39.639000-03:00,,2026-08-21 13:17:59.421000-03:00,227.32969999999997,used,26087
Becas personal,Becas Nodocentes,False,2026-08-21,2026-08-21 08:38:14.821000-03:00,,2026-08-21 13:21:12.188000-03:00,282.9561166666666,used,26125
Becas personal,Becas Nodocentes,False,2026-08-21,2026-08-21 08:59:29.776000-03:00,,2026-08-21 13:22:01.193000-03:00,262.52361666666667,used,26135
Becas personal,Becas Nodocentes,False,2026-08-21,2026-08-21 08:33:27.236000-03:00,,2026-08-21 13:22:04.250000-03:00,288.6169,used,26136
Becas personal,Becas Nodocentes,False,2026-08-21,2026-08-21 09:17:11.395000-03:00,,2026-08-21 13:25:02.653000-03:00,247.8543,used,26181
Becas personal,Becas Nodocentes,False,2026-08-21,2026-08-21 08:17:18.221000-03:00,,2026-08-21 13:25:06.031000-03:00,307.7968333333334,used,26182
Becas personal,Becas Nodocentes,False,2026-08-21,2026-08-21 10:53:25.533000-03:00,,2026-08-21 13:25:18.940000-03:00,151.89011666666664,used,26185
Becas personal,Becas Nodocentes,False,2026-08-21,2026-08-21 10:15:27.096000-03:00,,2026-08-21 13:26:49.813000-03:00,191.3786166666667,used,26195
Becas personal,Becas Nodocentes,False,2026-08-21,2026-08-21 08:54:39.849000-03:00,,2026-08-21 13:27:09.922000-03:00,272.50121666666666,used,26197
Becas personal,Becas Nodocentes,False,2026-08-21,2026-08-21 09:51:15.144000-03:00,,2026-08-21 13:27:13.898000-03:00,215.97923333333335,used,26198
Becas personal,Becas Nodocentes,False,2026-08-21,2026-08-21 10:18:01.956000-03:00,,2026-08-21 13:27:27.387000-03:00,189.42385000000002,used,26202
Becas personal,Becas Nodocentes,False,2026-08-21,2026-08-21 08:40:30.830000-03:00,,2026-08-21 13:28:46.200000-03:00,288.2561666666667,used,26219
Becas personal,Becas Nodocentes,False,2026-08-21,2026-08-21 09:22:50.688000-03:00,,2026-08-21 13:34:09.811000-03:00,251.31871666666666,used,26278
Becas personal,Becas Nodocentes,False,2026-08-21,2026-08-21 08:03:13.116000-03:00,,2026-08-21 13:38:43.267000-03:00,335.5025166666667,used,26330
Becas personal,Becas Nodocentes,False,2026-08-21,2026-08-21 08:08:53.603000-03:00,,2026-08-21 13:40:34.441000-03:00,331.68063333333333,used,26336
Becas personal,Becas Nodocentes,False,2026-08-21,2026-08-21 10:58:56.597000-03:00,,2026-08-21 13:42:27.548000-03:00,163.51584999999997,used,26342
Becas personal,Becas Nodocentes,False,2026-08-21,2026-08-21 09:18:25.413000-03:00,,2026-08-21 13:43:16.577000-03:00,264.85273333333333,used,26354
Becas personal,Becas Nodocentes,False,2026-08-21,2026-08-21 08:14:05.033000-03:00,,2026-08-21 13:52:48.760000-03:00,338.7287833333333,used,26412
Becas personal,Becas Nodocentes,False,2026-08-21,2026-08-21 08:14:30.958000-03:00,,2026-08-21 13:52:50.152000-03:00,338.3199,used,26413
Becas personal,Becas Nodocentes,False,2026-08-21,2026-08-21 10:18:20.055000-03:00,,2026-08-21 14:07:45.211000-03:00,229.4192666666667,used,26492
Becas personal,Becas Nodocentes,False,2026-08-21,2026-08-21 08:54:41.394000-03:00,,2026-08-21 14:13:07.895000-03:00,318.44168333333334,used,26547
Becas personal,Becas Nodocentes,False,2026-08-21,2026-08-21 08:41:04.405000-03:00,,2026-08-21 14:15:10.167000-03:00,334.0960333333333,used,26570
Becas personal,Becas Nodocentes,False,2026-08-21,2026-08-21 08:57:16.450000-03:00,,2026-08-21 14:20:26.552000-03:00,323.16836666666666,used,26623
Becas personal,Becas Nodocentes,False,2026-08-21,2026-08-21 08:34:40.695000-03:00,,2026-08-21 14:21:50.169000-03:00,347.1579,used,26631
Becas personal,Becas Nodocentes,False,2026-08-21,2026-08-21 08:30:16.399000-03:00,,2026-08-21 14:25:00.767000-03:00,354.73946666666666,used,26669
Becas personal,Becas Nodocentes,False,2026-08-21,2026-08-21 08:24:20.339000-03:00,,2026-08-21 14:25:47.999000-03:00,361.461,used,26678
Becas personal,Becas Nodocentes,False,2026-08-21,2026-08-21 09:29:53.169000-03:00,,2026-08-21 14:27:23.251000-03:00,297.5013666666666,used,26694
Becas personal,Becas Nodocentes,False,2026-08-21,2026-08-21 08:40:59.911000-03:00,,2026-08-21 14:27:46.839000-03:00,346.7821333333333,used,26700
Becas personal,Becas Nodocentes,False,2026-08-21,2026-08-21 08:35:24.656000-03:00,,2026-08-21 14:34:10.398000-03:00,358.76236666666665,used,26761
Becas personal,Becas Nodocentes,False,2026-08-24,2026-08-24 10:36:10.952000-03:00,,2026-08-24 12:03:28.530000-03:00,87.29296666666667,used,26776
Becas personal,Becas Nodocentes,False,2026-08-24,2026-08-24 10:18:05.778000-03:00,,2026-08-24 12:03:32.206000-03:00,105.44046666666667,used,26777
Becas personal,Becas Nodocentes,False,2026-08-24,2026-08-24 09:09:22.291000-03:00,,2026-08-24 12:03:34.328000-03:00,174.20061666666666,used,26778
Becas personal,Becas Nodocentes,False,2026-08-24,2026-08-24 08:04:41.334000-03:00,,2026-08-24 12:09:27.536000-03:00,244.77003333333332,used,26877
Becas personal,Becas Nodocentes,False,2026-08-24,2026-08-24 09:40:27.002000-03:00,,2026-08-24 12:14:22.855000-03:00,153.93088333333333,used,26980
Becas personal,Becas Nodocentes,False,2026-08-24,2026-08-24 09:31:18.654000-03:00,,2026-08-24 12:19:29.602000-03:00,168.18246666666667,used,27052
Becas personal,Becas Nodocentes,False,2026-08-24,2026-08-24 08:25:34.115000-03:00,,2026-08-24 12:21:58.455000-03:00,236.40566666666666,used,27085
Becas personal,Becas Nodocentes,False,2026-08-24,2026-08-24 08:03:16.734000-03:00,,2026-08-24 12:24:16.461000-03:00,260.99545,used,27115
Becas personal,Becas Nodocentes,False,2026-08-24,2026-08-24 08:07:18.734000-03:00,,2026-08-24 12:28:55.157000-03:00,261.60705,used,27178
Becas personal,Becas Nodocentes,False,2026-08-24,2026-08-24 08:13:17.369000-03:00,,2026-08-24 12:30:53.476000-03:00,257.60178333333334,used,27210
Becas personal,Becas Nodocentes,False,2026-08-24,2026-08-24 09:32:52.172000-03:00,,2026-08-24 12:44:00.965000-03:00,191.14655,used,27319
Becas personal,Becas Nodocentes,False,2026-08-24,2026-08-24 08:19:49.986000-03:00,,2026-08-24 12:46:32.204000-03:00,266.70363333333336,used,27330
Becas personal,Becas Nodocentes,False,2026-08-24,2026-08-24 09:07:50.126000-03:00,,2026-08-24 12:48:37.426000-03:00,220.78833333333333,used,27365
Becas personal,Becas Nodocentes,False,2026-08-24,2026-08-24 10:32:50.300000-03:00,,2026-08-24 12:51:21.222000-03:00,138.51536666666667,used,27386
Becas personal,Becas Nodocentes,False,2026-08-24,2026-08-24 09:22:16.796000-03:00,,2026-08-24 12:53:01.658000-03:00,210.74769999999998,used,27407
Becas personal,Becas Nodocentes,False,2026-08-24,2026-08-24 08:01:14.987000-03:00,,2026-08-24 12:56:25.454000-03:00,295.17445000000004,used,27425
Becas personal,Becas Nodocentes,False,2026-08-24,2026-08-24 08:02:56.070000-03:00,,2026-08-24 12:58:37.521000-03:00,295.69085,used,27451
Becas personal,Becas Nodocentes,False,2026-08-24,2026-08-24 10:41:38.009000-03:00,,2026-08-24 13:02:41.204000-03:00,141.05325,used,27500
Becas personal,Becas Nodocentes,False,2026-08-24,2026-08-24 09:15:04.310000-03:00,,2026-08-24 13:04:37.543000-03:00,229.55388333333335,used,27512
Becas personal,Becas Nodocentes,False,2026-08-24,2026-08-24 08:27:26.603000-03:00,,2026-08-24 13:05:25.631000-03:00,277.9838,used,27523
Becas personal,Becas Nodocentes,False,2026-08-24,2026-08-24 10:32:15.174000-03:00,,2026-08-24 13:05:29.800000-03:00,153.24376666666666,used,27524
Becas personal,Becas Nodocentes,False,2026-08-24,2026-08-24 08:40:39.539000-03:00,,2026-08-24 13:09:04.092000-03:00,268.4092166666667,used,27569
Becas personal,Becas Nodocentes,False,2026-08-24,2026-08-24 09:35:21.645000-03:00,,2026-08-24 13:09:06.092000-03:00,213.74078333333333,used,27570
Becas personal,Becas Nodocentes,False,2026-08-24,2026-08-24 09:36:03.792000-03:00,,2026-08-24 13:09:24.845000-03:00,213.35088333333334,used,27572
Becas personal,Becas Nodocentes,False,2026-08-24,2026-08-24 09:38:36.662000-03:00,,2026-08-24 13:11:18.549000-03:00,212.69811666666666,used,27598
Becas personal,Becas Nodocentes,False,2026-08-24,2026-08-24 08:22:39.917000-03:00,,2026-08-24 13:12:27.563000-03:00,289.7941,used,27609
Becas personal,Becas Nodocentes,False,2026-08-24,2026-08-24 08:08:22.421000-03:00,,2026-08-24 13:12:29.535000-03:00,304.1185666666667,used,27610
Becas personal,Becas Nodocentes,False,2026-08-24,2026-08-24 09:35:52.107000-03:00,,2026-08-24 13:14:30.287000-03:00,218.63633333333334,used,27643
Becas personal,Becas Nodocentes,False,2026-08-24,2026-08-24 10:23:10.726000-03:00,,2026-08-24 13:15:16.179000-03:00,172.09088333333332,used,27649
Becas personal,Becas Nodocentes,False,2026-08-24,2026-08-24 08:20:04.426000-03:00,,2026-08-24 13:16:18.083000-03:00,296.2276166666667,used,27660
Becas personal,Becas Nodocentes,False,2026-08-24,2026-08-24 08:18:01.780000-03:00,,2026-08-24 13:19:47.886000-03:00,301.76843333333335,used,27697
Becas personal,Becas Nodocentes,False,2026-08-24,2026-08-24 08:20:36.597000-03:00,,2026-08-24 13:21:18.095000-03:00,300.6916333333333,used,27706
Becas personal,Becas Nodocentes,False,2026-08-24,2026-08-24 08:24:32.517000-03:00,,2026-08-24 13:23:51.244000-03:00,299.31211666666667,used,27729
Becas personal,Becas Nodocentes,False,2026-08-24,2026-08-24 08:11:49.766000-03:00,,2026-08-24 13:24:40.093000-03:00,312.83878333333337,used,27745
Becas personal,Becas Nodocentes,False,2026-08-24,2026-08-24 08:06:35.496000-03:00,,2026-08-24 13:26:35.139000-03:00,319.99405,used,27769
Becas personal,Becas Nodocentes,False,2026-08-24,2026-08-24 08:11:48.441000-03:00,,2026-08-24 13:27:13.107000-03:00,315.41110000000003,used,27775
Becas personal,Becas Nodocentes,False,2026-08-24,2026-08-24 08:14:21.130000-03:00,,2026-08-24 13:28:08.525000-03:00,313.78991666666667,used,27790
Becas personal,Becas Nodocentes,False,2026-08-24,2026-08-24 08:00:57.561000-03:00,,2026-08-24 13:28:18.378000-03:00,327.34695,used,27791
Becas personal,Becas Nodocentes,False,2026-08-24,2026-08-24 09:29:53.878000-03:00,,2026-08-24 13:29:47.347000-03:00,239.89114999999998,used,27805
Becas personal,Becas Nodocentes,False,2026-08-24,2026-08-24 08:11:59.542000-03:00,,2026-08-24 13:33:33.571000-03:00,321.56714999999997,used,27838
Becas personal,Becas Nodocentes,False,2026-08-24,2026-08-24 08:02:44.964000-03:00,,2026-08-24 13:34:57.172000-03:00,332.20346666666666,used,27851
Becas personal,Becas Nodocentes,False,2026-08-24,2026-08-24 09:24:42.137000-03:00,,2026-08-24 13:35:30.220000-03:00,250.80138333333335,used,27859
Becas personal,Becas Nodocentes,False,2026-08-24,2026-08-24 09:19:35.659000-03:00,,2026-08-24 13:36:10.469000-03:00,256.5801666666667,used,27870
Becas personal,Becas Nodocentes,False,2026-08-24,2026-08-24 08:43:36.883000-03:00,,2026-08-24 13:36:56.078000-03:00,293.31991666666664,used,27877
Becas personal,Becas Nodocentes,False,2026-08-24,2026-08-24 10:47:14.828000-03:00,,2026-08-24 13:37:54.072000-03:00,170.65406666666667,used,27883
Becas personal,Becas Nodocentes,False,2026-08-24,2026-08-24 08:58:10.790000-03:00,,2026-08-24 13:37:57.618000-03:00,279.7804666666667,used,27884
Becas personal,Becas Nodocentes,False,2026-08-24,2026-08-24 08:11:42.405000-03:00,,2026-08-24 13:41:03.481000-03:00,329.3512666666667,used,27907
Becas personal,Becas Nodocentes,False,2026-08-24,2026-08-24 08:05:49.445000-03:00,,2026-08-24 13:41:10.402000-03:00,335.3492833333333,used,27908
Becas personal,Becas Nodocentes,False,2026-08-24,2026-08-24 08:47:36.059000-03:00,,2026-08-24 13:41:15.359000-03:00,293.655,used,27909
Becas personal,Becas Nodocentes,False,2026-08-24,2026-08-24 08:59:03.720000-03:00,,2026-08-24 13:48:01.001000-03:00,288.9546833333333,used,27976
Becas personal,Becas Nodocentes,False,2026-08-24,2026-08-24 10:01:23.280000-03:00,,2026-08-24 13:49:57.996000-03:00,228.5786,used,27994
Becas personal,Becas Nodocentes,False,2026-08-24,2026-08-24 08:51:07.036000-03:00,,2026-08-24 13:59:10.264000-03:00,308.05379999999997,used,28070
Becas personal,Becas Nodocentes,False,2026-08-24,2026-08-24 08:05:29.201000-03:00,,2026-08-24 14:00:50.727000-03:00,355.35876666666667,used,28081
Becas personal,Becas Nodocentes,False,2026-08-24,2026-08-24 08:06:02.487000-03:00,,2026-08-24 14:00:53.498000-03:00,354.8501833333333,used,28082
Becas personal,Becas Nodocentes,False,2026-08-24,2026-08-24 08:11:32.831000-03:00,,2026-08-24 14:03:56.884000-03:00,352.40088333333335,used,28096
Becas personal,Becas Nodocentes,False,2026-08-24,2026-08-24 08:16:20.432000-03:00,,2026-08-24 14:12:42.175000-03:00,356.3623833333333,used,28158
Becas personal,Becas Nodocentes,False,2026-08-24,2026-08-24 09:10:06.553000-03:00,,2026-08-24 14:12:46.116000-03:00,302.6593833333333,used,28159
Becas personal,Becas Nodocentes,False,2026-08-24,2026-08-24 09:45:57.460000-03:00,,2026-08-24 14:16:55.185000-03:00,270.96208333333334,used,28201
Becas personal,Becas Nodocentes,False,2026-08-24,2026-08-24 09:31:28.071000-03:00,,2026-08-24 14:16:59.917000-03:00,285.5307666666667,used,28202
Becas personal,Becas Nodocentes,False,2026-08-24,2026-08-24 10:05:14.538000-03:00,,2026-08-24 14:19:00.988000-03:00,253.77416666666667,used,28220
Becas personal,Becas Nodocentes,False,2026-08-24,2026-08-24 09:05:03.414000-03:00,,2026-08-24 14:20:08.624000-03:00,315.08683333333335,used,28229
Becas personal,Becas Nodocentes,False,2026-08-24,2026-08-24 09:58:52.687000-03:00,,2026-08-24 14:25:23.067000-03:00,266.5063333333333,used,28257
Becas personal,Becas Nodocentes,False,2026-08-24,2026-08-24 09:14:59.787000-03:00,,2026-08-24 14:27:28.122000-03:00,312.47225,used,28281
Becas personal,Becas Nodocentes,False,2026-08-25,2026-08-25 10:28:02.257000-03:00,,2026-08-25 12:03:25.034000-03:00,95.37961666666666,used,28321
Becas personal,Becas Nodocentes,False,2026-08-25,2026-08-25 09:50:27.433000-03:00,,2026-08-25 12:03:27.033000-03:00,132.99333333333334,used,28322
Becas personal,Becas Nodocentes,False,2026-08-25,2026-08-25 09:46:51.408000-03:00,,2026-08-25 12:12:49.887000-03:00,145.97465,used,28450
Becas personal,Becas Nodocentes,False,2026-08-25,2026-08-25 09:55:02.015000-03:00,,2026-08-25 12:18:17.464000-03:00,143.25748333333334,used,28548
Becas personal,Becas Nodocentes,False,2026-08-25,2026-08-25 09:44:57.540000-03:00,,2026-08-25 12:21:03.404000-03:00,156.09773333333334,used,28581
Becas personal,Becas Nodocentes,False,2026-08-25,2026-08-25 09:55:05.234000-03:00,,2026-08-25 12:21:26.475000-03:00,146.35401666666667,used,28583
Becas personal,Becas Nodocentes,False,2026-08-25,2026-08-25 10:03:54.688000-03:00,,2026-08-25 12:24:16.547000-03:00,140.36431666666667,used,28624
Becas personal,Becas Nodocentes,False,2026-08-25,2026-08-25 10:07:37.118000-03:00,,2026-08-25 12:24:28.001000-03:00,136.84805,used,28625
Becas personal,Becas Nodocentes,False,2026-08-25,2026-08-25 09:56:32.212000-03:00,,2026-08-25 12:25:36.499000-03:00,149.07145,used,28645
Becas personal,Becas Nodocentes,False,2026-08-25,2026-08-25 09:57:44.795000-03:00,,2026-08-25 12:27:26.061000-03:00,149.68776666666665,used,28670
Becas personal,Becas Nodocentes,False,2026-08-25,2026-08-25 09:50:53.903000-03:00,,2026-08-25 12:28:26.440000-03:00,157.54228333333333,used,28686
Becas personal,Becas Nodocentes,False,2026-08-25,2026-08-25 09:40:31.909000-03:00,,2026-08-25 12:29:27.438000-03:00,168.92548333333335,used,28706
Becas personal,Becas Nodocentes,False,2026-08-25,2026-08-25 09:49:22.631000-03:00,,2026-08-25 12:30:59.098000-03:00,161.60778333333334,used,28728
Becas personal,Becas Nodocentes,False,2026-08-25,2026-08-25 09:37:32.981000-03:00,,2026-08-25 12:58:04.468000-03:00,200.52478333333332,used,29056
Becas personal,Becas Nodocentes,False,2026-08-25,2026-08-25 09:39:10.513000-03:00,,2026-08-25 12:59:14.497000-03:00,200.06640000000002,used,29073
Becas personal,Becas Nodocentes,False,2026-08-25,2026-08-25 10:14:25.380000-03:00,,2026-08-25 13:01:12.930000-03:00,166.7925,used,29102
Becas personal,Becas Nodocentes,False,2026-08-25,2026-08-25 09:34:26.838000-03:00,,2026-08-25 13:01:15.377000-03:00,206.80898333333334,used,29103
Becas personal,Becas Nodocentes,False,2026-08-25,2026-08-25 09:54:41.105000-03:00,,2026-08-25 13:01:30.846000-03:00,186.82901666666666,used,29108
Becas personal,Becas Nodocentes,False,2026-08-25,2026-08-25 09:45:58.485000-03:00,,2026-08-25 13:01:59.206000-03:00,196.01201666666665,used,29113
Becas personal,Becas Nodocentes,False,2026-08-25,2026-08-25 09:56:01.801000-03:00,,2026-08-25 13:02:02.269000-03:00,186.0078,used,29114
Becas personal,Becas Nodocentes,False,2026-08-25,2026-08-25 09:36:10.935000-03:00,,2026-08-25 13:03:40.888000-03:00,207.49921666666665,used,29138
Becas personal,Becas Nodocentes,False,2026-08-25,2026-08-25 10:14:52.543000-03:00,,2026-08-25 13:05:37.795000-03:00,170.7542,used,29161
Becas personal,Becas Nodocentes,False,2026-08-25,2026-08-25 10:57:35.618000-03:00,,2026-08-25 13:05:48.433000-03:00,128.21358333333333,used,29164
Becas personal,Becas Nodocentes,False,2026-08-25,2026-08-25 09:52:18.096000-03:00,,2026-08-25 13:08:02.645000-03:00,195.74248333333335,used,29191
Becas personal,Becas Nodocentes,False,2026-08-25,2026-08-25 09:39:25.314000-03:00,,2026-08-25 13:09:32.057000-03:00,210.11238333333333,used,29212
Becas personal,Becas Nodocentes,False,2026-08-25,2026-08-25 09:41:57.521000-03:00,,2026-08-25 13:11:32.094000-03:00,209.57621666666668,used,29235
Becas personal,Becas Nodocentes,False,2026-08-25,2026-08-25 09:56:06.134000-03:00,,2026-08-25 13:11:34.011000-03:00,195.46461666666667,used,29236
Becas personal,Becas Nodocentes,False,2026-08-25,2026-08-25 09:49:25.792000-03:00,,2026-08-25 13:12:29.005000-03:00,203.05355,used,29254
Becas personal,Becas Nodocentes,False,2026-08-25,2026-08-25 09:46:57.844000-03:00,,2026-08-25 13:12:31.432000-03:00,205.5598,used,29255
Becas personal,Becas Nodocentes,False,2026-08-25,2026-08-25 09:42:33-03:00,,2026-08-25 13:12:35.848000-03:00,210.04746666666668,used,29256
Becas personal,Becas Nodocentes,False,2026-08-25,2026-08-25 11:35:12.470000-03:00,,2026-08-25 13:13:04.795000-03:00,97.87208333333334,used,29262
Becas personal,Becas Nodocentes,False,2026-08-25,2026-08-25 09:56:04.593000-03:00,,2026-08-25 13:13:16.020000-03:00,197.19045,used,29264
Becas personal,Becas Nodocentes,False,2026-08-25,2026-08-25 09:47:48.315000-03:00,,2026-08-25 13:13:26.902000-03:00,205.64311666666666,used,29265
Becas personal,Becas Nodocentes,False,2026-08-25,2026-08-25 09:34:44.638000-03:00,,2026-08-25 13:13:54.901000-03:00,219.17105,used,29271
Becas personal,Becas Nodocentes,False,2026-08-25,2026-08-25 09:51:27.096000-03:00,,2026-08-25 13:19:27.583000-03:00,208.00811666666667,used,29328
Becas personal,Becas Nodocentes,False,2026-08-25,2026-08-25 09:48:57.512000-03:00,,2026-08-25 13:20:24.233000-03:00,211.44535,used,29337
Becas personal,Becas Nodocentes,False,2026-08-25,2026-08-25 08:25:42.329000-03:00,,2026-08-25 13:22:20.785000-03:00,296.6409333333333,used,29358
Becas personal,Becas Nodocentes,False,2026-08-25,2026-08-25 09:45:39.326000-03:00,,2026-08-25 13:22:23.892000-03:00,216.74276666666668,used,29359
Becas personal,Becas Nodocentes,False,2026-08-25,2026-08-25 08:06:27.414000-03:00,,2026-08-25 13:25:56.252000-03:00,319.48063333333334,used,29402
Becas personal,Becas Nodocentes,False,2026-08-25,2026-08-25 10:50:14.714000-03:00,,2026-08-25 13:29:42.725000-03:00,159.46685,used,29439
Becas personal,Becas Nodocentes,False,2026-08-25,2026-08-25 09:30:46.145000-03:00,,2026-08-25 13:31:15.166000-03:00,240.48368333333335,used,29454
Becas personal,Becas Nodocentes,False,2026-08-25,2026-08-25 08:07:20.943000-03:00,,2026-08-25 13:32:04.852000-03:00,324.73181666666665,used,29457
Becas personal,Becas Nodocentes,False,2026-08-25,2026-08-25 09:40:22.686000-03:00,,2026-08-25 13:32:41.962000-03:00,232.32126666666667,used,29464
Becas personal,Becas Nodocentes,False,2026-08-25,2026-08-25 10:10:48.815000-03:00,,2026-08-25 13:32:51.198000-03:00,202.03971666666666,used,29465
Becas personal,Becas Nodocentes,False,2026-08-25,2026-08-25 09:34:35.394000-03:00,,2026-08-25 13:38:16.524000-03:00,243.6855,used,29496
Becas personal,Becas Nodocentes,False,2026-08-25,2026-08-25 09:28:25.382000-03:00,,2026-08-25 13:39:02.944000-03:00,250.62603333333334,used,29499
Becas personal,Becas Nodocentes,False,2026-08-25,2026-08-25 09:35:12.822000-03:00,,2026-08-25 13:40:30.768000-03:00,245.2991,used,29504
Becas personal,Becas Nodocentes,False,2026-08-25,2026-08-25 09:34:15.338000-03:00,,2026-08-25 13:41:57.808000-03:00,247.70783333333333,used,29512
Becas personal,Becas Nodocentes,False,2026-08-25,2026-08-25 09:52:02.636000-03:00,,2026-08-25 13:47:34.051000-03:00,235.52358333333333,used,29563
Becas personal,Becas Nodocentes,False,2026-08-25,2026-08-25 08:04:04.061000-03:00,,2026-08-25 13:52:32.234000-03:00,348.46954999999997,used,29587
Becas personal,Becas Nodocentes,False,2026-08-25,2026-08-25 09:34:42.634000-03:00,,2026-08-25 13:52:36.439000-03:00,257.89675,used,29588
Becas personal,Becas Nodocentes,False,2026-08-25,2026-08-25 10:35:57.806000-03:00,,2026-08-25 13:53:13.598000-03:00,197.26319999999998,used,29594
Becas personal,Becas Nodocentes,False,2026-08-25,2026-08-25 09:47:48.440000-03:00,,2026-08-25 13:55:23.674000-03:00,247.58723333333333,used,29611
Becas personal,Becas Nodocentes,False,2026-08-25,2026-08-25 09:42:04.889000-03:00,,2026-08-25 13:57:02.829000-03:00,254.96566666666666,used,29629
Becas personal,Becas Nodocentes,False,2026-08-25,2026-08-25 10:32:27.464000-03:00,,2026-08-25 13:57:40.216000-03:00,205.21253333333334,used,29633
Becas personal,Becas Nodocentes,False,2026-08-25,2026-08-25 09:35:45.433000-03:00,,2026-08-25 13:58:51.104000-03:00,263.09451666666666,used,29654
Becas personal,Becas Nodocentes,False,2026-08-25,2026-08-25 09:44:05.518000-03:00,,2026-08-25 14:09:21.715000-03:00,265.26995,used,29714
Becas personal,Becas Nodocentes,False,2026-08-25,2026-08-25 09:48:04.195000-03:00,,2026-08-25 14:09:26.881000-03:00,261.3781,used,29716
Becas personal,Becas Nodocentes,False,2026-08-25,2026-08-25 09:37:30.810000-03:00,,2026-08-25 14:13:11.626000-03:00,275.6802666666666,used,29743
Becas personal,Becas Nodocentes,False,2026-08-25,2026-08-25 09:40:47.534000-03:00,,2026-08-25 14:13:18.205000-03:00,272.51118333333335,used,29744
Becas personal,Becas Nodocentes,False,2026-08-25,2026-08-25 09:56:59.789000-03:00,,2026-08-25 14:15:31.173000-03:00,258.5230666666667,used,29761
Becas personal,Becas Nodocentes,False,2026-08-25,2026-08-25 09:39:20.641000-03:00,,2026-08-25 14:19:00.200000-03:00,279.6593166666667,used,29788
Becas personal,Becas Nodocentes,False,2026-08-26,2026-08-26 09:23:14.863000-03:00,,2026-08-26 12:01:20.935000-03:00,158.1012,used,29854
Becas personal,Becas Nodocentes,False,2026-08-26,2026-08-26 08:07:38.443000-03:00,,2026-08-26 12:08:19.996000-03:00,240.69255,used,29949
Becas personal,Becas Nodocentes,False,2026-08-26,2026-08-26 08:23:47.936000-03:00,,2026-08-26 12:27:52.483000-03:00,244.07578333333333,used,30184
Becas personal,Becas Nodocentes,False,2026-08-26,2026-08-26 08:15:53.284000-03:00,,2026-08-26 12:28:11.932000-03:00,252.3108,used,30187
Becas personal,Becas Nodocentes,False,2026-08-26,2026-08-26 09:38:44.373000-03:00,,2026-08-26 12:30:40.565000-03:00,171.93653333333333,used,30217
Becas personal,Becas Nodocentes,False,2026-08-26,2026-08-26 08:22:00.039000-03:00,,2026-08-26 12:30:50.323000-03:00,248.83806666666666,used,30220
Becas personal,Becas Nodocentes,False,2026-08-26,2026-08-26 09:00:20.530000-03:00,,2026-08-26 12:30:53.301000-03:00,210.54618333333335,used,30221
Becas personal,Becas Nodocentes,False,2026-08-26,2026-08-26 11:08:58.890000-03:00,,2026-08-26 12:35:45.311000-03:00,86.77368333333334,used,30273
Becas personal,Becas Nodocentes,False,2026-08-26,2026-08-26 08:24:30.956000-03:00,,2026-08-26 12:36:03.532000-03:00,251.5429333333333,used,30277
Becas personal,Becas Nodocentes,False,2026-08-26,2026-08-26 09:30:39.069000-03:00,,2026-08-26 12:44:02.507000-03:00,193.39063333333334,used,30360
Becas personal,Becas Nodocentes,False,2026-08-26,2026-08-26 09:34:20.851000-03:00,,2026-08-26 12:45:40.305000-03:00,191.32423333333332,used,30378
Becas personal,Becas Nodocentes,False,2026-08-26,2026-08-26 08:23:53.798000-03:00,,2026-08-26 12:46:24.862000-03:00,262.51773333333335,used,30389
Becas personal,Becas Nodocentes,False,2026-08-26,2026-08-26 08:44:52.793000-03:00,,2026-08-26 12:49:59.440000-03:00,245.11078333333336,used,30435
Becas personal,Becas Nodocentes,False,2026-08-26,2026-08-26 08:56:03.068000-03:00,,2026-08-26 12:50:34.049000-03:00,234.51635,used,30441
Becas personal,Becas Nodocentes,False,2026-08-26,2026-08-26 08:18:07.913000-03:00,,2026-08-26 12:50:46.948000-03:00,272.6505833333333,used,30443
Becas personal,Becas Nodocentes,False,2026-08-26,2026-08-26 09:38:29.922000-03:00,,2026-08-26 12:53:04.558000-03:00,194.57726666666667,used,30468
Becas personal,Becas Nodocentes,False,2026-08-26,2026-08-26 08:22:48.917000-03:00,,2026-08-26 12:54:08.151000-03:00,271.32056666666665,used,30485
Becas personal,Becas Nodocentes,False,2026-08-26,2026-08-26 08:02:09.508000-03:00,,2026-08-26 12:57:25.683000-03:00,295.26958333333334,used,30521
Becas personal,Becas Nodocentes,False,2026-08-26,2026-08-26 08:26:31.905000-03:00,,2026-08-26 13:01:08.388000-03:00,274.60805,used,30561
Becas personal,Becas Nodocentes,False,2026-08-26,2026-08-26 08:27:04.237000-03:00,,2026-08-26 13:01:10.358000-03:00,274.10201666666666,used,30562
Becas personal,Becas Nodocentes,False,2026-08-26,2026-08-26 08:19:05.605000-03:00,,2026-08-26 13:03:20.340000-03:00,284.24558333333334,used,30589
Becas personal,Becas Nodocentes,False,2026-08-26,2026-08-26 08:26:50.684000-03:00,,2026-08-26 13:03:39.100000-03:00,276.80693333333335,used,30593
Becas personal,Becas Nodocentes,False,2026-08-26,2026-08-26 09:57:49.984000-03:00,,2026-08-26 13:04:07.704000-03:00,186.29533333333333,used,30599
Becas personal,Becas Nodocentes,False,2026-08-26,2026-08-26 09:29:32.842000-03:00,,2026-08-26 13:06:12.435000-03:00,216.65988333333334,used,30619
Becas personal,Becas Nodocentes,False,2026-08-26,2026-08-26 08:36:51.100000-03:00,,2026-08-26 13:07:33.578000-03:00,270.70796666666666,used,30635
Becas personal,Becas Nodocentes,False,2026-08-26,2026-08-26 09:15:54.584000-03:00,,2026-08-26 13:08:04.950000-03:00,232.17276666666666,used,30641
Becas personal,Becas Nodocentes,False,2026-08-26,2026-08-26 10:22:18.677000-03:00,,2026-08-26 13:08:16.750000-03:00,165.96788333333333,used,30642
Becas personal,Becas Nodocentes,False,2026-08-26,2026-08-26 08:46:22.506000-03:00,,2026-08-26 13:10:42.181000-03:00,264.3279166666667,used,30679
Becas personal,Becas Nodocentes,False,2026-08-26,2026-08-26 08:34:38.175000-03:00,,2026-08-26 13:20:41.917000-03:00,286.06236666666666,used,30810
Becas personal,Becas Nodocentes,False,2026-08-26,2026-08-26 09:23:02.544000-03:00,,2026-08-26 13:21:05.032000-03:00,238.04146666666665,used,30811
Becas personal,Becas Nodocentes,False,2026-08-26,2026-08-26 08:19:59.673000-03:00,,2026-08-26 13:22:55.539000-03:00,302.9311,used,30840
Becas personal,Becas Nodocentes,False,2026-08-26,2026-08-26 08:32:00.534000-03:00,,2026-08-26 13:22:57.947000-03:00,290.95688333333334,used,30841
Becas personal,Becas Nodocentes,False,2026-08-26,2026-08-26 08:17:14.816000-03:00,,2026-08-26 13:23:21.156000-03:00,306.10566666666665,used,30847
Becas personal,Becas Nodocentes,False,2026-08-26,2026-08-26 10:05:21.815000-03:00,,2026-08-26 13:23:23.712000-03:00,198.03161666666668,used,30848
Becas personal,Becas Nodocentes,False,2026-08-26,2026-08-26 08:14:32.371000-03:00,,2026-08-26 13:23:25.957000-03:00,308.8931,used,30849
Becas personal,Becas Nodocentes,False,2026-08-26,2026-08-26 10:02:26.678000-03:00,,2026-08-26 13:26:31.049000-03:00,204.07285,used,30895
Becas personal,Becas Nodocentes,False,2026-08-26,2026-08-26 11:02:16.560000-03:00,,2026-08-26 13:26:34.502000-03:00,144.2990333333333,used,30896
Becas personal,Becas Nodocentes,False,2026-08-26,2026-08-26 09:20:30.441000-03:00,,2026-08-26 13:27:33.438000-03:00,247.04995,used,30910
Becas personal,Becas Nodocentes,False,2026-08-26,2026-08-26 09:29:59.636000-03:00,,2026-08-26 13:31:42.860000-03:00,241.7204,used,30969
Becas personal,Becas Nodocentes,False,2026-08-26,2026-08-26 08:25:21.984000-03:00,,2026-08-26 13:33:04.606000-03:00,307.71036666666663,used,30989
Becas personal,Becas Nodocentes,False,2026-08-26,2026-08-26 08:13:48.893000-03:00,,2026-08-26 13:33:08.276000-03:00,319.32305,used,30990
Becas personal,Becas Nodocentes,False,2026-08-26,2026-08-26 09:59:42.435000-03:00,,2026-08-26 13:37:22.323000-03:00,217.6648,used,31044
Becas personal,Becas Nodocentes,False,2026-08-26,2026-08-26 08:21:13.016000-03:00,,2026-08-26 13:37:33.332000-03:00,316.3386,used,31046
Becas personal,Becas Nodocentes,False,2026-08-26,2026-08-26 08:52:10.417000-03:00,,2026-08-26 13:37:42.686000-03:00,285.5378166666667,used,31048
Becas personal,Becas Nodocentes,False,2026-08-26,2026-08-26 08:08:02.722000-03:00,,2026-08-26 13:39:58.507000-03:00,331.92975,used,31076
Becas personal,Becas Nodocentes,False,2026-08-26,2026-08-26 09:04:34.814000-03:00,,2026-08-26 13:40:57.675000-03:00,276.38101666666665,used,31084
Becas personal,Becas Nodocentes,False,2026-08-26,2026-08-26 08:00:59.557000-03:00,,2026-08-26 13:48:14.488000-03:00,347.24885,used,31141
Becas personal,Becas Nodocentes,False,2026-08-26,2026-08-26 08:56:16.547000-03:00,,2026-08-26 13:48:17.866000-03:00,292.0219833333333,used,31142
Becas personal,Becas Nodocentes,False,2026-08-26,2026-08-26 09:51:29.057000-03:00,,2026-08-26 13:50:13.733000-03:00,238.7446,used,31154
Becas personal,Becas Nodocentes,False,2026-08-26,2026-08-26 09:55:54.093000-03:00,,2026-08-26 13:54:33.824000-03:00,238.66218333333333,used,31180
Becas personal,Becas Nodocentes,False,2026-08-26,2026-08-26 09:54:46.225000-03:00,,2026-08-26 13:55:43.008000-03:00,240.94638333333333,used,31193
Becas personal,Becas Nodocentes,False,2026-08-26,2026-08-26 11:01:35.577000-03:00,,2026-08-26 13:57:17.108000-03:00,175.69218333333336,used,31210
Becas personal,Becas Nodocentes,False,2026-08-26,2026-08-26 08:23:17.127000-03:00,,2026-08-26 13:59:31.339000-03:00,336.2368666666667,used,31228
Becas personal,Becas Nodocentes,False,2026-08-26,2026-08-26 08:03:49.035000-03:00,,2026-08-26 14:11:15.111000-03:00,367.4346,used,31309
Becas personal,Becas Nodocentes,False,2026-08-26,2026-08-26 14:11:15.603000-03:00,,2026-08-26 14:11:22.298000-03:00,0.11158333333333334,used,31312
Becas personal,Becas Nodocentes,False,2026-08-26,2026-08-26 08:17:11.665000-03:00,,2026-08-26 14:12:27.263000-03:00,355.2599666666667,used,31320
Becas personal,Becas Nodocentes,False,2026-08-26,2026-08-26 08:12:34.600000-03:00,,2026-08-26 14:13:12.083000-03:00,360.62471666666664,used,31324
Becas personal,Becas Nodocentes,False,2026-08-26,2026-08-26 08:50:43.559000-03:00,,2026-08-26 14:18:04.722000-03:00,327.35271666666665,used,31368
Becas personal,Becas Nodocentes,False,2026-08-26,2026-08-26 10:03:11.266000-03:00,,2026-08-26 14:23:14.213000-03:00,260.0491166666667,used,31403
Becas personal,Becas Nodocentes,False,2026-08-26,2026-08-26 08:12:55.251000-03:00,,2026-08-26 14:23:42.872000-03:00,370.7936833333333,used,31411
Becas personal,Becas Nodocentes,False,2026-08-26,2026-08-26 08:09:36.154000-03:00,,2026-08-26 14:24:29.082000-03:00,374.88213333333334,used,31417
Becas personal,Becas Nodocentes,False,2026-08-26,2026-08-26 09:23:53.243000-03:00,,2026-08-26 14:25:33.991000-03:00,301.6791333333333,used,31421
Becas personal,Becas Nodocentes,False,2026-08-26,2026-08-26 09:29:08.716000-03:00,,2026-08-26 14:27:32.388000-03:00,298.3945333333333,used,31437
Becas personal,Becas Nodocentes,False,2026-08-31,2026-08-31 10:03:11.445000-03:00,,2026-08-31 12:09:11.449000-03:00,126.00006666666667,used,31501
Becas personal,Becas Nodocentes,False,2026-08-31,2026-08-31 10:20:17.124000-03:00,,2026-08-31 12:09:14.237000-03:00,108.95188333333334,used,31502
Becas personal,Becas Nodocentes,False,2026-08-31,2026-08-31 08:05:40.927000-03:00,,2026-08-31 12:11:23.986000-03:00,245.71765,used,31546
Becas personal,Becas Nodocentes,False,2026-08-31,2026-08-31 08:09:49.516000-03:00,,2026-08-31 12:24:57.930000-03:00,255.14023333333336,used,31754
Becas personal,Becas Nodocentes,False,2026-08-31,2026-08-31 08:16:50.407000-03:00,,2026-08-31 12:29:50.897000-03:00,253.00816666666665,used,31832
Becas personal,Becas Nodocentes,False,2026-08-31,2026-08-31 09:16:59.810000-03:00,,2026-08-31 12:31:08.312000-03:00,194.14170000000001,used,31852
Becas personal,Becas Nodocentes,False,2026-08-31,2026-08-31 09:15:51.640000-03:00,,2026-08-31 12:31:10.607000-03:00,195.3161166666667,used,31853
Becas personal,Becas Nodocentes,False,2026-08-31,2026-08-31 10:51:09.967000-03:00,,2026-08-31 12:31:40.101000-03:00,100.50223333333334,used,31860
Becas personal,Becas Nodocentes,False,2026-08-31,2026-08-31 08:04:33.197000-03:00,,2026-08-31 12:31:49.470000-03:00,267.27121666666665,used,31864
Becas personal,Becas Nodocentes,False,2026-08-31,2026-08-31 10:47:14.933000-03:00,,2026-08-31 12:38:54.856000-03:00,111.66538333333332,used,31961
Becas personal,Becas Nodocentes,False,2026-08-31,2026-08-31 08:33:51.505000-03:00,,2026-08-31 12:40:14.249000-03:00,246.3790666666667,used,31983
Becas personal,Becas Nodocentes,False,2026-08-31,2026-08-31 08:28:47.398000-03:00,,2026-08-31 12:40:21.554000-03:00,251.5692666666667,used,31984
Becas personal,Becas Nodocentes,False,2026-08-31,2026-08-31 08:37:49.608000-03:00,,2026-08-31 12:40:33.863000-03:00,242.73758333333333,used,31985
Becas personal,Becas Nodocentes,False,2026-08-31,2026-08-31 08:33:17.141000-03:00,,2026-08-31 12:41:56.853000-03:00,248.66186666666667,used,32003
Becas personal,Becas Nodocentes,False,2026-08-31,2026-08-31 08:35:34.712000-03:00,,2026-08-31 12:47:02.938000-03:00,251.47043333333335,used,32081
Becas personal,Becas Nodocentes,False,2026-08-31,2026-08-31 09:40:54.713000-03:00,,2026-08-31 12:49:49.437000-03:00,188.91206666666668,used,32125
Becas personal,Becas Nodocentes,False,2026-08-31,2026-08-31 09:08:41.917000-03:00,,2026-08-31 12:50:41.826000-03:00,221.99848333333333,used,32141
Becas personal,Becas Nodocentes,False,2026-08-31,2026-08-31 09:02:14.853000-03:00,,2026-08-31 12:51:01.894000-03:00,228.78401666666664,used,32147
Becas personal,Becas Nodocentes,False,2026-08-31,2026-08-31 08:42:22.240000-03:00,,2026-08-31 12:51:32.547000-03:00,249.17178333333334,used,32157
Becas personal,Becas Nodocentes,False,2026-08-31,2026-08-31 08:04:08.313000-03:00,,2026-08-31 12:52:32.572000-03:00,288.40431666666666,used,32167
Becas personal,Becas Nodocentes,False,2026-08-31,2026-08-31 09:52:44.201000-03:00,,2026-08-31 12:58:57.541000-03:00,186.22233333333332,used,32218
Becas personal,Becas Nodocentes,False,2026-08-31,2026-08-31 09:02:52.648000-03:00,,2026-08-31 12:59:03.188000-03:00,236.17566666666667,used,32220
Becas personal,Becas Nodocentes,False,2026-08-31,2026-08-31 10:36:23.871000-03:00,,2026-08-31 13:01:08.910000-03:00,144.75065,used,32236
Becas personal,Becas Nodocentes,False,2026-08-31,2026-08-31 08:10:03.004000-03:00,,2026-08-31 13:04:17.596000-03:00,294.2432,used,32255
Becas personal,Becas Nodocentes,False,2026-08-31,2026-08-31 08:42:31.706000-03:00,,2026-08-31 13:04:41.114000-03:00,262.1568,used,32259
Becas personal,Becas Nodocentes,False,2026-08-31,2026-08-31 08:31:32.833000-03:00,,2026-08-31 13:06:25.884000-03:00,274.88418333333334,used,32282
Becas personal,Becas Nodocentes,False,2026-08-31,2026-08-31 08:38:10.972000-03:00,,2026-08-31 13:11:58.436000-03:00,273.79106666666667,used,32338
Becas personal,Becas Nodocentes,False,2026-08-31,2026-08-31 08:44:26.153000-03:00,,2026-08-31 13:12:01.417000-03:00,267.58773333333335,used,32339
Becas personal,Becas Nodocentes,False,2026-08-31,2026-08-31 08:07:51.506000-03:00,,2026-08-31 13:12:03.903000-03:00,304.20661666666666,used,32340
Becas personal,Becas Nodocentes,False,2026-08-31,2026-08-31 08:50:05.705000-03:00,,2026-08-31 13:14:55.649000-03:00,264.8324,used,32367
Becas personal,Becas Nodocentes,False,2026-08-31,2026-08-31 09:08:33.526000-03:00,,2026-08-31 13:15:48.446000-03:00,247.24866666666668,used,32384
Becas personal,Becas Nodocentes,False,2026-08-31,2026-08-31 08:53:16.364000-03:00,,2026-08-31 13:18:46.556000-03:00,265.5032,used,32411
Becas personal,Becas Nodocentes,False,2026-08-31,2026-08-31 09:55:43.536000-03:00,,2026-08-31 13:18:49.547000-03:00,203.10018333333335,used,32412
Becas personal,Becas Nodocentes,False,2026-08-31,2026-08-31 08:45:22.411000-03:00,,2026-08-31 13:19:24.733000-03:00,274.0387,used,32420
Becas personal,Becas Nodocentes,False,2026-08-31,2026-08-31 08:41:05.361000-03:00,,2026-08-31 13:20:18.943000-03:00,279.22636666666665,used,32433
Becas personal,Becas Nodocentes,False,2026-08-31,2026-08-31 08:11:21.643000-03:00,,2026-08-31 13:21:33.030000-03:00,310.1897833333333,used,32447
Becas personal,Becas Nodocentes,False,2026-08-31,2026-08-31 09:57:42.532000-03:00,,2026-08-31 13:22:33.054000-03:00,204.84203333333335,used,32458
Becas personal,Becas Nodocentes,False,2026-08-31,2026-08-31 08:03:57.386000-03:00,,2026-08-31 13:23:14.969000-03:00,319.29305,used,32471
Becas personal,Becas Nodocentes,False,2026-08-31,2026-08-31 09:41:07.023000-03:00,,2026-08-31 13:26:34.773000-03:00,225.4625,used,32519
Becas personal,Becas Nodocentes,False,2026-08-31,2026-08-31 12:25:42.770000-03:00,,2026-08-31 13:29:10.206000-03:00,63.45726666666667,used,32544
Becas personal,Becas Nodocentes,False,2026-08-31,2026-08-31 10:38:44.305000-03:00,,2026-08-31 13:29:46.943000-03:00,171.04396666666668,used,32550
Becas personal,Becas Nodocentes,False,2026-08-31,2026-08-31 08:21:12.458000-03:00,,2026-08-31 13:29:56.744000-03:00,308.7381,used,32552
Becas personal,Becas Nodocentes,False,2026-08-31,2026-08-31 08:37:48.616000-03:00,,2026-08-31 13:31:31.391000-03:00,293.7129166666667,used,32570
Becas personal,Becas Nodocentes,False,2026-08-31,2026-08-31 10:45:36.827000-03:00,,2026-08-31 13:40:20.804000-03:00,174.73295000000002,used,32636
Becas personal,Becas Nodocentes,False,2026-08-31,2026-08-31 08:40:37.765000-03:00,,2026-08-31 13:40:34.691000-03:00,299.94876666666664,used,32638
Becas personal,Becas Nodocentes,False,2026-08-31,2026-08-31 09:19:50.396000-03:00,,2026-08-31 13:42:02.233000-03:00,262.1972833333333,used,32657
Becas personal,Becas Nodocentes,False,2026-08-31,2026-08-31 10:41:32.180000-03:00,,2026-08-31 13:43:00.799000-03:00,181.47698333333335,used,32666
Becas personal,Becas Nodocentes,False,2026-08-31,2026-08-31 09:43:09.475000-03:00,,2026-08-31 13:46:07.352000-03:00,242.96461666666667,used,32686
Becas personal,Becas Nodocentes,False,2026-08-31,2026-08-31 08:22:27.254000-03:00,,2026-08-31 13:50:23.426000-03:00,327.9362,used,32729
Becas personal,Becas Nodocentes,False,2026-08-31,2026-08-31 09:30:56.378000-03:00,,2026-08-31 13:58:04.458000-03:00,267.13466666666665,used,32791
Becas personal,Becas Nodocentes,False,2026-08-31,2026-08-31 10:02:51.858000-03:00,,2026-08-31 13:59:09.350000-03:00,236.29153333333335,used,32801
Becas personal,Becas Nodocentes,False,2026-08-31,2026-08-31 08:08:27.110000-03:00,,2026-08-31 14:04:31.329000-03:00,356.07031666666666,used,32833
Becas personal,Becas Nodocentes,False,2026-08-31,2026-08-31 10:15:08.249000-03:00,,2026-08-31 14:05:03.234000-03:00,229.91641666666666,used,32840
Becas personal,Becas Nodocentes,False,2026-08-31,2026-08-31 08:37:33.033000-03:00,,2026-08-31 14:08:26.318000-03:00,330.8880833333333,used,32867
Becas personal,Becas Nodocentes,False,2026-08-31,2026-08-31 08:01:07.229000-03:00,,2026-08-31 14:08:32.688000-03:00,367.42431666666664,used,32869
Becas personal,Becas Nodocentes,False,2026-08-31,2026-08-31 08:17:12.146000-03:00,,2026-08-31 14:13:06.796000-03:00,355.91083333333336,used,32914
Becas personal,Becas Nodocentes,False,2026-08-31,2026-08-31 08:22:36.390000-03:00,,2026-08-31 14:14:24.417000-03:00,351.80044999999996,used,32922
Becas personal,Becas Nodocentes,False,2026-08-31,2026-08-31 09:52:32.191000-03:00,,2026-08-31 14:16:33.807000-03:00,264.0269333333333,used,32937
Becas personal,Becas Nodocentes,False,2026-08-31,2026-08-31 10:37:32.100000-03:00,,2026-08-31 14:16:36.491000-03:00,219.07318333333333,used,32938
Becas personal,Becas Nodocentes,False,2026-08-31,2026-08-31 09:50:58.952000-03:00,,2026-08-31 14:18:20.468000-03:00,267.35859999999997,used,32952
Becas personal,Becas Nodocentes,False,2026-09-01,2026-09-01 10:00:11.797000-03:00,,2026-09-01 12:00:22.357000-03:00,120.176,used,33026
Becas personal,Becas Nodocentes,False,2026-09-01,2026-09-01 10:11:30.526000-03:00,,2026-09-01 12:27:35.192000-03:00,136.07776666666666,used,33396
Becas personal,Becas Nodocentes,False,2026-09-01,2026-09-01 10:24:39.356000-03:00,,2026-09-01 12:31:33.977000-03:00,126.91035000000001,used,33465
Becas personal,Becas Nodocentes,False,2026-09-01,2026-09-01 09:53:43.492000-03:00,,2026-09-01 12:32:11.350000-03:00,158.4643,used,33477
Becas personal,Becas Nodocentes,False,2026-09-01,2026-09-01 09:54:03.726000-03:00,,2026-09-01 12:36:13.632000-03:00,162.16510000000002,used,33526
Becas personal,Becas Nodocentes,False,2026-09-01,2026-09-01 10:06:12.914000-03:00,,2026-09-01 12:36:32.359000-03:00,150.32408333333333,used,33528
Becas personal,Becas Nodocentes,False,2026-09-01,2026-09-01 10:27:14.416000-03:00,,2026-09-01 12:48:58.249000-03:00,141.73055000000002,used,33666
Becas personal,Becas Nodocentes,False,2026-09-01,2026-09-01 09:55:35.912000-03:00,,2026-09-01 12:50:03.840000-03:00,174.46546666666666,used,33685
Becas personal,Becas Nodocentes,False,2026-09-01,2026-09-01 09:56:13.516000-03:00,,2026-09-01 12:54:00.468000-03:00,177.78253333333333,used,33730
Becas personal,Becas Nodocentes,False,2026-09-01,2026-09-01 10:03:02.409000-03:00,,2026-09-01 12:54:34.055000-03:00,171.52743333333333,used,33733
Becas personal,Becas Nodocentes,False,2026-09-01,2026-09-01 10:25:44.817000-03:00,,2026-09-01 12:58:53.641000-03:00,153.1470666666667,used,33766
Becas personal,Becas Nodocentes,False,2026-09-01,2026-09-01 10:03:05.418000-03:00,,2026-09-01 13:02:04.973000-03:00,178.99258333333333,used,33803
Becas personal,Becas Nodocentes,False,2026-09-01,2026-09-01 10:35:53.777000-03:00,,2026-09-01 13:03:39.869000-03:00,147.7682,used,33821
Becas personal,Becas Nodocentes,False,2026-09-01,2026-09-01 10:14:20.521000-03:00,,2026-09-01 13:08:49.890000-03:00,174.48948333333334,used,33865
Becas personal,Becas Nodocentes,False,2026-09-01,2026-09-01 10:10:06.517000-03:00,,2026-09-01 13:09:15.167000-03:00,179.14416666666665,used,33872
Becas personal,Becas Nodocentes,False,2026-09-01,2026-09-01 10:22:59.837000-03:00,,2026-09-01 13:09:19.687000-03:00,166.33083333333335,used,33873
Becas personal,Becas Nodocentes,False,2026-09-01,2026-09-01 10:23:25.173000-03:00,,2026-09-01 13:09:23.213000-03:00,165.96733333333336,used,33874
Becas personal,Becas Nodocentes,False,2026-09-01,2026-09-01 10:33:44.709000-03:00,,2026-09-01 13:10:35.188000-03:00,156.84131666666664,used,33888
Becas personal,Becas Nodocentes,False,2026-09-01,2026-09-01 10:26:28.324000-03:00,,2026-09-01 13:12:05.478000-03:00,165.61923333333334,used,33912
Becas personal,Becas Nodocentes,False,2026-09-01,2026-09-01 10:04:18.625000-03:00,,2026-09-01 13:12:07.817000-03:00,187.81986666666666,used,33913
Becas personal,Becas Nodocentes,False,2026-09-01,2026-09-01 10:39:22.371000-03:00,,2026-09-01 13:12:10.600000-03:00,152.80381666666665,used,33914
Becas personal,Becas Nodocentes,False,2026-09-01,2026-09-01 10:20:28.817000-03:00,,2026-09-01 13:18:27.291000-03:00,177.97456666666668,used,33983
Becas personal,Becas Nodocentes,False,2026-09-01,2026-09-01 10:38:37.204000-03:00,,2026-09-01 13:18:45.129000-03:00,160.13208333333333,used,33989
Becas personal,Becas Nodocentes,False,2026-09-01,2026-09-01 10:09:42.320000-03:00,,2026-09-01 13:19:08.627000-03:00,189.43845000000002,used,33997
Becas personal,Becas Nodocentes,False,2026-09-01,2026-09-01 13:20:26.593000-03:00,,2026-09-01 13:20:44.502000-03:00,0.2984833333333333,used,34001
Becas personal,Becas Nodocentes,False,2026-09-01,2026-09-01 10:23:05.016000-03:00,,2026-09-01 13:21:57.943000-03:00,178.88211666666666,used,34011
Becas personal,Becas Nodocentes,False,2026-09-01,2026-09-01 10:11:55.316000-03:00,,2026-09-01 13:22:26.189000-03:00,190.51454999999999,used,34021
Becas personal,Becas Nodocentes,False,2026-09-01,2026-09-01 09:57:28.416000-03:00,,2026-09-01 13:24:01.050000-03:00,206.5439,used,34032
Becas personal,Becas Nodocentes,False,2026-09-01,2026-09-01 10:24:24.805000-03:00,,2026-09-01 13:24:06.184000-03:00,179.68965,used,34033
Becas personal,Becas Nodocentes,False,2026-09-01,2026-09-01 10:17:00.718000-03:00,,2026-09-01 13:26:42.091000-03:00,189.68955,used,34048
Becas personal,Becas Nodocentes,False,2026-09-01,2026-09-01 10:01:20.614000-03:00,,2026-09-01 13:27:06.106000-03:00,205.75820000000002,used,34051
Becas personal,Becas Nodocentes,False,2026-09-01,2026-09-01 10:03:16.065000-03:00,,2026-09-01 13:28:29.908000-03:00,205.23071666666667,used,34063
Becas personal,Becas Nodocentes,False,2026-09-01,2026-09-01 09:57:38.710000-03:00,,2026-09-01 13:30:16.583000-03:00,212.63121666666666,used,34091
Becas personal,Becas Nodocentes,False,2026-09-01,2026-09-01 10:44:38.233000-03:00,,2026-09-01 13:30:41.723000-03:00,166.05816666666666,used,34097
Becas personal,Becas Nodocentes,False,2026-09-01,2026-09-01 10:32:18.325000-03:00,,2026-09-01 13:30:44.062000-03:00,178.42895,used,34098
Becas personal,Becas Nodocentes,False,2026-09-01,2026-09-01 10:24:09.620000-03:00,,2026-09-01 13:43:21.283000-03:00,199.19438333333335,used,34185
Becas personal,Becas Nodocentes,False,2026-09-01,2026-09-01 10:24:06.329000-03:00,,2026-09-01 13:43:24.038000-03:00,199.29515,used,34186
Becas personal,Becas Nodocentes,False,2026-09-01,2026-09-01 10:40:05.715000-03:00,,2026-09-01 13:43:35.276000-03:00,183.49268333333333,used,34189
Becas personal,Becas Nodocentes,False,2026-09-01,2026-09-01 10:27:34.049000-03:00,,2026-09-01 13:51:12.933000-03:00,203.64806666666667,used,34243
Becas personal,Becas Nodocentes,False,2026-09-01,2026-09-01 10:13:34.018000-03:00,,2026-09-01 13:53:12.858000-03:00,219.64733333333334,used,34271
Becas personal,Becas Nodocentes,False,2026-09-01,2026-09-01 10:06:29.178000-03:00,,2026-09-01 13:53:25.102000-03:00,226.93206666666669,used,34274
Becas personal,Becas Nodocentes,False,2026-09-01,2026-09-01 10:20:07.221000-03:00,,2026-09-01 13:55:46.871000-03:00,215.66083333333333,used,34294
Becas personal,Becas Nodocentes,False,2026-09-01,2026-09-01 13:57:21.851000-03:00,,2026-09-01 13:57:44.207000-03:00,0.37260000000000004,used,34310
Becas personal,Becas Nodocentes,False,2026-09-01,2026-09-01 10:57:29.498000-03:00,,2026-09-01 13:58:53.070000-03:00,181.39286666666666,used,34316
Becas personal,Becas Nodocentes,False,2026-09-01,2026-09-01 10:00:32.566000-03:00,,2026-09-01 14:00:58.090000-03:00,240.4254,used,34329
Becas personal,Becas Nodocentes,False,2026-09-01,2026-09-01 10:38:46.825000-03:00,,2026-09-01 14:02:08.932000-03:00,203.36845,used,34337
Becas personal,Becas Nodocentes,False,2026-09-01,2026-09-01 10:11:04.912000-03:00,,2026-09-01 14:03:01.184000-03:00,231.93786666666668,used,34346
Becas personal,Becas Nodocentes,False,2026-09-01,2026-09-01 10:35:16.234000-03:00,,2026-09-01 14:03:30.591000-03:00,208.23928333333333,used,34349
Becas personal,Becas Nodocentes,False,2026-09-01,2026-09-01 10:07:06.928000-03:00,,2026-09-01 14:10:05.685000-03:00,242.9792833333333,used,34392
Becas personal,Becas Nodocentes,False,2026-09-01,2026-09-01 10:21:56.604000-03:00,,2026-09-01 14:12:26.555000-03:00,230.49918333333332,used,34397
Becas personal,Becas Nodocentes,False,2026-09-01,2026-09-01 09:59:13.210000-03:00,,2026-09-01 14:15:01.369000-03:00,255.80265,used,34412
Becas personal,Becas Nodocentes,False,2026-09-01,2026-09-01 10:09:34.517000-03:00,,2026-09-01 14:25:04.400000-03:00,255.49805,used,34478
Becas personal,Becas Nodocentes sin TACC,True,2026-07-01,2026-07-01 08:18:56.485000-03:00,,2026-07-01 12:05:25.535000-03:00,226.48416666666665,used,60
Becas personal,Becas Nodocentes sin TACC,True,2026-07-02,2026-07-02 08:28:38.767000-03:00,,2026-07-02 12:06:43.898000-03:00,218.08551666666665,used,1246
Becas personal,Becas Nodocentes sin TACC,True,2026-07-03,2026-07-03 08:59:44.459000-03:00,,2026-07-03 12:05:14.444000-03:00,185.49975,used,2007
Becas personal,Becas Nodocentes sin TACC,True,2026-07-20,2026-07-20 09:05:11.281000-03:00,,2026-07-20 12:09:55.363000-03:00,184.7347,used,3539
Becas personal,Becas Nodocentes sin TACC,True,2026-07-21,2026-07-21 09:45:43.281000-03:00,,2026-07-21 12:06:32.481000-03:00,140.82000000000002,used,3986
Becas personal,Becas Nodocentes sin TACC,True,2026-07-22,2026-07-22 08:36:04.250000-03:00,,2026-07-22 11:59:50.307000-03:00,203.76761666666667,used,4501
Becas personal,Becas Nodocentes sin TACC,True,2026-07-23,2026-07-23 08:27:33.569000-03:00,,2026-07-23 12:29:17.921000-03:00,241.7392,used,5347
Becas personal,Becas Nodocentes sin TACC,True,2026-07-24,2026-07-24 08:11:37.569000-03:00,,2026-07-24 13:03:56.844000-03:00,292.32125,used,6079
Becas personal,Becas Nodocentes sin TACC,True,2026-07-27,2026-07-27 08:24:11.085000-03:00,,2026-07-27 12:09:12.314000-03:00,225.02048333333332,used,6432
Becas personal,Becas Nodocentes sin TACC,True,2026-07-28,2026-07-28 11:55:44.138000-03:00,,2026-07-28 12:13:45.275000-03:00,18.01895,used,7210
Becas personal,Becas Nodocentes sin TACC,True,2026-07-29,2026-07-29 08:24:36.454000-03:00,,2026-07-29 12:32:10.175000-03:00,247.56201666666666,used,8143
Becas personal,Becas Nodocentes sin TACC,True,2026-07-30,2026-07-30 08:24:07.336000-03:00,,2026-07-30 12:09:44.539000-03:00,225.62005,used,8743
Becas personal,Becas Nodocentes sin TACC,True,2026-07-31,2026-07-31 08:44:29.381000-03:00,,2026-07-31 12:08:20.957000-03:00,203.85959999999997,used,9553
Becas personal,Becas Nodocentes sin TACC,True,2026-08-03,2026-08-03 08:07:18.234000-03:00,,2026-08-03 12:57:34.986000-03:00,290.2792,used,10771
Becas personal,Becas Nodocentes sin TACC,True,2026-08-04,2026-08-04 09:34:07.952000-03:00,,2026-08-04 12:12:50.415000-03:00,158.70771666666667,used,11522
Becas personal,Becas Nodocentes sin TACC,True,2026-08-05,2026-08-05 08:06:53.573000-03:00,,2026-08-05 12:12:27.814000-03:00,245.57068333333333,used,12660
Becas personal,Becas Nodocentes sin TACC,True,2026-08-06,2026-08-06 08:23:53.709000-03:00,,2026-08-06 12:27:40.099000-03:00,243.77316666666667,used,13964
Becas personal,Becas Nodocentes sin TACC,True,2026-08-07,2026-08-07 08:32:19.530000-03:00,,2026-08-07 12:22:33.714000-03:00,230.23639999999997,used,15085
Becas personal,Becas Nodocentes sin TACC,True,2026-08-10,2026-08-10 08:12:21.861000-03:00,,2026-08-10 12:11:07.749000-03:00,238.7648,used,16108
Becas personal,Becas Nodocentes sin TACC,True,2026-08-11,2026-08-11 08:24:52.819000-03:00,,2026-08-11 13:07:31.186000-03:00,282.63944999999995,used,18307
Becas personal,Becas Nodocentes sin TACC,True,2026-08-13,2026-08-13 08:25:19.399000-03:00,,2026-08-13 12:16:53.396000-03:00,231.56661666666665,used,19295
Becas personal,Becas Nodocentes sin TACC,True,2026-08-14,2026-08-14 08:03:36.814000-03:00,,2026-08-14 12:08:36.728000-03:00,244.99856666666668,used,20686
Becas personal,Becas Nodocentes sin TACC,True,2026-08-20,2026-08-20 08:11:34.472000-03:00,,2026-08-20 12:29:37.925000-03:00,258.05755,used,24011
Becas personal,Becas Nodocentes sin TACC,True,2026-08-21,2026-08-21 08:56:26.259000-03:00,,2026-08-21 12:12:31.002000-03:00,196.07905,used,25306
Becas personal,Becas Nodocentes sin TACC,True,2026-08-24,2026-08-24 08:40:49.513000-03:00,,2026-08-24 12:07:16.634000-03:00,206.45201666666665,used,26843
Becas personal,Becas Nodocentes sin TACC,True,2026-08-25,2026-08-25 09:52:18.620000-03:00,,2026-08-25 12:10:00.972000-03:00,137.70586666666668,used,28412
Becas personal,Becas Nodocentes sin TACC,True,2026-08-26,2026-08-26 08:55:23.290000-03:00,,2026-08-26 12:21:49.754000-03:00,206.44106666666667,used,30110
Becas personal,Becas Nodocentes sin TACC,True,2026-08-31,2026-08-31 08:07:28.819000-03:00,,2026-08-31 12:09:18.211000-03:00,241.82319999999999,used,31503
Becas personal,Becas Nodocentes sin TACC,True,2026-09-01,2026-09-01 09:59:05.413000-03:00,,2026-09-01 12:18:15.220000-03:00,139.16345,used,33275
