grupo,customer_types,sin_tacc,event_date,reserved_at,canceled_at,checked_at,anticipacion_min,status,customer_id
Personal,Docente,False,2026-07-01,2026-07-01 09:09:36.504000-03:00,,2026-07-01 12:15:30.894000-03:00,185.9065,used,152
Personal,Docente,False,2026-07-01,2026-07-01 08:43:29.806000-03:00,,2026-07-01 12:38:51.506000-03:00,235.36166666666668,used,379
Personal,Docente,False,2026-07-01,2026-07-01 08:34:08.699000-03:00,,2026-07-01 12:38:54.470000-03:00,244.76285000000001,used,380
Personal,Docente,False,2026-07-01,2026-07-01 09:53:17.012000-03:00,,2026-07-01 12:48:53.854000-03:00,175.61403333333334,used,460
Personal,Docente,False,2026-07-01,2026-07-01 09:31:51.033000-03:00,,2026-07-01 12:56:50.719000-03:00,204.99476666666666,used,515
Personal,Docente,False,2026-07-01,2026-07-01 09:49:53.279000-03:00,,2026-07-01 12:59:06.211000-03:00,189.21553333333335,used,531
Personal,Docente,False,2026-07-01,2026-07-01 08:49:39.375000-03:00,,2026-07-01 13:16:09.236000-03:00,266.4976833333333,used,694
Personal,Docente,False,2026-07-01,2026-07-01 09:46:52.829000-03:00,,2026-07-01 13:16:44.598000-03:00,209.86281666666667,used,699
Personal,Docente,False,2026-07-01,2026-07-01 10:08:12.839000-03:00,,2026-07-01 13:16:47.381000-03:00,188.57569999999998,used,700
Personal,Docente,False,2026-07-01,2026-07-01 09:46:48.623000-03:00,,2026-07-01 13:25:14.588000-03:00,218.43275,used,769
Personal,Docente,False,2026-07-01,2026-07-01 10:46:57.749000-03:00,,2026-07-01 13:49:31.429000-03:00,182.56133333333335,used,952
Personal,Docente,False,2026-07-01,2026-07-01 10:44:45.160000-03:00,,2026-07-01 13:58:29.691000-03:00,193.74218333333334,used,993
Personal,Docente,False,2026-07-01,2026-07-01 08:15:29.407000-03:00,,2026-07-01 14:08:02.957000-03:00,352.55916666666667,used,1045
Personal,Docente,False,2026-07-02,2026-07-02 08:34:34.603000-03:00,,2026-07-02 13:09:54.974000-03:00,275.33951666666667,used,1540
Personal,Docente,False,2026-07-02,2026-07-02 10:14:14.887000-03:00,,2026-07-02 13:21:07.794000-03:00,186.88178333333332,used,1618
Personal,Docente,False,2026-07-02,2026-07-02 09:42:57.820000-03:00,,2026-07-02 13:26:25.774000-03:00,223.4659,used,1638
Personal,Docente,False,2026-07-02,2026-07-02 08:33:03.511000-03:00,,2026-07-02 13:26:31.763000-03:00,293.47086666666667,used,1639
Personal,Docente,False,2026-07-02,2026-07-02 10:43:37.053000-03:00,,2026-07-02 13:44:08.217000-03:00,180.51940000000002,used,1711
Personal,Docente,False,2026-07-02,2026-07-02 09:15:53.306000-03:00,,2026-07-02 13:51:14.149000-03:00,275.34738333333337,used,1754
Personal,Docente,False,2026-07-02,2026-07-02 10:43:37.763000-03:00,,2026-07-02 13:52:18.055000-03:00,188.67153333333331,used,1761
Personal,Docente,False,2026-07-02,2026-07-02 09:00:43.534000-03:00,,2026-07-02 14:18:33.582000-03:00,317.83413333333334,used,1896
Personal,Docente,False,2026-07-03,2026-07-03 10:23:33.325000-03:00,,2026-07-03 12:10:50.386000-03:00,107.28434999999999,used,2062
Personal,Docente,False,2026-07-03,2026-07-03 10:21:30.362000-03:00,,2026-07-03 12:27:47.601000-03:00,126.28731666666665,used,2180
Personal,Docente,False,2026-07-03,2026-07-03 10:23:41.941000-03:00,,2026-07-03 12:53:54.997000-03:00,150.2176,used,2334
Personal,Docente,False,2026-07-03,2026-07-03 10:41:30.047000-03:00,,2026-07-03 12:53:57.421000-03:00,132.45623333333333,used,2335
Personal,Docente,False,2026-07-03,2026-07-03 08:13:33.207000-03:00,,2026-07-03 13:10:00.014000-03:00,296.44678333333337,used,2422
Personal,Docente,False,2026-07-03,2026-07-03 08:25:13.490000-03:00,,2026-07-03 13:38:08.102000-03:00,312.91020000000003,used,2614
Personal,Docente,False,2026-07-03,2026-07-03 08:18:02.243000-03:00,,2026-07-03 13:50:35.112000-03:00,332.5478166666666,used,2669
Personal,Docente,False,2026-07-08,2026-07-08 10:17:02.113000-03:00,,2026-07-08 12:55:54.281000-03:00,158.86946666666665,used,3253
Personal,Docente,False,2026-07-08,2026-07-08 10:06:07.160000-03:00,,2026-07-08 13:21:04.503000-03:00,194.9557166666667,used,3344
Personal,Docente,False,2026-07-08,2026-07-08 10:26:05.834000-03:00,,2026-07-08 13:21:14.099000-03:00,175.13774999999998,used,3347
Personal,Docente,False,2026-07-20,2026-07-20 09:52:33.079000-03:00,,2026-07-20 12:24:15.929000-03:00,151.71416666666667,used,3566
Personal,Docente,False,2026-07-20,2026-07-20 10:13:36.051000-03:00,,2026-07-20 12:30:16.702000-03:00,136.67751666666666,used,3579
Personal,Docente,False,2026-07-20,2026-07-20 10:01:37.863000-03:00,,2026-07-20 13:03:58.822000-03:00,182.34931666666668,used,3665
Personal,Docente,False,2026-07-20,2026-07-20 10:01:37.475000-03:00,,2026-07-20 13:23:32.471000-03:00,201.9166,used,3742
Personal,Docente,False,2026-07-20,2026-07-20 10:07:04.507000-03:00,,2026-07-20 13:23:49.249000-03:00,196.7457,used,3743
Personal,Docente,False,2026-07-20,2026-07-20 08:30:51.408000-03:00,,2026-07-20 13:26:45.877000-03:00,295.9078166666667,used,3757
Personal,Docente,False,2026-07-20,2026-07-20 08:52:10.754000-03:00,,2026-07-20 13:26:48.520000-03:00,274.62943333333334,used,3758
Personal,Docente,False,2026-07-21,2026-07-21 10:59:49.515000-03:00,,2026-07-21 12:51:59.042000-03:00,112.15878333333333,used,4112
Personal,Docente,False,2026-07-21,2026-07-21 08:38:53.805000-03:00,,2026-07-21 13:06:10.750000-03:00,267.2824166666667,used,4167
Personal,Docente,False,2026-07-21,2026-07-21 08:27:23.695000-03:00,,2026-07-21 13:06:25.289000-03:00,279.02656666666667,used,4168
Personal,Docente,False,2026-07-21,2026-07-21 10:37:05.756000-03:00,,2026-07-21 13:17:32.565000-03:00,160.44681666666665,used,4224
Personal,Docente,False,2026-07-21,2026-07-21 09:50:40.707000-03:00,,2026-07-21 13:26:24.345000-03:00,215.7273,used,4266
Personal,Docente,False,2026-07-21,2026-07-21 10:22:13.361000-03:00,,2026-07-21 13:38:58.562000-03:00,196.75334999999998,used,4318
Personal,Docente,False,2026-07-21,2026-07-21 08:31:05.506000-03:00,,2026-07-21 13:44:10.538000-03:00,313.08386666666667,used,4339
Personal,Docente,False,2026-07-21,2026-07-21 10:11:54.449000-03:00,,2026-07-21 14:15:00.624000-03:00,243.10291666666666,used,4445
Personal,Docente,False,2026-07-22,2026-07-22 10:40:06.043000-03:00,,2026-07-22 12:25:46.388000-03:00,105.67241666666668,used,4629
Personal,Docente,False,2026-07-22,2026-07-22 08:32:45.209000-03:00,,2026-07-22 12:43:48.944000-03:00,251.06225,used,4688
Personal,Docente,False,2026-07-22,2026-07-22 09:07:26.880000-03:00,,2026-07-22 12:47:29.084000-03:00,220.03673333333333,used,4703
Personal,Docente,False,2026-07-22,2026-07-22 09:24:16.501000-03:00,,2026-07-22 12:48:08.911000-03:00,203.8735,used,4706
Personal,Docente,False,2026-07-22,2026-07-22 08:52:31.145000-03:00,,2026-07-22 13:28:06.298000-03:00,275.5858833333333,used,4918
Personal,Docente,False,2026-07-22,2026-07-22 10:24:46.155000-03:00,,2026-07-22 13:30:18.312000-03:00,185.53594999999999,used,4927
Personal,Docente,False,2026-07-22,2026-07-22 10:15:12.734000-03:00,,2026-07-22 13:30:21.013000-03:00,195.13798333333335,used,4928
Personal,Docente,False,2026-07-22,2026-07-22 09:23:32.407000-03:00,,2026-07-22 13:38:34.405000-03:00,255.0333,used,4989
Personal,Docente,False,2026-07-22,2026-07-22 10:36:41.177000-03:00,,2026-07-22 13:55:36.615000-03:00,198.92396666666667,used,5065
Personal,Docente,False,2026-07-22,2026-07-22 08:06:06.062000-03:00,,2026-07-22 14:17:33.566000-03:00,371.45840000000004,used,5151
Personal,Docente,False,2026-07-23,2026-07-23 08:30:51.989000-03:00,,2026-07-23 12:08:38.645000-03:00,217.7776,used,5246
Personal,Docente,False,2026-07-23,2026-07-23 10:06:20.370000-03:00,,2026-07-23 12:08:42.450000-03:00,122.368,used,5247
Personal,Docente,False,2026-07-23,2026-07-23 10:27:17.627000-03:00,,2026-07-23 12:27:53.452000-03:00,120.59708333333333,used,5341
Personal,Docente,False,2026-07-23,2026-07-23 10:47:33.981000-03:00,,2026-07-23 12:27:57.258000-03:00,100.38795,used,5342
Personal,Docente,False,2026-07-23,2026-07-23 10:42:59.852000-03:00,,2026-07-23 12:52:50.295000-03:00,129.84071666666668,used,5411
Personal,Docente,False,2026-07-23,2026-07-23 08:00:08.150000-03:00,,2026-07-23 12:59:42.277000-03:00,299.56878333333333,used,5437
Personal,Docente,False,2026-07-23,2026-07-23 08:46:21.896000-03:00,,2026-07-23 13:27:02.003000-03:00,280.66845,used,5594
Personal,Docente,False,2026-07-23,2026-07-23 08:57:17.123000-03:00,,2026-07-23 13:45:30.085000-03:00,288.2160333333333,used,5699
Personal,Docente,False,2026-07-23,2026-07-23 10:13:07.634000-03:00,,2026-07-23 14:09:19.601000-03:00,236.19945,used,5808
Personal,Docente,False,2026-07-23,2026-07-23 08:02:33.904000-03:00,,2026-07-23 14:13:23.989000-03:00,370.83475,used,5829
Personal,Docente,False,2026-07-24,2026-07-24 08:34:32.323000-03:00,,2026-07-24 12:11:50.712000-03:00,217.30648333333332,used,5928
Personal,Docente,False,2026-07-24,2026-07-24 10:48:36.423000-03:00,,2026-07-24 12:26:23.815000-03:00,97.78986666666667,used,5967
Personal,Docente,False,2026-07-24,2026-07-24 08:17:21.802000-03:00,,2026-07-24 13:09:17.287000-03:00,291.92475,used,6101
Personal,Docente,False,2026-07-24,2026-07-24 08:30:53.849000-03:00,,2026-07-24 14:24:11.665000-03:00,353.2969333333333,used,6345
Personal,Docente,False,2026-07-27,2026-07-27 10:54:05.037000-03:00,,2026-07-27 12:21:27.527000-03:00,87.37483333333333,used,6503
Personal,Docente,False,2026-07-27,2026-07-27 08:43:50.317000-03:00,,2026-07-27 12:32:13.635000-03:00,228.38863333333333,used,6551
Personal,Docente,False,2026-07-27,2026-07-27 10:09:14.354000-03:00,,2026-07-27 13:01:51.590000-03:00,172.62060000000002,used,6688
Personal,Docente,False,2026-07-27,2026-07-27 09:51:45.271000-03:00,,2026-07-27 13:01:56.607000-03:00,190.18893333333332,used,6689
Personal,Docente,False,2026-07-27,2026-07-27 10:06:00.043000-03:00,,2026-07-27 13:14:03.775000-03:00,188.0622,used,6747
Personal,Docente,False,2026-07-27,2026-07-27 10:35:56.522000-03:00,,2026-07-27 13:17:34.430000-03:00,161.6318,used,6761
Personal,Docente,False,2026-07-27,2026-07-27 08:43:59.497000-03:00,,2026-07-27 13:26:26.058000-03:00,282.4426833333334,used,6809
Personal,Docente,False,2026-07-27,2026-07-27 08:53:46.464000-03:00,,2026-07-27 13:26:42.168000-03:00,272.9284,used,6810
Personal,Docente,False,2026-07-27,2026-07-27 09:47:26.453000-03:00,,2026-07-27 13:27:26.075000-03:00,219.9937,used,6815
Personal,Docente,False,2026-07-27,2026-07-27 08:54:06.645000-03:00,,2026-07-27 13:57:00.421000-03:00,302.8962666666667,used,6951
Personal,Docente,False,2026-07-27,2026-07-27 08:18:11.426000-03:00,,2026-07-27 14:21:22.660000-03:00,363.1872333333333,used,7047
Personal,Docente,False,2026-07-28,2026-07-28 09:43:35.270000-03:00,,2026-07-28 12:22:08.246000-03:00,158.5496,used,7256
Personal,Docente,False,2026-07-28,2026-07-28 09:29:43.894000-03:00,,2026-07-28 12:23:17.042000-03:00,173.55246666666665,used,7261
Personal,Docente,False,2026-07-28,2026-07-28 09:09:22.011000-03:00,,2026-07-28 12:36:42.525000-03:00,207.34189999999998,used,7350
Personal,Docente,False,2026-07-28,2026-07-28 08:18:47.658000-03:00,,2026-07-28 12:59:18.360000-03:00,280.5117,used,7469
Personal,Docente,False,2026-07-28,2026-07-28 08:03:46.585000-03:00,,2026-07-28 13:03:59.775000-03:00,300.2198333333333,used,7496
Personal,Docente,False,2026-07-28,2026-07-28 10:43:58.790000-03:00,,2026-07-28 13:10:14.691000-03:00,146.26501666666667,used,7537
Personal,Docente,False,2026-07-28,2026-07-28 08:33:42.485000-03:00,,2026-07-28 13:16:05.880000-03:00,282.3899166666667,used,7580
Personal,Docente,False,2026-07-28,2026-07-28 09:12:26.215000-03:00,,2026-07-28 13:29:01.022000-03:00,256.5801166666667,used,7652
Personal,Docente,False,2026-07-28,2026-07-28 10:58:10.947000-03:00,,2026-07-28 13:29:05.507000-03:00,150.90933333333334,used,7653
Personal,Docente,False,2026-07-28,2026-07-28 08:43:55.680000-03:00,,2026-07-28 13:45:20.767000-03:00,301.41811666666666,used,7728
Personal,Docente,False,2026-07-28,2026-07-28 08:55:25.495000-03:00,,2026-07-28 13:53:29.456000-03:00,298.06601666666666,used,7763
Personal,Docente,False,2026-07-28,2026-07-28 09:26:01.379000-03:00,,2026-07-28 14:15:46.511000-03:00,289.7522,used,7861
Personal,Docente,False,2026-07-28,2026-07-28 09:43:20.831000-03:00,,2026-07-28 14:16:02.506000-03:00,272.6945833333333,used,7863
Personal,Docente,False,2026-07-29,2026-07-29 09:21:40.440000-03:00,,2026-07-29 12:15:10.424000-03:00,173.49973333333335,used,8046
Personal,Docente,False,2026-07-29,2026-07-29 09:05:29.549000-03:00,,2026-07-29 12:24:55.890000-03:00,199.43901666666667,used,8107
Personal,Docente,False,2026-07-29,2026-07-29 10:19:10.347000-03:00,,2026-07-29 13:00:32.168000-03:00,161.36368333333334,used,8267
Personal,Docente,False,2026-07-29,2026-07-29 08:31:54.610000-03:00,,2026-07-29 13:00:36.930000-03:00,268.70533333333333,used,8268
Personal,Docente,False,2026-07-29,2026-07-29 09:41:08.499000-03:00,,2026-07-29 13:04:32.553000-03:00,203.4009,used,8283
Personal,Docente,False,2026-07-29,2026-07-29 10:02:00.233000-03:00,,2026-07-29 13:42:46.179000-03:00,220.76576666666668,used,8466
Personal,Docente,False,2026-07-29,2026-07-29 14:01:14.311000-03:00,2026-07-29 14:00:54.511000-03:00,2026-07-29 14:02:35.824000-03:00,1.3585500000000001,used,8539
Personal,Docente,False,2026-07-29,2026-07-29 08:28:37.395000-03:00,,2026-07-29 14:13:36.967000-03:00,344.99286666666666,used,8579
Personal,Docente,False,2026-07-30,2026-07-30 08:15:33.154000-03:00,,2026-07-30 12:18:50.139000-03:00,243.28308333333334,used,8802
Personal,Docente,False,2026-07-30,2026-07-30 10:46:47.350000-03:00,,2026-07-30 12:53:25.691000-03:00,126.63901666666668,used,8964
Personal,Docente,False,2026-07-30,2026-07-30 09:39:33.720000-03:00,,2026-07-30 13:04:53.451000-03:00,205.32885,used,9024
Personal,Docente,False,2026-07-30,2026-07-30 09:53:01.594000-03:00,,2026-07-30 13:05:01.701000-03:00,192.00178333333332,used,9026
Personal,Docente,False,2026-07-30,2026-07-30 09:50:03.004000-03:00,,2026-07-30 13:12:27.454000-03:00,202.4075,used,9072
Personal,Docente,False,2026-07-30,2026-07-30 08:15:25.104000-03:00,,2026-07-30 13:12:29.954000-03:00,297.0808333333333,used,9073
Personal,Docente,False,2026-07-30,2026-07-30 10:03:01.062000-03:00,,2026-07-30 13:38:42.210000-03:00,215.6858,used,9245
Personal,Docente,False,2026-07-30,2026-07-30 10:29:52.434000-03:00,,2026-07-30 13:41:29.274000-03:00,191.614,used,9262
Personal,Docente,False,2026-07-30,2026-07-30 09:19:39.996000-03:00,,2026-07-30 13:57:16.390000-03:00,277.60656666666665,used,9343
Personal,Docente,False,2026-07-30,2026-07-30 08:02:07.349000-03:00,,2026-07-30 14:17:40.062000-03:00,375.54521666666665,used,9434
Personal,Docente,False,2026-07-30,2026-07-30 10:30:22.812000-03:00,,2026-07-30 14:18:32.616000-03:00,228.1634,used,9441
Personal,Docente,False,2026-07-31,2026-07-31 09:43:46.630000-03:00,,2026-07-31 12:14:50.745000-03:00,151.06858333333332,used,9625
Personal,Docente,False,2026-07-31,2026-07-31 09:39:43.748000-03:00,,2026-07-31 12:26:17.677000-03:00,166.56548333333333,used,9710
Personal,Docente,False,2026-07-31,2026-07-31 09:09:51.856000-03:00,,2026-07-31 12:33:43.945000-03:00,203.86814999999999,used,9739
Personal,Docente,False,2026-07-31,2026-07-31 09:10:00.616000-03:00,,2026-07-31 12:49:07.086000-03:00,219.10783333333333,used,9839
Personal,Docente,False,2026-07-31,2026-07-31 08:34:57.717000-03:00,,2026-07-31 12:51:01.734000-03:00,256.06695,used,9847
Personal,Docente,False,2026-07-31,2026-07-31 09:35:03.736000-03:00,,2026-07-31 12:57:20.314000-03:00,202.2763,used,9890
Personal,Docente,False,2026-07-31,2026-07-31 08:05:14.707000-03:00,,2026-07-31 13:02:04.547000-03:00,296.8306666666667,used,9908
Personal,Docente,False,2026-07-31,2026-07-31 08:05:55.110000-03:00,,2026-07-31 13:02:30.290000-03:00,296.58633333333336,used,9909
Personal,Docente,False,2026-07-31,2026-07-31 10:08:26.801000-03:00,,2026-07-31 13:06:25.689000-03:00,177.98146666666668,used,9925
Personal,Docente,False,2026-07-31,2026-07-31 09:00:45.726000-03:00,,2026-07-31 13:06:30.669000-03:00,245.74904999999998,used,9926
Personal,Docente,False,2026-07-31,2026-07-31 09:55:30.445000-03:00,,2026-07-31 13:08:43.401000-03:00,193.21593333333334,used,9937
Personal,Docente,False,2026-07-31,2026-07-31 10:06:41.174000-03:00,,2026-07-31 13:08:48.156000-03:00,182.11636666666666,used,9938
Personal,Docente,False,2026-07-31,2026-07-31 10:16:21.577000-03:00,,2026-07-31 13:11:21.401000-03:00,174.99706666666668,used,9959
Personal,Docente,False,2026-07-31,2026-07-31 09:50:35.157000-03:00,,2026-07-31 13:56:10.937000-03:00,245.59633333333335,used,10208
Personal,Docente,False,2026-08-03,2026-08-03 09:01:42.325000-03:00,,2026-08-03 12:12:09.565000-03:00,190.454,used,10511
Personal,Docente,False,2026-08-03,2026-08-03 10:38:25.397000-03:00,,2026-08-03 12:32:38.372000-03:00,114.21625,used,10644
Personal,Docente,False,2026-08-03,2026-08-03 10:23:40.911000-03:00,,2026-08-03 12:33:49.943000-03:00,130.15053333333333,used,10649
Personal,Docente,False,2026-08-03,2026-08-03 10:18:59.618000-03:00,,2026-08-03 12:49:13.214000-03:00,150.2266,used,10725
Personal,Docente,False,2026-08-03,2026-08-03 09:03:20.018000-03:00,,2026-08-03 12:52:32.645000-03:00,229.21045,used,10744
Personal,Docente,False,2026-08-03,2026-08-03 10:49:20.805000-03:00,,2026-08-03 12:52:37.663000-03:00,123.28096666666667,used,10745
Personal,Docente,False,2026-08-03,2026-08-03 09:17:55.013000-03:00,,2026-08-03 13:54:39.251000-03:00,276.7373,used,11181
Personal,Docente,False,2026-08-04,2026-08-04 08:14:58.316000-03:00,,2026-08-04 12:06:08.318000-03:00,231.16670000000002,used,11455
Personal,Docente,False,2026-08-04,2026-08-04 09:41:55.020000-03:00,,2026-08-04 12:25:10.503000-03:00,163.25805,used,11642
Personal,Docente,False,2026-08-04,2026-08-04 10:02:17.213000-03:00,,2026-08-04 12:34:04.830000-03:00,151.79361666666668,used,11722
Personal,Docente,False,2026-08-04,2026-08-04 08:19:09.045000-03:00,,2026-08-04 12:47:32.289000-03:00,268.3874,used,11837
Personal,Docente,False,2026-08-04,2026-08-04 09:15:45.359000-03:00,,2026-08-04 12:49:36.703000-03:00,213.85573333333332,used,11863
Personal,Docente,False,2026-08-04,2026-08-04 08:56:04.662000-03:00,,2026-08-04 12:58:24.010000-03:00,242.32246666666666,used,11954
Personal,Docente,False,2026-08-04,2026-08-04 09:33:53.891000-03:00,,2026-08-04 12:58:38.598000-03:00,204.74511666666666,used,11957
Personal,Docente,False,2026-08-04,2026-08-04 09:31:15.827000-03:00,,2026-08-04 13:18:59.731000-03:00,227.73173333333335,used,12109
Personal,Docente,False,2026-08-04,2026-08-04 08:08:04.907000-03:00,,2026-08-04 13:25:27.734000-03:00,317.38045,used,12159
Personal,Docente,False,2026-08-04,2026-08-04 08:09:38.257000-03:00,,2026-08-04 13:25:45.912000-03:00,316.1275833333333,used,12160
Personal,Docente,False,2026-08-04,2026-08-04 09:48:19.330000-03:00,,2026-08-04 13:43:17.571000-03:00,234.97068333333334,used,12291
Personal,Docente,False,2026-08-04,2026-08-04 09:35:26.442000-03:00,,2026-08-04 13:49:50.770000-03:00,254.40546666666665,used,12326
Personal,Docente,False,2026-08-04,2026-08-04 08:26:20.111000-03:00,,2026-08-04 14:07:45.160000-03:00,341.41748333333334,used,12409
Personal,Docente,False,2026-08-05,2026-08-05 09:37:46.928000-03:00,,2026-08-05 12:53:09.944000-03:00,195.3836,used,13009
Personal,Docente,False,2026-08-05,2026-08-05 09:31:24.509000-03:00,,2026-08-05 12:53:12.613000-03:00,201.80173333333332,used,13010
Personal,Docente,False,2026-08-05,2026-08-05 10:54:02.861000-03:00,,2026-08-05 12:53:39.628000-03:00,119.61278333333333,used,13017
Personal,Docente,False,2026-08-05,2026-08-05 08:57:11.855000-03:00,,2026-08-05 12:58:42.831000-03:00,241.51626666666667,used,13050
Personal,Docente,False,2026-08-05,2026-08-05 09:48:46.267000-03:00,,2026-08-05 13:09:02.650000-03:00,200.27304999999998,used,13123
Personal,Docente,False,2026-08-05,2026-08-05 09:40:49.284000-03:00,,2026-08-05 13:09:56.725000-03:00,209.12401666666668,used,13131
Personal,Docente,False,2026-08-05,2026-08-05 10:20:11.366000-03:00,,2026-08-05 13:29:17.864000-03:00,189.10829999999999,used,13297
Personal,Docente,False,2026-08-05,2026-08-05 08:11:00.609000-03:00,,2026-08-05 14:01:01.714000-03:00,350.01841666666667,used,13474
Personal,Docente,False,2026-08-06,2026-08-06 10:36:25.431000-03:00,,2026-08-06 12:24:44.052000-03:00,108.31035,used,13926
Personal,Docente,False,2026-08-06,2026-08-06 08:26:23.078000-03:00,,2026-08-06 12:34:21.902000-03:00,247.9804,used,14006
Personal,Docente,False,2026-08-06,2026-08-06 08:44:14.082000-03:00,,2026-08-06 12:39:08.422000-03:00,234.90566666666666,used,14041
Personal,Docente,False,2026-08-06,2026-08-06 09:12:51.812000-03:00,,2026-08-06 12:48:05.987000-03:00,215.23624999999998,used,14113
Personal,Docente,False,2026-08-06,2026-08-06 08:35:02.826000-03:00,,2026-08-06 12:48:07.922000-03:00,253.08493333333334,used,14114
Personal,Docente,False,2026-08-06,2026-08-06 10:59:18.108000-03:00,,2026-08-06 12:55:04.502000-03:00,115.77323333333334,used,14182
Personal,Docente,False,2026-08-06,2026-08-06 08:37:06.422000-03:00,,2026-08-06 13:23:07.688000-03:00,286.0211,used,14398
Personal,Docente,False,2026-08-06,2026-08-06 10:26:26.265000-03:00,,2026-08-06 13:31:26.429000-03:00,185.00273333333334,used,14461
Personal,Docente,False,2026-08-06,2026-08-06 10:35:34.438000-03:00,,2026-08-06 14:10:24.029000-03:00,214.82651666666666,used,14710
Personal,Docente,False,2026-08-06,2026-08-06 08:46:49.585000-03:00,,2026-08-06 14:18:28.925000-03:00,331.65566666666666,used,14766
Personal,Docente,False,2026-08-07,2026-08-07 09:50:52.710000-03:00,,2026-08-07 12:14:41.779000-03:00,143.81781666666666,used,15003
Personal,Docente,False,2026-08-07,2026-08-07 10:27:53.775000-03:00,,2026-08-07 12:43:09.114000-03:00,135.25565,used,15192
Personal,Docente,False,2026-08-07,2026-08-07 10:10:44.138000-03:00,,2026-08-07 12:51:19.877000-03:00,160.59565,used,15239
Personal,Docente,False,2026-08-07,2026-08-07 08:19:58.819000-03:00,,2026-08-07 12:55:38.611000-03:00,275.6632,used,15265
Personal,Docente,False,2026-08-07,2026-08-07 09:12:56.794000-03:00,,2026-08-07 12:58:13.917000-03:00,225.28538333333333,used,15292
Personal,Docente,False,2026-08-07,2026-08-07 09:33:54.735000-03:00,,2026-08-07 13:05:01.302000-03:00,211.10944999999998,used,15357
Personal,Docente,False,2026-08-07,2026-08-07 09:25:20.457000-03:00,,2026-08-07 13:05:03.635000-03:00,219.71963333333332,used,15358
Personal,Docente,False,2026-08-07,2026-08-07 08:30:58.672000-03:00,,2026-08-07 13:30:13.495000-03:00,299.24705,used,15548
Personal,Docente,False,2026-08-07,2026-08-07 08:31:11.956000-03:00,,2026-08-07 14:20:27.330000-03:00,349.25623333333334,used,15904
Personal,Docente,False,2026-08-10,2026-08-10 09:35:25.208000-03:00,,2026-08-10 12:24:19.758000-03:00,168.90916666666666,used,16233
Personal,Docente,False,2026-08-10,2026-08-10 09:20:44.285000-03:00,,2026-08-10 12:32:06.289000-03:00,191.36673333333334,used,16319
Personal,Docente,False,2026-08-10,2026-08-10 09:47:40.636000-03:00,,2026-08-10 12:32:33.003000-03:00,164.87278333333333,used,16323
Personal,Docente,False,2026-08-10,2026-08-10 09:09:26.832000-03:00,,2026-08-10 12:49:11.009000-03:00,219.73628333333332,used,16531
Personal,Docente,False,2026-08-10,2026-08-10 08:08:28.244000-03:00,,2026-08-10 12:59:58.755000-03:00,291.50851666666665,used,16663
Personal,Docente,False,2026-08-10,2026-08-10 10:32:13.231000-03:00,,2026-08-10 13:03:53.487000-03:00,151.67093333333332,used,16697
Personal,Docente,False,2026-08-10,2026-08-10 08:21:06.707000-03:00,,2026-08-10 13:08:12.854000-03:00,287.10245000000003,used,16762
Personal,Docente,False,2026-08-10,2026-08-10 10:18:49.390000-03:00,,2026-08-10 13:19:18.241000-03:00,180.48085,used,16897
Personal,Docente,False,2026-08-10,2026-08-10 08:35:31.674000-03:00,,2026-08-10 13:25:55.719000-03:00,290.40074999999996,used,16981
Personal,Docente,False,2026-08-10,2026-08-10 09:34:35.571000-03:00,,2026-08-10 13:25:58.486000-03:00,231.38191666666668,used,16982
Personal,Docente,False,2026-08-10,2026-08-10 08:47:43.979000-03:00,,2026-08-10 13:42:57.622000-03:00,295.2273833333333,used,17173
Personal,Docente,False,2026-08-10,2026-08-10 08:48:20.015000-03:00,,2026-08-10 13:43:14.936000-03:00,294.91535,used,17174
Personal,Docente,False,2026-08-10,2026-08-10 10:26:32.632000-03:00,,2026-08-10 13:43:56.826000-03:00,197.40323333333333,used,17184
Personal,Docente,False,2026-08-10,2026-08-10 08:48:11.894000-03:00,,2026-08-10 14:10:30.209000-03:00,322.30525,used,17397
Personal,Docente,False,2026-08-10,2026-08-10 10:02:58.807000-03:00,,2026-08-10 14:16:12.932000-03:00,253.23541666666668,used,17457
Personal,Docente,False,2026-08-11,2026-08-11 09:08:23.759000-03:00,,2026-08-11 12:22:07.392000-03:00,193.72721666666666,used,17787
Personal,Docente,False,2026-08-11,2026-08-11 09:25:42.323000-03:00,,2026-08-11 12:46:48.848000-03:00,201.10875,used,18086
Personal,Docente,False,2026-08-11,2026-08-11 10:30:44.943000-03:00,,2026-08-11 13:03:46.573000-03:00,153.02716666666666,used,18248
Personal,Docente,False,2026-08-11,2026-08-11 10:52:50.515000-03:00,,2026-08-11 13:13:17.903000-03:00,140.45646666666667,used,18389
Personal,Docente,False,2026-08-11,2026-08-11 09:00:57.758000-03:00,,2026-08-11 13:24:17.646000-03:00,263.3314666666667,used,18545
Personal,Docente,False,2026-08-11,2026-08-11 09:17:43.693000-03:00,,2026-08-11 13:24:29.426000-03:00,246.76221666666666,used,18546
Personal,Docente,False,2026-08-11,2026-08-11 08:43:09.406000-03:00,,2026-08-11 13:30:43.457000-03:00,287.5675166666667,used,18620
Personal,Docente,False,2026-08-11,2026-08-11 10:13:55.541000-03:00,,2026-08-11 13:42:30.823000-03:00,208.58803333333333,used,18762
Personal,Docente,False,2026-08-11,2026-08-11 08:29:24.726000-03:00,,2026-08-11 14:06:16.216000-03:00,336.8581666666667,used,18970
Personal,Docente,False,2026-08-11,2026-08-11 08:45:23.982000-03:00,,2026-08-11 14:14:27.617000-03:00,329.0605833333333,used,19022
Personal,Docente,False,2026-08-11,2026-08-11 10:44:19.014000-03:00,,2026-08-11 14:27:37.550000-03:00,223.30893333333333,used,19111
Personal,Docente,False,2026-08-11,2026-08-11 09:51:37.704000-03:00,,2026-08-11 14:28:11.169000-03:00,276.55775,used,19113
Personal,Docente,False,2026-08-13,2026-08-13 08:43:34.408000-03:00,,2026-08-13 12:42:52.887000-03:00,239.3079833333333,used,19585
Personal,Docente,False,2026-08-13,2026-08-13 08:40:30.029000-03:00,,2026-08-13 12:56:41.976000-03:00,256.19911666666667,used,19761
Personal,Docente,False,2026-08-13,2026-08-13 09:54:12.909000-03:00,,2026-08-13 13:04:05.277000-03:00,189.8728,used,19862
Personal,Docente,False,2026-08-13,2026-08-13 09:57:22.999000-03:00,,2026-08-13 13:05:04.620000-03:00,187.69368333333333,used,19875
Personal,Docente,False,2026-08-13,2026-08-13 08:46:07.720000-03:00,,2026-08-13 13:16:24.178000-03:00,270.2743,used,20024
Personal,Docente,False,2026-08-13,2026-08-13 08:32:07.853000-03:00,,2026-08-13 14:22:32.595000-03:00,350.4123666666666,used,20593
Personal,Docente,False,2026-08-13,2026-08-13 09:09:59.709000-03:00,,2026-08-13 14:24:24.097000-03:00,314.40646666666663,used,20599
Personal,Docente,False,2026-08-14,2026-08-14 10:10:32.455000-03:00,,2026-08-14 12:21:52.446000-03:00,131.33318333333332,used,20859
Personal,Docente,False,2026-08-14,2026-08-14 10:42:55.551000-03:00,,2026-08-14 12:35:58.636000-03:00,113.05141666666667,used,21019
Personal,Docente,False,2026-08-14,2026-08-14 10:07:52.785000-03:00,,2026-08-14 13:03:29.890000-03:00,175.61841666666666,used,21328
Personal,Docente,False,2026-08-14,2026-08-14 09:24:53.960000-03:00,,2026-08-14 13:07:31.205000-03:00,222.62075000000002,used,21369
Personal,Docente,False,2026-08-14,2026-08-14 09:32:48.890000-03:00,,2026-08-14 13:13:12.442000-03:00,220.39253333333332,used,21444
Personal,Docente,False,2026-08-14,2026-08-14 09:40:52.804000-03:00,,2026-08-14 13:13:14.430000-03:00,212.36043333333333,used,21445
Personal,Docente,False,2026-08-14,2026-08-14 08:26:25.338000-03:00,,2026-08-14 13:33:09.573000-03:00,306.73725,used,21663
Personal,Docente,False,2026-08-14,2026-08-14 08:48:15.361000-03:00,,2026-08-14 14:19:33.391000-03:00,331.3005,used,22048
Personal,Docente,False,2026-08-18,2026-08-18 09:00:34.631000-03:00,,2026-08-18 13:20:24.259000-03:00,259.82713333333334,used,22857
Personal,Docente,False,2026-08-18,2026-08-18 08:41:21.772000-03:00,,2026-08-18 13:24:53.341000-03:00,283.52615,used,22923
Personal,Docente,False,2026-08-18,2026-08-18 08:05:09.025000-03:00,,2026-08-18 13:25:41.106000-03:00,320.5346833333333,used,22931
Personal,Docente,False,2026-08-18,2026-08-18 10:19:11.252000-03:00,,2026-08-18 13:35:05.818000-03:00,195.90943333333334,used,23053
Personal,Docente,False,2026-08-18,2026-08-18 10:46:46.015000-03:00,,2026-08-18 13:42:57.271000-03:00,176.1876,used,23160
Personal,Docente,False,2026-08-18,2026-08-18 10:51:28.163000-03:00,,2026-08-18 13:52:50.718000-03:00,181.37591666666668,used,23284
Personal,Docente,False,2026-08-18,2026-08-18 10:08:26.365000-03:00,,2026-08-18 14:04:20.277000-03:00,235.89853333333335,used,23402
Personal,Docente,False,2026-08-18,2026-08-18 08:09:50.315000-03:00,,2026-08-18 14:18:41.010000-03:00,368.8449166666667,used,23554
Personal,Docente,False,2026-08-20,2026-08-20 08:42:58.401000-03:00,,2026-08-20 12:20:27.871000-03:00,217.49116666666666,used,23920
Personal,Docente,False,2026-08-20,2026-08-20 08:13:03.694000-03:00,,2026-08-20 12:32:22.567000-03:00,259.31455,used,24045
Personal,Docente,False,2026-08-20,2026-08-20 09:49:55.160000-03:00,,2026-08-20 12:55:49.555000-03:00,185.90658333333334,used,24326
Personal,Docente,False,2026-08-20,2026-08-20 08:23:28.864000-03:00,,2026-08-20 12:59:25.626000-03:00,275.94603333333333,used,24358
Personal,Docente,False,2026-08-20,2026-08-20 09:22:10.994000-03:00,,2026-08-20 13:08:57.215000-03:00,226.77034999999998,used,24465
Personal,Docente,False,2026-08-20,2026-08-20 09:16:01.896000-03:00,,2026-08-20 13:10:04.557000-03:00,234.04435,used,24479
Personal,Docente,False,2026-08-20,2026-08-20 09:15:46.704000-03:00,,2026-08-20 13:10:08.306000-03:00,234.36003333333335,used,24480
Personal,Docente,False,2026-08-20,2026-08-20 09:19:50.717000-03:00,,2026-08-20 13:16:38.260000-03:00,236.79238333333333,used,24558
Personal,Docente,False,2026-08-20,2026-08-20 09:00:30.021000-03:00,,2026-08-20 13:16:58.099000-03:00,256.46796666666665,used,24564
Personal,Docente,False,2026-08-20,2026-08-20 08:38:39.708000-03:00,,2026-08-20 13:19:47.822000-03:00,281.13523333333336,used,24608
Personal,Docente,False,2026-08-20,2026-08-20 09:24:57.612000-03:00,,2026-08-20 13:19:58.905000-03:00,235.02155,used,24609
Personal,Docente,False,2026-08-20,2026-08-20 09:23:12.980000-03:00,,2026-08-20 13:24:51.883000-03:00,241.64838333333333,used,24668
Personal,Docente,False,2026-08-20,2026-08-20 09:43:47.250000-03:00,,2026-08-20 13:40:07.159000-03:00,236.33181666666667,used,24858
Personal,Docente,False,2026-08-20,2026-08-20 09:02:01.362000-03:00,,2026-08-20 14:17:16.273000-03:00,315.24851666666666,used,25096
Personal,Docente,False,2026-08-20,2026-08-20 09:05:13.390000-03:00,,2026-08-20 14:21:32.580000-03:00,316.3198333333333,used,25128
Personal,Docente,False,2026-08-21,2026-08-21 09:29:31.886000-03:00,,2026-08-21 12:21:30.788000-03:00,171.9817,used,25438
Personal,Docente,False,2026-08-21,2026-08-21 10:07:03.544000-03:00,,2026-08-21 12:29:05.632000-03:00,142.0348,used,25531
Personal,Docente,False,2026-08-21,2026-08-21 09:57:59.537000-03:00,,2026-08-21 12:39:31.837000-03:00,161.53833333333333,used,25635
Personal,Docente,False,2026-08-21,2026-08-21 08:45:47.684000-03:00,,2026-08-21 12:43:39.735000-03:00,237.86751666666666,used,25684
Personal,Docente,False,2026-08-21,2026-08-21 09:27:13.143000-03:00,,2026-08-21 12:52:21.034000-03:00,205.13151666666667,used,25794
Personal,Docente,False,2026-08-21,2026-08-21 10:00:54.233000-03:00,,2026-08-21 12:53:26.161000-03:00,172.53213333333332,used,25803
Personal,Docente,False,2026-08-21,2026-08-21 09:35:16.146000-03:00,,2026-08-21 12:53:31.647000-03:00,198.25835,used,25804
Personal,Docente,False,2026-08-21,2026-08-21 09:42:42.237000-03:00,,2026-08-21 13:00:43.413000-03:00,198.0196,used,25866
Personal,Docente,False,2026-08-21,2026-08-21 09:45:00.437000-03:00,,2026-08-21 13:00:52.251000-03:00,195.86356666666669,used,25867
Personal,Docente,False,2026-08-21,2026-08-21 08:21:23.430000-03:00,,2026-08-21 13:05:44.136000-03:00,284.34509999999995,used,25929
Personal,Docente,False,2026-08-21,2026-08-21 09:22:59.871000-03:00,,2026-08-21 13:06:02.677000-03:00,223.04676666666668,used,25933
Personal,Docente,False,2026-08-21,2026-08-21 09:12:43.255000-03:00,,2026-08-21 13:35:01.188000-03:00,262.2988833333333,used,26286
Personal,Docente,False,2026-08-21,2026-08-21 09:12:41.510000-03:00,,2026-08-21 13:49:03.728000-03:00,276.3703,used,26394
Personal,Docente,False,2026-08-21,2026-08-21 08:36:35.704000-03:00,,2026-08-21 14:09:17.084000-03:00,332.6896666666667,used,26506
Personal,Docente,False,2026-08-24,2026-08-24 10:34:22.304000-03:00,,2026-08-24 12:24:58.341000-03:00,110.60061666666667,used,27128
Personal,Docente,False,2026-08-24,2026-08-24 09:46:02.201000-03:00,,2026-08-24 12:29:47.203000-03:00,163.75003333333333,used,27190
Personal,Docente,False,2026-08-24,2026-08-24 09:09:50.764000-03:00,,2026-08-24 12:39:47.707000-03:00,209.94905,used,27287
Personal,Docente,False,2026-08-24,2026-08-24 09:14:50.868000-03:00,,2026-08-24 12:49:38.228000-03:00,214.78933333333333,used,27371
Personal,Docente,False,2026-08-24,2026-08-24 08:45:22.837000-03:00,,2026-08-24 12:49:40.983000-03:00,244.30243333333334,used,27372
Personal,Docente,False,2026-08-24,2026-08-24 09:39:58.834000-03:00,,2026-08-24 13:11:20.387000-03:00,211.35921666666667,used,27599
Personal,Docente,False,2026-08-24,2026-08-24 10:11:17.513000-03:00,,2026-08-24 13:12:16.066000-03:00,180.97588333333334,used,27607
Personal,Docente,False,2026-08-24,2026-08-24 10:22:22.393000-03:00,,2026-08-24 13:42:19.803000-03:00,199.95683333333332,used,27919
Personal,Docente,False,2026-08-24,2026-08-24 09:44:34.174000-03:00,,2026-08-24 13:45:56.747000-03:00,241.37621666666666,used,27952
Personal,Docente,False,2026-08-24,2026-08-24 10:11:40.553000-03:00,,2026-08-24 13:56:26.480000-03:00,224.76545,used,28050
Personal,Docente,False,2026-08-24,2026-08-24 09:17:37.323000-03:00,,2026-08-24 13:59:03.462000-03:00,281.43565,used,28069
Personal,Docente,False,2026-08-24,2026-08-24 08:25:48.383000-03:00,,2026-08-24 14:12:50.751000-03:00,347.03946666666667,used,28160
Personal,Docente,False,2026-08-24,2026-08-24 08:00:18.012000-03:00,,2026-08-24 14:12:54.146000-03:00,372.6022333333333,used,28161
Personal,Docente,False,2026-08-24,2026-08-24 10:58:22.571000-03:00,,2026-08-24 14:26:39.090000-03:00,208.27531666666667,used,28269
Personal,Docente,False,2026-08-25,2026-08-25 09:54:16.727000-03:00,,2026-08-25 12:16:14.832000-03:00,141.96841666666666,used,28514
Personal,Docente,False,2026-08-25,2026-08-25 09:40:42.620000-03:00,,2026-08-25 12:48:54.189000-03:00,188.19281666666666,used,28944
Personal,Docente,False,2026-08-25,2026-08-25 10:49:39.809000-03:00,,2026-08-25 12:49:05.465000-03:00,119.4276,used,28948
Personal,Docente,False,2026-08-25,2026-08-25 09:46:20.723000-03:00,,2026-08-25 13:09:01.401000-03:00,202.67796666666666,used,29205
Personal,Docente,False,2026-08-25,2026-08-25 10:24:08.218000-03:00,,2026-08-25 13:10:25.480000-03:00,166.2877,used,29220
Personal,Docente,False,2026-08-25,2026-08-25 10:18:51.135000-03:00,,2026-08-25 13:16:39.841000-03:00,177.81176666666667,used,29305
Personal,Docente,False,2026-08-25,2026-08-25 09:38:26.885000-03:00,,2026-08-25 13:16:43.210000-03:00,218.27208333333334,used,29306
Personal,Docente,False,2026-08-25,2026-08-25 09:46:05.018000-03:00,,2026-08-25 13:38:48.838000-03:00,232.73033333333333,used,29497
Personal,Docente,False,2026-08-25,2026-08-25 10:12:43.015000-03:00,,2026-08-25 14:09:24.048000-03:00,236.6838833333333,used,29715
Personal,Docente,False,2026-08-25,2026-08-25 10:28:20.312000-03:00,,2026-08-25 14:09:37.027000-03:00,221.27858333333333,used,29717
Personal,Docente,False,2026-08-26,2026-08-26 08:39:50.286000-03:00,,2026-08-26 12:34:56.197000-03:00,235.09851666666665,used,30264
Personal,Docente,False,2026-08-26,2026-08-26 09:36:16.204000-03:00,,2026-08-26 12:45:47.643000-03:00,189.52398333333335,used,30379
Personal,Docente,False,2026-08-26,2026-08-26 08:05:32.212000-03:00,,2026-08-26 12:50:07.746000-03:00,284.59223333333335,used,30437
Personal,Docente,False,2026-08-26,2026-08-26 10:05:34.055000-03:00,,2026-08-26 13:05:52.581000-03:00,180.30876666666666,used,30618
Personal,Docente,False,2026-08-26,2026-08-26 09:34:29.478000-03:00,,2026-08-26 13:15:03.824000-03:00,220.57243333333332,used,30741
Personal,Docente,False,2026-08-26,2026-08-26 08:24:36.685000-03:00,,2026-08-26 13:32:38.150000-03:00,308.0244166666667,used,30985
Personal,Docente,False,2026-08-26,2026-08-26 08:25:36.544000-03:00,,2026-08-26 13:32:48.514000-03:00,307.1995,used,30986
Personal,Docente,False,2026-08-26,2026-08-26 08:03:18.417000-03:00,,2026-08-26 14:13:09.220000-03:00,369.8467166666667,used,31323
Personal,Docente,False,2026-08-26,2026-08-26 09:06:27.016000-03:00,,2026-08-26 14:16:39.455000-03:00,310.20731666666666,used,31357
Personal,Docente,False,2026-08-31,2026-08-31 10:31:01.406000-03:00,,2026-08-31 12:32:21.259000-03:00,121.33088333333333,used,31869
Personal,Docente,False,2026-08-31,2026-08-31 10:47:44.449000-03:00,,2026-08-31 12:33:46.807000-03:00,106.0393,used,31889
Personal,Docente,False,2026-08-31,2026-08-31 10:33:42.718000-03:00,,2026-08-31 12:49:57.658000-03:00,136.249,used,32126
Personal,Docente,False,2026-08-31,2026-08-31 09:18:39.513000-03:00,,2026-08-31 12:51:38.468000-03:00,212.98258333333334,used,32159
Personal,Docente,False,2026-08-31,2026-08-31 08:05:48.674000-03:00,,2026-08-31 13:06:05.005000-03:00,300.2721833333333,used,32277
Personal,Docente,False,2026-08-31,2026-08-31 08:14:31.792000-03:00,,2026-08-31 13:06:13.797000-03:00,291.70008333333334,used,32278
Personal,Docente,False,2026-08-31,2026-08-31 10:55:57.400000-03:00,,2026-08-31 13:48:22.089000-03:00,172.41148333333334,used,32702
Personal,Docente,False,2026-08-31,2026-08-31 09:37:03.020000-03:00,,2026-08-31 13:53:55.524000-03:00,256.87506666666667,used,32759
Personal,Docente,False,2026-08-31,2026-08-31 08:35:34.756000-03:00,,2026-08-31 14:05:09.393000-03:00,329.5772833333333,used,32842
Personal,Docente,False,2026-08-31,2026-08-31 08:04:36.319000-03:00,,2026-08-31 14:06:25.543000-03:00,361.82039999999995,used,32855
Personal,Docente,False,2026-08-31,2026-08-31 08:14:47.417000-03:00,,2026-08-31 14:16:30.996000-03:00,361.7263166666667,used,32936
Personal,Docente,False,2026-09-01,2026-09-01 10:13:21.902000-03:00,,2026-09-01 12:41:02.491000-03:00,147.67648333333332,used,33581
Personal,Docente,False,2026-09-01,2026-09-01 09:57:30.316000-03:00,,2026-09-01 12:41:18.427000-03:00,163.80185,used,33582
Personal,Docente,False,2026-09-01,2026-09-01 10:25:23.832000-03:00,,2026-09-01 13:02:45.885000-03:00,157.36755,used,33810
Personal,Docente,False,2026-09-01,2026-09-01 10:17:44.222000-03:00,,2026-09-01 13:19:27.302000-03:00,181.718,used,33998
Personal,Docente,False,2026-09-01,2026-09-01 10:33:20.420000-03:00,,2026-09-01 13:26:27.968000-03:00,173.1258,used,34047
Personal,Docente,False,2026-09-01,2026-09-01 10:29:49.382000-03:00,,2026-09-01 13:30:54.028000-03:00,181.07743333333335,used,34099
Personal,Docente,False,2026-09-01,2026-09-01 10:11:19.714000-03:00,,2026-09-01 13:33:08.032000-03:00,201.8053,used,34118
Personal,Docente sin TACC,True,2026-07-22,2026-07-22 08:01:36.249000-03:00,,2026-07-22 13:07:22.594000-03:00,305.7724166666667,used,4795
Personal,Docente sin TACC,True,2026-07-30,2026-07-30 10:38:31.444000-03:00,,2026-07-30 13:01:10.692000-03:00,142.65413333333333,used,9002
Personal,Nodocente,False,2026-07-01,2026-07-01 09:56:36.198000-03:00,,2026-07-01 12:19:48.585000-03:00,143.20645000000002,used,201
Personal,Nodocente,False,2026-07-01,2026-07-01 10:48:36.894000-03:00,,2026-07-01 12:32:31.185000-03:00,103.90485,used,334
Personal,Nodocente,False,2026-07-01,2026-07-01 09:17:00.377000-03:00,,2026-07-01 12:41:48.036000-03:00,204.79431666666667,used,417
Personal,Nodocente,False,2026-07-01,2026-07-01 09:16:30.983000-03:00,,2026-07-01 13:01:59.993000-03:00,225.4835,used,555
Personal,Nodocente,False,2026-07-01,2026-07-01 10:26:55.216000-03:00,,2026-07-01 13:02:31.149000-03:00,155.59888333333336,used,557
Personal,Nodocente,False,2026-07-01,2026-07-01 10:25:47.878000-03:00,,2026-07-01 13:02:34.715000-03:00,156.78061666666665,used,558
Personal,Nodocente,False,2026-07-01,2026-07-01 09:56:05.439000-03:00,,2026-07-01 13:08:35.894000-03:00,192.50758333333334,used,611
Personal,Nodocente,False,2026-07-01,2026-07-01 09:34:14.798000-03:00,,2026-07-01 13:11:42.939000-03:00,217.46901666666665,used,645
Personal,Nodocente,False,2026-07-01,2026-07-01 08:10:50.078000-03:00,,2026-07-01 13:16:54.016000-03:00,306.0656333333333,used,702
Personal,Nodocente,False,2026-07-01,2026-07-01 10:23:45.689000-03:00,,2026-07-01 13:22:08.202000-03:00,178.3752166666667,used,740
Personal,Nodocente,False,2026-07-01,2026-07-01 10:38:04.867000-03:00,,2026-07-01 13:22:21.290000-03:00,164.27371666666667,used,741
Personal,Nodocente,False,2026-07-01,2026-07-01 09:38:28.597000-03:00,,2026-07-01 13:23:48.913000-03:00,225.3386,used,751
Personal,Nodocente,False,2026-07-01,2026-07-01 08:08:24.167000-03:00,,2026-07-01 13:25:24.156000-03:00,316.9998166666667,used,772
Personal,Nodocente,False,2026-07-01,2026-07-01 10:46:50.757000-03:00,,2026-07-01 13:30:05.959000-03:00,163.25336666666666,used,817
Personal,Nodocente,False,2026-07-01,2026-07-01 10:45:32.179000-03:00,,2026-07-01 13:30:07.846000-03:00,164.59445,used,818
Personal,Nodocente,False,2026-07-01,2026-07-01 10:57:33.133000-03:00,,2026-07-01 13:33:42.195000-03:00,156.15103333333334,used,839
Personal,Nodocente,False,2026-07-01,2026-07-01 10:52:00.271000-03:00,,2026-07-01 13:59:52.706000-03:00,187.87391666666664,used,1006
Personal,Nodocente,False,2026-07-02,2026-07-02 08:04:55.230000-03:00,,2026-07-02 12:00:12.749000-03:00,235.29198333333335,used,1178
Personal,Nodocente,False,2026-07-02,2026-07-02 09:07:34.090000-03:00,,2026-07-02 12:42:39.639000-03:00,215.09248333333335,used,1428
Personal,Nodocente,False,2026-07-02,2026-07-02 08:35:56.213000-03:00,,2026-07-02 12:51:21.551000-03:00,255.4223,used,1465
Personal,Nodocente,False,2026-07-02,2026-07-02 09:35:23.922000-03:00,,2026-07-02 13:08:13.894000-03:00,212.83286666666666,used,1532
Personal,Nodocente,False,2026-07-02,2026-07-02 10:50:43.749000-03:00,,2026-07-02 13:10:13.039000-03:00,139.48816666666667,used,1541
Personal,Nodocente,False,2026-07-02,2026-07-02 10:49:28.145000-03:00,,2026-07-02 13:10:17-03:00,140.81425,used,1542
Personal,Nodocente,False,2026-07-02,2026-07-02 10:55:38.743000-03:00,,2026-07-02 13:23:18.842000-03:00,147.66831666666667,used,1625
Personal,Nodocente,False,2026-07-02,2026-07-02 09:28:57.246000-03:00,,2026-07-02 13:24:02.667000-03:00,235.09035,used,1629
Personal,Nodocente,False,2026-07-02,2026-07-02 10:57:13.566000-03:00,,2026-07-02 13:27:17.433000-03:00,150.06445,used,1642
Personal,Nodocente,False,2026-07-02,2026-07-02 08:10:31.650000-03:00,,2026-07-02 13:59:22.795000-03:00,348.85241666666667,used,1806
Personal,Nodocente,False,2026-07-02,2026-07-02 08:57:07.570000-03:00,,2026-07-02 14:03:59.725000-03:00,306.86924999999997,used,1829
Personal,Nodocente,False,2026-07-02,2026-07-02 08:31:22.885000-03:00,,2026-07-02 14:19:44.158000-03:00,348.35455,used,1906
Personal,Nodocente,False,2026-07-03,2026-07-03 08:05:35.173000-03:00,,2026-07-03 12:32:33.746000-03:00,266.9762166666667,used,2197
Personal,Nodocente,False,2026-07-03,2026-07-03 10:16:19.760000-03:00,,2026-07-03 12:44:33.954000-03:00,148.23656666666665,used,2276
Personal,Nodocente,False,2026-07-03,2026-07-03 08:42:25.886000-03:00,,2026-07-03 13:14:22.713000-03:00,271.94711666666666,used,2437
Personal,Nodocente,False,2026-07-03,2026-07-03 08:50:22.859000-03:00,,2026-07-03 13:14:27.147000-03:00,264.07146666666665,used,2438
Personal,Nodocente,False,2026-07-03,2026-07-03 11:13:08.482000-03:00,,2026-07-03 13:18:31.732000-03:00,125.3875,used,2472
Personal,Nodocente,False,2026-07-03,2026-07-03 08:04:55.257000-03:00,,2026-07-03 13:24:45.876000-03:00,319.84364999999997,used,2513
Personal,Nodocente,False,2026-07-03,2026-07-03 10:28:40.093000-03:00,,2026-07-03 13:43:54.455000-03:00,195.23936666666665,used,2633
Personal,Nodocente,False,2026-07-03,2026-07-03 10:29:47.609000-03:00,,2026-07-03 13:43:56.467000-03:00,194.14763333333335,used,2634
Personal,Nodocente,False,2026-07-03,2026-07-03 10:49:04.951000-03:00,,2026-07-03 13:56:20.683000-03:00,187.2622,used,2702
Personal,Nodocente,False,2026-07-07,2026-07-07 10:37:54.844000-03:00,,2026-07-07 12:21:34.987000-03:00,103.66905,used,2980
Personal,Nodocente,False,2026-07-07,2026-07-07 09:58:34.537000-03:00,,2026-07-07 12:30:21.397000-03:00,151.781,used,3013
Personal,Nodocente,False,2026-07-07,2026-07-07 10:12:01.681000-03:00,,2026-07-07 12:31:27.795000-03:00,139.43523333333331,used,3017
Personal,Nodocente,False,2026-07-07,2026-07-07 10:10:14.192000-03:00,,2026-07-07 12:32:19.302000-03:00,142.08516666666668,used,3020
Personal,Nodocente,False,2026-07-08,2026-07-08 09:02:17.649000-03:00,,2026-07-08 12:21:21-03:00,199.05585000000002,used,3168
Personal,Nodocente,False,2026-07-08,2026-07-08 09:02:30.202000-03:00,,2026-07-08 12:34:22.058000-03:00,211.86426666666665,used,3200
Personal,Nodocente,False,2026-07-08,2026-07-08 10:46:00.841000-03:00,,2026-07-08 12:40:00.290000-03:00,113.99081666666666,used,3208
Personal,Nodocente,False,2026-07-08,2026-07-08 09:39:33.502000-03:00,,2026-07-08 12:43:50.579000-03:00,184.28461666666666,used,3223
Personal,Nodocente,False,2026-07-08,2026-07-08 10:46:14.268000-03:00,,2026-07-08 13:16:22.683000-03:00,150.14025,used,3321
Personal,Nodocente,False,2026-07-08,2026-07-08 10:47:55.863000-03:00,,2026-07-08 13:16:25.652000-03:00,148.49648333333334,used,3322
Personal,Nodocente,False,2026-07-08,2026-07-08 10:56:02.356000-03:00,,2026-07-08 13:40:44.521000-03:00,164.70275,used,3380
Personal,Nodocente,False,2026-07-08,2026-07-08 08:44:21.942000-03:00,,2026-07-08 13:45:38.409000-03:00,301.27445,used,3386
Personal,Nodocente,False,2026-07-20,2026-07-20 09:25:59.449000-03:00,,2026-07-20 12:20:15.014000-03:00,174.25941666666668,used,3558
Personal,Nodocente,False,2026-07-20,2026-07-20 08:47:28.673000-03:00,,2026-07-20 12:28:56.650000-03:00,221.46628333333334,used,3576
Personal,Nodocente,False,2026-07-20,2026-07-20 08:36:51.815000-03:00,,2026-07-20 12:37:56.843000-03:00,241.0838,used,3595
Personal,Nodocente,False,2026-07-20,2026-07-20 08:53:56.582000-03:00,,2026-07-20 12:37:58.549000-03:00,224.03278333333336,used,3596
Personal,Nodocente,False,2026-07-20,2026-07-20 08:11:11.460000-03:00,,2026-07-20 12:45:10.367000-03:00,273.98178333333334,used,3612
Personal,Nodocente,False,2026-07-20,2026-07-20 08:52:02.281000-03:00,,2026-07-20 12:57:57.351000-03:00,245.91783333333333,used,3646
Personal,Nodocente,False,2026-07-20,2026-07-20 09:14:07.368000-03:00,,2026-07-20 13:03:32.692000-03:00,229.42206666666667,used,3661
Personal,Nodocente,False,2026-07-20,2026-07-20 10:40:23.598000-03:00,,2026-07-20 13:10:08.515000-03:00,149.74861666666666,used,3690
Personal,Nodocente,False,2026-07-20,2026-07-20 08:27:38.785000-03:00,,2026-07-20 13:10:11.165000-03:00,282.5396666666667,used,3691
Personal,Nodocente,False,2026-07-20,2026-07-20 08:26:35.490000-03:00,,2026-07-20 13:10:22.758000-03:00,283.7878,used,3692
Personal,Nodocente,False,2026-07-20,2026-07-20 10:55:47.908000-03:00,,2026-07-20 13:36:46.833000-03:00,160.98208333333332,used,3798
Personal,Nodocente,False,2026-07-20,2026-07-20 09:33:10.874000-03:00,,2026-07-20 13:41:54.492000-03:00,248.72696666666667,used,3819
Personal,Nodocente,False,2026-07-20,2026-07-20 10:15:12.653000-03:00,,2026-07-20 13:48:58.135000-03:00,213.75803333333334,used,3836
Personal,Nodocente,False,2026-07-20,2026-07-20 09:11:11.165000-03:00,,2026-07-20 13:52:13.713000-03:00,281.04246666666666,used,3847
Personal,Nodocente,False,2026-07-21,2026-07-21 10:14:47.160000-03:00,,2026-07-21 12:58:27.211000-03:00,163.66751666666667,used,4132
Personal,Nodocente,False,2026-07-21,2026-07-21 09:16:04.831000-03:00,,2026-07-21 12:59:48.136000-03:00,223.72175000000001,used,4139
Personal,Nodocente,False,2026-07-21,2026-07-21 10:10:38.035000-03:00,,2026-07-21 13:03:47.043000-03:00,173.15013333333334,used,4156
Personal,Nodocente,False,2026-07-21,2026-07-21 09:51:42.278000-03:00,,2026-07-21 13:25:49.955000-03:00,214.12795,used,4264
Personal,Nodocente,False,2026-07-21,2026-07-21 08:50:20.276000-03:00,,2026-07-21 13:35:08.477000-03:00,284.80335,used,4293
Personal,Nodocente,False,2026-07-21,2026-07-21 10:30:25.202000-03:00,,2026-07-21 13:35:19.204000-03:00,184.90003333333334,used,4294
Personal,Nodocente,False,2026-07-21,2026-07-21 11:29:56.525000-03:00,,2026-07-21 13:49:14.652000-03:00,139.30211666666668,used,4357
Personal,Nodocente,False,2026-07-21,2026-07-21 09:39:18.631000-03:00,,2026-07-21 14:10:50.840000-03:00,271.53681666666665,used,4432
Personal,Nodocente,False,2026-07-22,2026-07-22 08:26:27.789000-03:00,,2026-07-22 12:06:52.260000-03:00,220.40785,used,4566
Personal,Nodocente,False,2026-07-22,2026-07-22 09:45:19.017000-03:00,,2026-07-22 12:36:50.823000-03:00,171.5301,used,4672
Personal,Nodocente,False,2026-07-22,2026-07-22 10:46:58.705000-03:00,,2026-07-22 12:41:06.368000-03:00,114.12771666666666,used,4681
Personal,Nodocente,False,2026-07-22,2026-07-22 10:46:07.073000-03:00,,2026-07-22 13:01:47.154000-03:00,135.66801666666666,used,4757
Personal,Nodocente,False,2026-07-22,2026-07-22 08:38:46.944000-03:00,,2026-07-22 13:03:17.468000-03:00,264.50873333333334,used,4766
Personal,Nodocente,False,2026-07-22,2026-07-22 10:23:35.304000-03:00,,2026-07-22 13:04:12.583000-03:00,160.62131666666667,used,4775
Personal,Nodocente,False,2026-07-22,2026-07-22 08:27:58.939000-03:00,,2026-07-22 13:04:16.857000-03:00,276.2986333333334,used,4776
Personal,Nodocente,False,2026-07-22,2026-07-22 09:49:06.009000-03:00,,2026-07-22 13:04:27.447000-03:00,195.3573,used,4778
Personal,Nodocente,False,2026-07-22,2026-07-22 10:55:17.404000-03:00,,2026-07-22 13:14:41.435000-03:00,139.40051666666668,used,4836
Personal,Nodocente,False,2026-07-22,2026-07-22 10:05:50.936000-03:00,,2026-07-22 13:17:31.978000-03:00,191.68403333333333,used,4866
Personal,Nodocente,False,2026-07-22,2026-07-22 09:53:06.257000-03:00,,2026-07-22 13:17:35.510000-03:00,204.48755,used,4867
Personal,Nodocente,False,2026-07-22,2026-07-22 10:19:57.589000-03:00,,2026-07-22 13:21:08.418000-03:00,181.18048333333334,used,4892
Personal,Nodocente,False,2026-07-22,2026-07-22 08:49:57.259000-03:00,,2026-07-22 13:24:52.624000-03:00,274.92275,used,4910
Personal,Nodocente,False,2026-07-22,2026-07-22 10:03:02.146000-03:00,,2026-07-22 13:28:09.762000-03:00,205.12693333333334,used,4919
Personal,Nodocente,False,2026-07-22,2026-07-22 10:36:32.737000-03:00,,2026-07-22 13:28:52.440000-03:00,172.32838333333333,used,4921
Personal,Nodocente,False,2026-07-22,2026-07-22 09:38:42.385000-03:00,,2026-07-22 13:59:29.850000-03:00,260.79108333333335,used,5084
Personal,Nodocente,False,2026-07-22,2026-07-22 08:57:30.013000-03:00,,2026-07-22 14:05:47.698000-03:00,308.29475,used,5099
Personal,Nodocente,False,2026-07-22,2026-07-22 10:38:01.874000-03:00,,2026-07-22 14:07:39.486000-03:00,209.62686666666664,used,5110
Personal,Nodocente,False,2026-07-23,2026-07-23 09:19:59.630000-03:00,,2026-07-23 12:10:50.017000-03:00,170.83978333333334,used,5264
Personal,Nodocente,False,2026-07-23,2026-07-23 09:17:07.947000-03:00,,2026-07-23 12:45:00.393000-03:00,207.8741,used,5392
Personal,Nodocente,False,2026-07-23,2026-07-23 09:58:35.911000-03:00,,2026-07-23 12:50:18.288000-03:00,171.70628333333335,used,5408
Personal,Nodocente,False,2026-07-23,2026-07-23 08:06:11.762000-03:00,,2026-07-23 12:50:54.269000-03:00,284.70845,used,5409
Personal,Nodocente,False,2026-07-23,2026-07-23 10:17:18.318000-03:00,,2026-07-23 12:55:51.701000-03:00,158.55638333333334,used,5419
Personal,Nodocente,False,2026-07-23,2026-07-23 10:30:01.205000-03:00,,2026-07-23 12:57:29.457000-03:00,147.47086666666667,used,5428
Personal,Nodocente,False,2026-07-23,2026-07-23 08:41:36.769000-03:00,,2026-07-23 13:02:26.955000-03:00,260.83643333333333,used,5445
Personal,Nodocente,False,2026-07-23,2026-07-23 09:45:41.459000-03:00,,2026-07-23 13:05:41.949000-03:00,200.00816666666665,used,5465
Personal,Nodocente,False,2026-07-23,2026-07-23 09:05:57.938000-03:00,,2026-07-23 13:07:15.686000-03:00,241.29579999999999,used,5473
Personal,Nodocente,False,2026-07-23,2026-07-23 08:33:17.004000-03:00,,2026-07-23 13:07:38.025000-03:00,274.35035,used,5476
Personal,Nodocente,False,2026-07-23,2026-07-23 09:31:16.417000-03:00,,2026-07-23 13:07:42.123000-03:00,216.42843333333334,used,5477
Personal,Nodocente,False,2026-07-23,2026-07-23 10:04:48.432000-03:00,,2026-07-23 13:29:13.777000-03:00,204.42241666666666,used,5610
Personal,Nodocente,False,2026-07-23,2026-07-23 09:00:56.335000-03:00,,2026-07-23 13:45:33.560000-03:00,284.62041666666664,used,5700
Personal,Nodocente,False,2026-07-23,2026-07-23 10:20:56.022000-03:00,,2026-07-23 13:49:14.597000-03:00,208.30958333333334,used,5718
Personal,Nodocente,False,2026-07-23,2026-07-23 10:47:34.050000-03:00,,2026-07-23 13:49:29.909000-03:00,181.93098333333333,used,5719
Personal,Nodocente,False,2026-07-23,2026-07-23 09:43:23.402000-03:00,,2026-07-23 13:56:47.201000-03:00,253.39665000000002,used,5747
Personal,Nodocente,False,2026-07-23,2026-07-23 10:49:48.259000-03:00,,2026-07-23 14:00:07.048000-03:00,190.31315,used,5765
Personal,Nodocente,False,2026-07-23,2026-07-23 08:52:38.687000-03:00,,2026-07-23 14:00:09.602000-03:00,307.51525000000004,used,5766
Personal,Nodocente,False,2026-07-23,2026-07-23 08:57:12.097000-03:00,,2026-07-23 14:25:37.685000-03:00,328.42646666666667,used,5873
Personal,Nodocente,False,2026-07-24,2026-07-24 09:48:34.267000-03:00,,2026-07-24 12:26:34.182000-03:00,157.99858333333336,used,5969
Personal,Nodocente,False,2026-07-24,2026-07-24 09:27:58.604000-03:00,,2026-07-24 12:46:20.271000-03:00,198.36111666666665,used,6025
Personal,Nodocente,False,2026-07-24,2026-07-24 09:07:46.595000-03:00,,2026-07-24 12:51:07.019000-03:00,223.34040000000002,used,6041
Personal,Nodocente,False,2026-07-24,2026-07-24 09:31:12.745000-03:00,,2026-07-24 12:57:22.907000-03:00,206.16936666666666,used,6054
Personal,Nodocente,False,2026-07-24,2026-07-24 09:32:08.741000-03:00,,2026-07-24 12:57:25.610000-03:00,205.28115,used,6055
Personal,Nodocente,False,2026-07-24,2026-07-24 10:21:39.883000-03:00,,2026-07-24 13:02:42.798000-03:00,161.04858333333334,used,6075
Personal,Nodocente,False,2026-07-24,2026-07-24 09:07:21.454000-03:00,,2026-07-24 13:20:29.415000-03:00,253.13268333333332,used,6142
Personal,Nodocente,False,2026-07-24,2026-07-24 10:31:37.239000-03:00,,2026-07-24 13:25:18.382000-03:00,173.68571666666668,used,6160
Personal,Nodocente,False,2026-07-24,2026-07-24 09:11:56.215000-03:00,,2026-07-24 13:25:27.872000-03:00,253.52761666666666,used,6161
Personal,Nodocente,False,2026-07-24,2026-07-24 10:44:04.177000-03:00,,2026-07-24 13:52:49.966000-03:00,188.76315000000002,used,6246
Personal,Nodocente,False,2026-07-24,2026-07-24 10:21:04.620000-03:00,,2026-07-24 14:17:55.163000-03:00,236.84238333333332,used,6319
Personal,Nodocente,False,2026-07-27,2026-07-27 09:51:20.228000-03:00,,2026-07-27 12:09:53.445000-03:00,138.55361666666667,used,6443
Personal,Nodocente,False,2026-07-27,2026-07-27 08:59:13.440000-03:00,,2026-07-27 12:10:20.452000-03:00,191.11686666666668,used,6449
Personal,Nodocente,False,2026-07-27,2026-07-27 10:18:26.412000-03:00,,2026-07-27 12:25:02.898000-03:00,126.6081,used,6520
Personal,Nodocente,False,2026-07-27,2026-07-27 10:28:26.183000-03:00,,2026-07-27 12:36:46.854000-03:00,128.34451666666666,used,6568
Personal,Nodocente,False,2026-07-27,2026-07-27 10:29:01.004000-03:00,,2026-07-27 12:36:49.650000-03:00,127.81076666666667,used,6569
Personal,Nodocente,False,2026-07-27,2026-07-27 08:36:57.880000-03:00,,2026-07-27 12:38:01.146000-03:00,241.05443333333332,used,6574
Personal,Nodocente,False,2026-07-27,2026-07-27 08:57:55.111000-03:00,,2026-07-27 12:42:49.323000-03:00,224.9035333333333,used,6602
Personal,Nodocente,False,2026-07-27,2026-07-27 09:57:49.319000-03:00,,2026-07-27 12:46:52.103000-03:00,169.0464,used,6614
Personal,Nodocente,False,2026-07-27,2026-07-27 08:47:17.699000-03:00,,2026-07-27 13:03:46.894000-03:00,256.48658333333333,used,6699
Personal,Nodocente,False,2026-07-27,2026-07-27 08:23:19.113000-03:00,,2026-07-27 13:08:29.936000-03:00,285.18038333333334,used,6712
Personal,Nodocente,False,2026-07-27,2026-07-27 10:32:22.487000-03:00,,2026-07-27 13:09:46.499000-03:00,157.4002,used,6718
Personal,Nodocente,False,2026-07-27,2026-07-27 09:55:54.006000-03:00,,2026-07-27 13:09:51.481000-03:00,193.95791666666668,used,6719
Personal,Nodocente,False,2026-07-27,2026-07-27 09:20:24.040000-03:00,,2026-07-27 13:11:46.838000-03:00,231.3799666666667,used,6728
Personal,Nodocente,False,2026-07-27,2026-07-27 08:09:01.182000-03:00,,2026-07-27 13:50:02.412000-03:00,341.02049999999997,used,6923
Personal,Nodocente,False,2026-07-27,2026-07-27 10:31:28.626000-03:00,,2026-07-27 14:09:01.300000-03:00,217.54456666666667,used,6996
Personal,Nodocente,False,2026-07-27,2026-07-27 08:57:08.088000-03:00,,2026-07-27 14:10:16.353000-03:00,313.13775,used,7000
Personal,Nodocente,False,2026-07-27,2026-07-27 10:19:27.233000-03:00,,2026-07-27 14:10:18.556000-03:00,230.85538333333335,used,7001
Personal,Nodocente,False,2026-07-28,2026-07-28 08:18:11.735000-03:00,,2026-07-28 12:29:01.860000-03:00,250.83541666666667,used,7301
Personal,Nodocente,False,2026-07-28,2026-07-28 08:34:52.550000-03:00,,2026-07-28 12:32:57.751000-03:00,238.08668333333333,used,7315
Personal,Nodocente,False,2026-07-28,2026-07-28 08:38:08.079000-03:00,,2026-07-28 12:33:21.022000-03:00,235.21571666666665,used,7320
Personal,Nodocente,False,2026-07-28,2026-07-28 08:58:00.383000-03:00,,2026-07-28 12:40:02.749000-03:00,222.03943333333333,used,7368
Personal,Nodocente,False,2026-07-28,2026-07-28 09:44:23.073000-03:00,,2026-07-28 12:56:05.939000-03:00,191.71443333333335,used,7446
Personal,Nodocente,False,2026-07-28,2026-07-28 10:24:49.914000-03:00,,2026-07-28 13:02:26.314000-03:00,157.60666666666665,used,7484
Personal,Nodocente,False,2026-07-28,2026-07-28 10:29:00.647000-03:00,,2026-07-28 13:02:39.563000-03:00,153.6486,used,7487
Personal,Nodocente,False,2026-07-28,2026-07-28 10:14:21.123000-03:00,,2026-07-28 13:04:04.546000-03:00,169.7237166666667,used,7497
Personal,Nodocente,False,2026-07-28,2026-07-28 10:53:18.666000-03:00,,2026-07-28 13:09:27.406000-03:00,136.14566666666667,used,7532
Personal,Nodocente,False,2026-07-28,2026-07-28 10:37:25.285000-03:00,,2026-07-28 13:10:19.104000-03:00,152.89698333333334,used,7538
Personal,Nodocente,False,2026-07-28,2026-07-28 09:36:45.358000-03:00,,2026-07-28 13:15:06.300000-03:00,218.34903333333332,used,7575
Personal,Nodocente,False,2026-07-28,2026-07-28 09:14:30.051000-03:00,,2026-07-28 13:17:35.801000-03:00,243.09583333333333,used,7587
Personal,Nodocente,False,2026-07-28,2026-07-28 09:07:18.279000-03:00,,2026-07-28 13:39:06.194000-03:00,271.79858333333334,used,7699
Personal,Nodocente,False,2026-07-28,2026-07-28 10:25:59.959000-03:00,,2026-07-28 13:44:14.300000-03:00,198.23901666666669,used,7721
Personal,Nodocente,False,2026-07-28,2026-07-28 10:24:27.490000-03:00,,2026-07-28 13:44:15.837000-03:00,199.80578333333332,used,7722
Personal,Nodocente,False,2026-07-28,2026-07-28 10:26:26.965000-03:00,,2026-07-28 13:44:20.488000-03:00,197.89204999999998,used,7723
Personal,Nodocente,False,2026-07-28,2026-07-28 10:23:38.257000-03:00,,2026-07-28 14:12:01.984000-03:00,228.39545,used,7840
Personal,Nodocente,False,2026-07-28,2026-07-28 08:23:22.234000-03:00,,2026-07-28 14:12:53.845000-03:00,349.52685,used,7844
Personal,Nodocente,False,2026-07-28,2026-07-28 09:15:58.006000-03:00,,2026-07-28 14:12:57.730000-03:00,296.99539999999996,used,7845
Personal,Nodocente,False,2026-07-28,2026-07-28 08:41:37.001000-03:00,,2026-07-28 14:14:17.351000-03:00,332.67249999999996,used,7850
Personal,Nodocente,False,2026-07-29,2026-07-29 08:45:40.729000-03:00,,2026-07-29 12:10:12.285000-03:00,204.52593333333334,used,7993
Personal,Nodocente,False,2026-07-29,2026-07-29 09:25:05.974000-03:00,,2026-07-29 12:15:08.338000-03:00,170.0394,used,8045
Personal,Nodocente,False,2026-07-29,2026-07-29 08:10:16.948000-03:00,,2026-07-29 12:24:14.979000-03:00,253.96718333333334,used,8102
Personal,Nodocente,False,2026-07-29,2026-07-29 10:55:25.533000-03:00,,2026-07-29 12:32:38.131000-03:00,97.20996666666666,used,8144
Personal,Nodocente,False,2026-07-29,2026-07-29 09:11:42.067000-03:00,,2026-07-29 12:32:41.890000-03:00,200.99705,used,8145
Personal,Nodocente,False,2026-07-29,2026-07-29 08:11:06.006000-03:00,,2026-07-29 12:49:07.092000-03:00,278.0181,used,8218
Personal,Nodocente,False,2026-07-29,2026-07-29 08:59:30.563000-03:00,,2026-07-29 13:01:14.323000-03:00,241.72933333333333,used,8271
Personal,Nodocente,False,2026-07-29,2026-07-29 09:52:26.473000-03:00,,2026-07-29 13:29:53.295000-03:00,217.44703333333334,used,8421
Personal,Nodocente,False,2026-07-29,2026-07-29 08:24:22.604000-03:00,,2026-07-29 13:30:21.209000-03:00,305.97675,used,8426
Personal,Nodocente,False,2026-07-29,2026-07-29 09:20:08.604000-03:00,,2026-07-29 13:57:52.070000-03:00,277.72443333333337,used,8525
Personal,Nodocente,False,2026-07-29,2026-07-29 09:54:11.747000-03:00,,2026-07-29 14:09:09.724000-03:00,254.96628333333334,used,8561
Personal,Nodocente,False,2026-07-29,2026-07-29 10:12:52.003000-03:00,,2026-07-29 14:09:22.334000-03:00,236.50551666666667,used,8562
Personal,Nodocente,False,2026-07-29,2026-07-29 12:40:29.984000-03:00,,2026-07-29 14:09:28.508000-03:00,88.97540000000001,used,8563
Personal,Nodocente,False,2026-07-29,2026-07-29 10:00:35.077000-03:00,,2026-07-29 14:09:33.770000-03:00,248.97821666666667,used,8565
Personal,Nodocente,False,2026-07-29,2026-07-29 09:46:20.617000-03:00,,2026-07-29 14:11:45.298000-03:00,265.41135,used,8574
Personal,Nodocente,False,2026-07-30,2026-07-30 09:21:28.555000-03:00,,2026-07-30 12:06:51.774000-03:00,165.38698333333332,used,8718
Personal,Nodocente,False,2026-07-30,2026-07-30 08:47:20.094000-03:00,,2026-07-30 12:08:01.009000-03:00,200.6819166666667,used,8732
Personal,Nodocente,False,2026-07-30,2026-07-30 10:51:58.108000-03:00,,2026-07-30 12:33:13.806000-03:00,101.26163333333334,used,8853
Personal,Nodocente,False,2026-07-30,2026-07-30 08:53:00.578000-03:00,,2026-07-30 12:34:15.112000-03:00,221.24223333333333,used,8858
Personal,Nodocente,False,2026-07-30,2026-07-30 08:11:23.862000-03:00,,2026-07-30 12:40:24.538000-03:00,269.01126666666664,used,8903
Personal,Nodocente,False,2026-07-30,2026-07-30 09:23:12.456000-03:00,,2026-07-30 12:50:44.696000-03:00,207.53733333333332,used,8941
Personal,Nodocente,False,2026-07-30,2026-07-30 10:23:43.755000-03:00,,2026-07-30 12:50:46.912000-03:00,147.05261666666667,used,8942
Personal,Nodocente,False,2026-07-30,2026-07-30 09:31:25.113000-03:00,,2026-07-30 13:01:40.795000-03:00,210.26136666666667,used,9009
Personal,Nodocente,False,2026-07-30,2026-07-30 08:04:22.223000-03:00,,2026-07-30 13:02:23.855000-03:00,298.02720000000005,used,9013
Personal,Nodocente,False,2026-07-30,2026-07-30 10:36:57.868000-03:00,,2026-07-30 13:03:07.153000-03:00,146.15475,used,9016
Personal,Nodocente,False,2026-07-30,2026-07-30 08:52:10.637000-03:00,,2026-07-30 13:04:37.516000-03:00,252.44798333333335,used,9020
Personal,Nodocente,False,2026-07-30,2026-07-30 10:39:10.712000-03:00,,2026-07-30 13:04:40.051000-03:00,145.48898333333332,used,9021
Personal,Nodocente,False,2026-07-30,2026-07-30 10:47:56.939000-03:00,,2026-07-30 13:04:56.406000-03:00,136.99111666666667,used,9025
Personal,Nodocente,False,2026-07-30,2026-07-30 08:27:22.285000-03:00,,2026-07-30 13:16:28.134000-03:00,289.0974833333333,used,9105
Personal,Nodocente,False,2026-07-30,2026-07-30 08:39:03.263000-03:00,,2026-07-30 13:24:52.582000-03:00,285.8219833333333,used,9162
Personal,Nodocente,False,2026-07-30,2026-07-30 10:30:39.382000-03:00,,2026-07-30 13:26:54.979000-03:00,176.25995,used,9173
Personal,Nodocente,False,2026-07-30,2026-07-30 10:34:49.388000-03:00,,2026-07-30 13:26:56.678000-03:00,172.12150000000003,used,9174
Personal,Nodocente,False,2026-07-30,2026-07-30 10:36:25.904000-03:00,,2026-07-30 13:30:01.775000-03:00,173.59785,used,9189
Personal,Nodocente,False,2026-07-30,2026-07-30 08:50:53.148000-03:00,,2026-07-30 13:30:56.359000-03:00,280.05351666666667,used,9194
Personal,Nodocente,False,2026-07-30,2026-07-30 08:59:36.292000-03:00,,2026-07-30 13:58:18.144000-03:00,298.6975333333333,used,9346
Personal,Nodocente,False,2026-07-30,2026-07-30 10:19:44.365000-03:00,,2026-07-30 14:14:24.449000-03:00,234.66806666666668,used,9417
Personal,Nodocente,False,2026-07-30,2026-07-30 09:15:20.074000-03:00,,2026-07-30 14:14:35.822000-03:00,299.2624666666667,used,9418
Personal,Nodocente,False,2026-07-30,2026-07-30 10:18:51.062000-03:00,,2026-07-30 14:14:41.240000-03:00,235.8363,used,9419
Personal,Nodocente,False,2026-07-31,2026-07-31 09:38:49.759000-03:00,,2026-07-31 12:09:13.974000-03:00,150.40358333333333,used,9563
Personal,Nodocente,False,2026-07-31,2026-07-31 09:30:52.411000-03:00,,2026-07-31 12:13:57.329000-03:00,163.08196666666666,used,9615
Personal,Nodocente,False,2026-07-31,2026-07-31 08:55:25.466000-03:00,,2026-07-31 12:27:43.628000-03:00,212.30270000000002,used,9721
Personal,Nodocente,False,2026-07-31,2026-07-31 09:19:20.625000-03:00,,2026-07-31 12:31:43.546000-03:00,192.38201666666666,used,9730
Personal,Nodocente,False,2026-07-31,2026-07-31 09:53:11.103000-03:00,,2026-07-31 12:33:10.146000-03:00,159.98405,used,9737
Personal,Nodocente,False,2026-07-31,2026-07-31 10:40:00.198000-03:00,,2026-07-31 12:38:21.207000-03:00,118.35015,used,9767
Personal,Nodocente,False,2026-07-31,2026-07-31 10:30:07.837000-03:00,,2026-07-31 12:46:14.626000-03:00,136.11315,used,9818
Personal,Nodocente,False,2026-07-31,2026-07-31 09:27:40.974000-03:00,,2026-07-31 12:46:16.756000-03:00,198.59636666666665,used,9819
Personal,Nodocente,False,2026-07-31,2026-07-31 09:38:24.421000-03:00,,2026-07-31 12:49:57.083000-03:00,191.54436666666666,used,9840
Personal,Nodocente,False,2026-07-31,2026-07-31 09:49:48.619000-03:00,,2026-07-31 12:50:01.524000-03:00,180.21508333333335,used,9841
Personal,Nodocente,False,2026-07-31,2026-07-31 09:04:07.271000-03:00,,2026-07-31 12:54:27.102000-03:00,230.33051666666668,used,9866
Personal,Nodocente,False,2026-07-31,2026-07-31 08:58:47.265000-03:00,,2026-07-31 12:55:36.237000-03:00,236.8162,used,9875
Personal,Nodocente,False,2026-07-31,2026-07-31 10:50:16.931000-03:00,,2026-07-31 13:05:23.157000-03:00,135.10376666666667,used,9921
Personal,Nodocente,False,2026-07-31,2026-07-31 10:50:19.004000-03:00,,2026-07-31 13:11:09.607000-03:00,140.84338333333332,used,9956
Personal,Nodocente,False,2026-07-31,2026-07-31 08:03:30.584000-03:00,,2026-07-31 13:15:24.449000-03:00,311.89775000000003,used,9986
Personal,Nodocente,False,2026-07-31,2026-07-31 08:00:38.866000-03:00,,2026-07-31 13:16:11.041000-03:00,315.53625,used,9989
Personal,Nodocente,False,2026-07-31,2026-07-31 10:38:48.922000-03:00,,2026-07-31 13:20:42.837000-03:00,161.89858333333333,used,10021
Personal,Nodocente,False,2026-07-31,2026-07-31 08:27:06.548000-03:00,,2026-07-31 13:23:14.624000-03:00,296.13460000000003,used,10046
Personal,Nodocente,False,2026-07-31,2026-07-31 10:41:27.079000-03:00,,2026-07-31 13:35:49.223000-03:00,174.36906666666667,used,10114
Personal,Nodocente,False,2026-07-31,2026-07-31 10:51:20.195000-03:00,,2026-07-31 13:35:55.372000-03:00,164.58628333333334,used,10116
Personal,Nodocente,False,2026-07-31,2026-07-31 10:45:49.269000-03:00,,2026-07-31 13:38:12.435000-03:00,172.3861,used,10128
Personal,Nodocente,False,2026-07-31,2026-07-31 10:41:30.103000-03:00,,2026-07-31 13:38:17.406000-03:00,176.78838333333334,used,10130
Personal,Nodocente,False,2026-07-31,2026-07-31 10:49:24.838000-03:00,,2026-07-31 13:39:15.122000-03:00,169.83806666666666,used,10133
Personal,Nodocente,False,2026-07-31,2026-07-31 10:50:54.328000-03:00,,2026-07-31 13:44:39.195000-03:00,173.74778333333333,used,10154
Personal,Nodocente,False,2026-07-31,2026-07-31 10:51:25.934000-03:00,,2026-07-31 13:49:41.116000-03:00,178.25303333333335,used,10181
Personal,Nodocente,False,2026-08-03,2026-08-03 09:53:06.645000-03:00,,2026-08-03 12:30:48.368000-03:00,157.69538333333333,used,10633
Personal,Nodocente,False,2026-08-03,2026-08-03 10:44:28.770000-03:00,,2026-08-03 12:43:46.430000-03:00,119.29433333333333,used,10696
Personal,Nodocente,False,2026-08-03,2026-08-03 10:46:24.720000-03:00,,2026-08-03 12:47:59.568000-03:00,121.5808,used,10716
Personal,Nodocente,False,2026-08-03,2026-08-03 08:00:41.905000-03:00,,2026-08-03 12:50:29.530000-03:00,289.79375,used,10731
Personal,Nodocente,False,2026-08-03,2026-08-03 10:03:45.829000-03:00,,2026-08-03 12:51:19.998000-03:00,167.56948333333332,used,10733
Personal,Nodocente,False,2026-08-03,2026-08-03 09:00:36.697000-03:00,,2026-08-03 12:51:34.368000-03:00,230.96118333333334,used,10734
Personal,Nodocente,False,2026-08-03,2026-08-03 08:39:19.102000-03:00,,2026-08-03 12:51:43.351000-03:00,252.40415,used,10737
Personal,Nodocente,False,2026-08-03,2026-08-03 08:58:11.438000-03:00,,2026-08-03 12:56:07.169000-03:00,237.92884999999998,used,10762
Personal,Nodocente,False,2026-08-03,2026-08-03 08:39:16.543000-03:00,,2026-08-03 12:57:02.456000-03:00,257.7652166666667,used,10767
Personal,Nodocente,False,2026-08-03,2026-08-03 08:35:55.412000-03:00,,2026-08-03 13:07:45.382000-03:00,271.8328333333333,used,10837
Personal,Nodocente,False,2026-08-03,2026-08-03 10:11:15.609000-03:00,,2026-08-03 13:14:29.223000-03:00,183.2269,used,10881
Personal,Nodocente,False,2026-08-03,2026-08-03 13:20:00.837000-03:00,,2026-08-03 13:24:56.681000-03:00,4.930733333333333,used,10984
Personal,Nodocente,False,2026-08-03,2026-08-03 10:01:44.558000-03:00,,2026-08-03 13:33:36.758000-03:00,211.87,used,11026
Personal,Nodocente,False,2026-08-03,2026-08-03 08:57:56.757000-03:00,,2026-08-03 13:46:19.518000-03:00,288.37935,used,11143
Personal,Nodocente,False,2026-08-03,2026-08-03 08:20:33.185000-03:00,,2026-08-03 13:52:02.413000-03:00,331.4871333333333,used,11169
Personal,Nodocente,False,2026-08-03,2026-08-03 09:15:03.353000-03:00,,2026-08-03 14:02:44.044000-03:00,287.6781833333333,used,11243
Personal,Nodocente,False,2026-08-03,2026-08-03 09:33:54.333000-03:00,,2026-08-03 14:12:20.707000-03:00,278.4395666666667,used,11288
Personal,Nodocente,False,2026-08-04,2026-08-04 09:34:35.871000-03:00,,2026-08-04 12:15:17.451000-03:00,160.693,used,11545
Personal,Nodocente,False,2026-08-04,2026-08-04 09:27:52.009000-03:00,,2026-08-04 12:41:29.531000-03:00,193.62536666666668,used,11773
Personal,Nodocente,False,2026-08-04,2026-08-04 09:12:25.500000-03:00,,2026-08-04 12:41:33.828000-03:00,209.1388,used,11774
Personal,Nodocente,False,2026-08-04,2026-08-04 09:48:59.153000-03:00,,2026-08-04 12:51:10.633000-03:00,182.19133333333332,used,11877
Personal,Nodocente,False,2026-08-04,2026-08-04 09:27:08.222000-03:00,,2026-08-04 12:53:54.958000-03:00,206.77893333333336,used,11903
Personal,Nodocente,False,2026-08-04,2026-08-04 09:58:04.926000-03:00,,2026-08-04 12:57:45.234000-03:00,179.67180000000002,used,11945
Personal,Nodocente,False,2026-08-04,2026-08-04 09:56:18.017000-03:00,,2026-08-04 13:08:17.960000-03:00,191.99904999999998,used,12035
Personal,Nodocente,False,2026-08-04,2026-08-04 09:13:03.584000-03:00,,2026-08-04 13:12:17.257000-03:00,239.22788333333335,used,12052
Personal,Nodocente,False,2026-08-04,2026-08-04 09:02:45.162000-03:00,,2026-08-04 13:24:56.233000-03:00,262.18451666666664,used,12154
Personal,Nodocente,False,2026-08-04,2026-08-04 08:59:22.406000-03:00,,2026-08-04 13:37:48.528000-03:00,278.43536666666665,used,12265
Personal,Nodocente,False,2026-08-04,2026-08-04 08:48:10.450000-03:00,,2026-08-04 13:40:14.529000-03:00,292.06798333333336,used,12274
Personal,Nodocente,False,2026-08-04,2026-08-04 09:56:35.422000-03:00,,2026-08-04 13:53:57.277000-03:00,237.36425,used,12342
Personal,Nodocente,False,2026-08-04,2026-08-04 09:56:37.242000-03:00,,2026-08-04 13:53:59.529000-03:00,237.37145,used,12343
Personal,Nodocente,False,2026-08-04,2026-08-04 09:58:56.994000-03:00,,2026-08-04 13:54:09.008000-03:00,235.20023333333333,used,12345
Personal,Nodocente,False,2026-08-04,2026-08-04 09:12:57.823000-03:00,,2026-08-04 14:20:07.328000-03:00,307.1584166666667,used,12473
Personal,Nodocente,False,2026-08-05,2026-08-05 08:02:23.263000-03:00,,2026-08-05 12:36:50.872000-03:00,274.46015,used,12878
Personal,Nodocente,False,2026-08-05,2026-08-05 09:29:45.900000-03:00,,2026-08-05 12:41:05.612000-03:00,191.32853333333333,used,12920
Personal,Nodocente,False,2026-08-05,2026-08-05 08:17:11.057000-03:00,,2026-08-05 12:42:38.327000-03:00,265.4545,used,12938
Personal,Nodocente,False,2026-08-05,2026-08-05 10:47:08.466000-03:00,,2026-08-05 12:46:13.816000-03:00,119.08916666666667,used,12960
Personal,Nodocente,False,2026-08-05,2026-08-05 09:14:19.210000-03:00,,2026-08-05 12:48:11.101000-03:00,213.86485,used,12971
Personal,Nodocente,False,2026-08-05,2026-08-05 10:38:53.053000-03:00,,2026-08-05 12:53:37.492000-03:00,134.74065000000002,used,13016
Personal,Nodocente,False,2026-08-05,2026-08-05 09:44:46.171000-03:00,,2026-08-05 13:04:16.455000-03:00,199.50473333333332,used,13074
Personal,Nodocente,False,2026-08-05,2026-08-05 09:48:02.909000-03:00,,2026-08-05 13:04:29.470000-03:00,196.44268333333332,used,13075
Personal,Nodocente,False,2026-08-05,2026-08-05 08:58:14.412000-03:00,,2026-08-05 13:12:34.712000-03:00,254.3383333333333,used,13146
Personal,Nodocente,False,2026-08-05,2026-08-05 08:14:24.139000-03:00,,2026-08-05 13:29:45.535000-03:00,315.3566,used,13300
Personal,Nodocente,False,2026-08-05,2026-08-05 09:59:00.365000-03:00,,2026-08-05 13:34:11.373000-03:00,215.18346666666667,used,13321
Personal,Nodocente,False,2026-08-05,2026-08-05 09:26:49.672000-03:00,,2026-08-05 13:36:06.881000-03:00,249.28681666666668,used,13340
Personal,Nodocente,False,2026-08-05,2026-08-05 08:28:18.966000-03:00,,2026-08-05 13:36:48.576000-03:00,308.4935,used,13346
Personal,Nodocente,False,2026-08-05,2026-08-05 10:38:20.517000-03:00,,2026-08-05 13:41:43.464000-03:00,183.38245,used,13365
Personal,Nodocente,False,2026-08-05,2026-08-05 12:49:39.876000-03:00,,2026-08-05 13:55:08.538000-03:00,65.4777,used,13433
Personal,Nodocente,False,2026-08-05,2026-08-05 10:34:33.964000-03:00,,2026-08-05 14:09:55.449000-03:00,215.35808333333335,used,13504
Personal,Nodocente,False,2026-08-06,2026-08-06 09:58:32.535000-03:00,,2026-08-06 12:13:08.873000-03:00,134.60563333333332,used,13778
Personal,Nodocente,False,2026-08-06,2026-08-06 08:44:12.214000-03:00,,2026-08-06 12:29:09.328000-03:00,224.9519,used,13972
Personal,Nodocente,False,2026-08-06,2026-08-06 08:36:24.885000-03:00,,2026-08-06 12:29:11.293000-03:00,232.77346666666665,used,13973
Personal,Nodocente,False,2026-08-06,2026-08-06 08:48:32.064000-03:00,,2026-08-06 12:33:33.424000-03:00,225.02266666666668,used,14001
Personal,Nodocente,False,2026-08-06,2026-08-06 08:09:07.031000-03:00,,2026-08-06 12:39:00.659000-03:00,269.8938,used,14039
Personal,Nodocente,False,2026-08-06,2026-08-06 09:40:23.841000-03:00,,2026-08-06 12:43:07.655000-03:00,182.73023333333333,used,14077
Personal,Nodocente,False,2026-08-06,2026-08-06 10:02:45.582000-03:00,,2026-08-06 12:51:34.386000-03:00,168.8134,used,14154
Personal,Nodocente,False,2026-08-06,2026-08-06 10:08:58.476000-03:00,,2026-08-06 12:51:37.148000-03:00,162.64453333333333,used,14155
Personal,Nodocente,False,2026-08-06,2026-08-06 08:57:37.372000-03:00,,2026-08-06 12:51:50.594000-03:00,234.22036666666665,used,14157
Personal,Nodocente,False,2026-08-06,2026-08-06 09:23:37.495000-03:00,,2026-08-06 12:54:38.372000-03:00,211.01461666666668,used,14173
Personal,Nodocente,False,2026-08-06,2026-08-06 10:46:26.391000-03:00,,2026-08-06 12:55:21.983000-03:00,128.92653333333334,used,14185
Personal,Nodocente,False,2026-08-06,2026-08-06 10:04:40.785000-03:00,,2026-08-06 12:55:24.266000-03:00,170.72468333333333,used,14186
Personal,Nodocente,False,2026-08-06,2026-08-06 09:26:57.477000-03:00,,2026-08-06 13:00:56.819000-03:00,213.98903333333334,used,14216
Personal,Nodocente,False,2026-08-06,2026-08-06 08:52:39.752000-03:00,,2026-08-06 13:01:28.878000-03:00,248.81876666666668,used,14224
Personal,Nodocente,False,2026-08-06,2026-08-06 10:30:30.724000-03:00,,2026-08-06 13:03:36.667000-03:00,153.09904999999998,used,14238
Personal,Nodocente,False,2026-08-06,2026-08-06 10:16:33.300000-03:00,,2026-08-06 13:14:42.179000-03:00,178.14798333333334,used,14341
Personal,Nodocente,False,2026-08-06,2026-08-06 08:58:41.449000-03:00,,2026-08-06 13:22:33.882000-03:00,263.87388333333337,used,14394
Personal,Nodocente,False,2026-08-06,2026-08-06 09:22:58.739000-03:00,,2026-08-06 13:33:16.128000-03:00,250.28981666666667,used,14476
Personal,Nodocente,False,2026-08-06,2026-08-06 09:54:10.274000-03:00,,2026-08-06 13:33:31.051000-03:00,219.34628333333333,used,14479
Personal,Nodocente,False,2026-08-06,2026-08-06 10:02:43.183000-03:00,,2026-08-06 13:41:33.705000-03:00,218.84203333333335,used,14531
Personal,Nodocente,False,2026-08-06,2026-08-06 09:52:23.901000-03:00,,2026-08-06 13:47:08.850000-03:00,234.74915000000001,used,14563
Personal,Nodocente,False,2026-08-06,2026-08-06 08:58:18.199000-03:00,,2026-08-06 14:08:09.005000-03:00,309.84676666666667,used,14696
Personal,Nodocente,False,2026-08-06,2026-08-06 10:30:30.922000-03:00,,2026-08-06 14:08:33.375000-03:00,218.0408833333333,used,14697
Personal,Nodocente,False,2026-08-06,2026-08-06 08:55:39.079000-03:00,,2026-08-06 14:20:32.749000-03:00,324.8945,used,14775
Personal,Nodocente,False,2026-08-07,2026-08-07 10:39:11.344000-03:00,,2026-08-07 12:38:48.698000-03:00,119.62256666666667,used,15168
Personal,Nodocente,False,2026-08-07,2026-08-07 10:35:45.867000-03:00,,2026-08-07 12:38:54.949000-03:00,123.15136666666668,used,15170
Personal,Nodocente,False,2026-08-07,2026-08-07 09:25:10.515000-03:00,,2026-08-07 12:55:55.431000-03:00,210.74859999999998,used,15269
Personal,Nodocente,False,2026-08-07,2026-08-07 10:47:20.516000-03:00,,2026-08-07 12:58:09.999000-03:00,130.82471666666666,used,15291
Personal,Nodocente,False,2026-08-07,2026-08-07 08:27:34.461000-03:00,,2026-08-07 12:59:02.272000-03:00,271.46351666666664,used,15296
Personal,Nodocente,False,2026-08-07,2026-08-07 09:36:50.625000-03:00,,2026-08-07 13:06:27.747000-03:00,209.6187,used,15379
Personal,Nodocente,False,2026-08-07,2026-08-07 10:27:44.553000-03:00,,2026-08-07 13:16:33.128000-03:00,168.80958333333334,used,15479
Personal,Nodocente,False,2026-08-07,2026-08-07 10:51:30.082000-03:00,,2026-08-07 13:21:53.187000-03:00,150.3850833333333,used,15516
Personal,Nodocente,False,2026-08-07,2026-08-07 09:01:10.255000-03:00,,2026-08-07 13:22:29.141000-03:00,261.3147666666667,used,15521
Personal,Nodocente,False,2026-08-07,2026-08-07 08:41:40.974000-03:00,,2026-08-07 13:41:10.388000-03:00,299.4902333333333,used,15621
Personal,Nodocente,False,2026-08-07,2026-08-07 11:04:02.405000-03:00,,2026-08-07 13:42:37.435000-03:00,158.58383333333333,used,15628
Personal,Nodocente,False,2026-08-07,2026-08-07 08:23:48.676000-03:00,,2026-08-07 13:59:25.397000-03:00,335.6120166666667,used,15742
Personal,Nodocente,False,2026-08-10,2026-08-10 10:25:48.827000-03:00,,2026-08-10 12:32:08.807000-03:00,126.333,used,16320
Personal,Nodocente,False,2026-08-10,2026-08-10 10:30:01.266000-03:00,,2026-08-10 12:49:27.116000-03:00,139.43083333333334,used,16535
Personal,Nodocente,False,2026-08-10,2026-08-10 10:44:38.621000-03:00,,2026-08-10 13:00:08.033000-03:00,135.49020000000002,used,16666
Personal,Nodocente,False,2026-08-10,2026-08-10 10:22:31.186000-03:00,,2026-08-10 13:05:07.995000-03:00,162.61348333333333,used,16711
Personal,Nodocente,False,2026-08-10,2026-08-10 08:10:09.303000-03:00,,2026-08-10 13:14:41.164000-03:00,304.5310166666667,used,16836
Personal,Nodocente,False,2026-08-10,2026-08-10 09:52:44.648000-03:00,,2026-08-10 13:29:05.259000-03:00,216.3435166666667,used,17018
Personal,Nodocente,False,2026-08-10,2026-08-10 10:12:14.591000-03:00,,2026-08-10 13:39:11.159000-03:00,206.94279999999998,used,17119
Personal,Nodocente,False,2026-08-10,2026-08-10 09:28:54.895000-03:00,,2026-08-10 13:42:47.052000-03:00,253.86928333333333,used,17171
Personal,Nodocente,False,2026-08-10,2026-08-10 09:35:23.110000-03:00,,2026-08-10 13:45:28.251000-03:00,250.08568333333332,used,17200
Personal,Nodocente,False,2026-08-10,2026-08-10 08:52:10.640000-03:00,,2026-08-10 14:17:01.932000-03:00,324.8548666666667,used,17464
Personal,Nodocente,False,2026-08-10,2026-08-10 10:01:42.430000-03:00,,2026-08-10 14:17:17.327000-03:00,255.5816166666667,used,17465
Personal,Nodocente,False,2026-08-11,2026-08-11 10:44:20.843000-03:00,,2026-08-11 12:54:04.465000-03:00,129.72703333333334,used,18149
Personal,Nodocente,False,2026-08-11,2026-08-11 08:00:10.281000-03:00,,2026-08-11 13:06:57.289000-03:00,306.7834666666667,used,18297
Personal,Nodocente,False,2026-08-11,2026-08-11 09:46:17.140000-03:00,,2026-08-11 13:12:12.227000-03:00,205.91811666666666,used,18370
Personal,Nodocente,False,2026-08-11,2026-08-11 08:07:27.734000-03:00,,2026-08-11 13:25:36.021000-03:00,318.1381166666667,used,18564
Personal,Nodocente,False,2026-08-11,2026-08-11 09:41:22.452000-03:00,,2026-08-11 13:55:54.426000-03:00,254.5329,used,18885
Personal,Nodocente,False,2026-08-11,2026-08-11 09:50:15.610000-03:00,,2026-08-11 13:56:15.976000-03:00,246.0061,used,18886
Personal,Nodocente,False,2026-08-11,2026-08-11 09:51:57.560000-03:00,,2026-08-11 13:56:20.735000-03:00,244.38625,used,18887
Personal,Nodocente,False,2026-08-11,2026-08-11 09:06:10.229000-03:00,,2026-08-11 14:11:53.575000-03:00,305.72243333333336,used,19005
Personal,Nodocente,False,2026-08-11,2026-08-11 10:16:21.777000-03:00,,2026-08-11 14:12:21.133000-03:00,235.98926666666665,used,19006
Personal,Nodocente,False,2026-08-11,2026-08-11 09:08:17.723000-03:00,,2026-08-11 14:19:11.706000-03:00,310.8997166666667,used,19073
Personal,Nodocente,False,2026-08-13,2026-08-13 09:06:00.850000-03:00,,2026-08-13 12:26:34.168000-03:00,200.5553,used,19407
Personal,Nodocente,False,2026-08-13,2026-08-13 09:14:57.362000-03:00,,2026-08-13 13:01:40.207000-03:00,226.71408333333332,used,19825
Personal,Nodocente,False,2026-08-13,2026-08-13 08:11:11.507000-03:00,,2026-08-13 13:11:02.280000-03:00,299.8462166666667,used,19951
Personal,Nodocente,False,2026-08-13,2026-08-13 08:04:09.226000-03:00,,2026-08-13 13:14:19.971000-03:00,310.1790833333333,used,19991
Personal,Nodocente,False,2026-08-13,2026-08-13 08:07:31.949000-03:00,,2026-08-13 13:26:03.262000-03:00,318.5218833333333,used,20160
Personal,Nodocente,False,2026-08-13,2026-08-13 10:03:04.085000-03:00,,2026-08-13 13:26:06.826000-03:00,203.04568333333333,used,20161
Personal,Nodocente,False,2026-08-13,2026-08-13 10:55:27.736000-03:00,,2026-08-13 13:28:17.599000-03:00,152.83104999999998,used,20180
Personal,Nodocente,False,2026-08-13,2026-08-13 09:41:35.964000-03:00,,2026-08-13 13:30:16.095000-03:00,228.66885,used,20207
Personal,Nodocente,False,2026-08-13,2026-08-13 10:23:51.043000-03:00,,2026-08-13 13:32:50.211000-03:00,188.98613333333333,used,20243
Personal,Nodocente,False,2026-08-13,2026-08-13 10:01:06.689000-03:00,,2026-08-13 13:36:37.546000-03:00,215.51428333333334,used,20291
Personal,Nodocente,False,2026-08-13,2026-08-13 10:10:49.577000-03:00,,2026-08-13 13:50:24.297000-03:00,219.57866666666666,used,20376
Personal,Nodocente,False,2026-08-13,2026-08-13 13:40:22.926000-03:00,,2026-08-13 14:01:24.774000-03:00,21.0308,used,20448
Personal,Nodocente,False,2026-08-13,2026-08-13 08:33:30.107000-03:00,,2026-08-13 14:05:04.660000-03:00,331.5758833333333,used,20473
Personal,Nodocente,False,2026-08-13,2026-08-13 10:32:25.359000-03:00,,2026-08-13 14:05:28.232000-03:00,213.04788333333332,used,20474
Personal,Nodocente,False,2026-08-13,2026-08-13 10:49:10.076000-03:00,,2026-08-13 14:06:02.010000-03:00,196.86556666666667,used,20479
Personal,Nodocente,False,2026-08-13,2026-08-13 14:07:28.074000-03:00,,2026-08-13 14:09:56.828000-03:00,2.479233333333333,used,20505
Personal,Nodocente,False,2026-08-13,2026-08-13 09:37:30.624000-03:00,,2026-08-13 14:20:56.362000-03:00,283.42896666666667,used,20588
Personal,Nodocente,False,2026-08-14,2026-08-14 09:56:45.118000-03:00,,2026-08-14 12:17:49.183000-03:00,141.06775000000002,used,20811
Personal,Nodocente,False,2026-08-14,2026-08-14 09:00:08.766000-03:00,,2026-08-14 12:35:17.590000-03:00,215.1470666666667,used,21014
Personal,Nodocente,False,2026-08-14,2026-08-14 08:11:20.964000-03:00,,2026-08-14 12:35:40.795000-03:00,264.33051666666665,used,21015
Personal,Nodocente,False,2026-08-14,2026-08-14 10:31:04.723000-03:00,,2026-08-14 12:38:59.754000-03:00,127.91718333333333,used,21066
Personal,Nodocente,False,2026-08-14,2026-08-14 10:30:19.960000-03:00,,2026-08-14 12:39:02.346000-03:00,128.70643333333334,used,21067
Personal,Nodocente,False,2026-08-14,2026-08-14 08:51:43.089000-03:00,,2026-08-14 12:46:55.143000-03:00,235.2009,used,21143
Personal,Nodocente,False,2026-08-14,2026-08-14 09:32:06.386000-03:00,,2026-08-14 12:47:01.390000-03:00,194.91673333333335,used,21144
Personal,Nodocente,False,2026-08-14,2026-08-14 09:33:41.727000-03:00,,2026-08-14 12:47:04.386000-03:00,193.37765,used,21145
Personal,Nodocente,False,2026-08-14,2026-08-14 08:52:34.407000-03:00,,2026-08-14 12:51:25.897000-03:00,238.85816666666668,used,21193
Personal,Nodocente,False,2026-08-14,2026-08-14 08:25:52.149000-03:00,,2026-08-14 13:00:17.659000-03:00,274.42516666666666,used,21283
Personal,Nodocente,False,2026-08-14,2026-08-14 09:28:53.369000-03:00,,2026-08-14 13:00:21.123000-03:00,211.46256666666667,used,21284
Personal,Nodocente,False,2026-08-14,2026-08-14 10:52:05.287000-03:00,,2026-08-14 13:09:12.145000-03:00,137.11430000000001,used,21389
Personal,Nodocente,False,2026-08-14,2026-08-14 10:12:50.280000-03:00,,2026-08-14 13:19:20.767000-03:00,186.50811666666667,used,21514
Personal,Nodocente,False,2026-08-14,2026-08-14 10:12:40.843000-03:00,,2026-08-14 13:22:07.171000-03:00,189.4388,used,21554
Personal,Nodocente,False,2026-08-14,2026-08-14 10:58:52.771000-03:00,,2026-08-14 13:26:30.129000-03:00,147.62263333333334,used,21615
Personal,Nodocente,False,2026-08-14,2026-08-14 12:42:59.958000-03:00,,2026-08-14 13:33:37.630000-03:00,50.62786666666667,used,21671
Personal,Nodocente,False,2026-08-14,2026-08-14 13:39:48.221000-03:00,,2026-08-14 13:41:32.966000-03:00,1.7457500000000001,used,21727
Personal,Nodocente,False,2026-08-14,2026-08-14 09:48:42.029000-03:00,,2026-08-14 13:46:10.632000-03:00,237.47671666666665,used,21755
Personal,Nodocente,False,2026-08-14,2026-08-14 09:54:48.910000-03:00,,2026-08-14 13:46:13.133000-03:00,231.40371666666667,used,21756
Personal,Nodocente,False,2026-08-14,2026-08-14 09:42:18.217000-03:00,,2026-08-14 13:56:29.906000-03:00,254.19481666666667,used,21836
Personal,Nodocente,False,2026-08-14,2026-08-14 10:56:07.883000-03:00,,2026-08-14 13:58:20.996000-03:00,182.21855,used,21853
Personal,Nodocente,False,2026-08-18,2026-08-18 10:43:23.227000-03:00,,2026-08-18 13:09:41.257000-03:00,146.3005,used,22733
Personal,Nodocente,False,2026-08-18,2026-08-18 09:36:50.244000-03:00,,2026-08-18 13:16:42.173000-03:00,219.86548333333334,used,22814
Personal,Nodocente,False,2026-08-18,2026-08-18 10:16:43.308000-03:00,,2026-08-18 13:18:49.531000-03:00,182.10371666666666,used,22834
Personal,Nodocente,False,2026-08-18,2026-08-18 10:19:48.614000-03:00,,2026-08-18 13:20:27.952000-03:00,180.65563333333333,used,22858
Personal,Nodocente,False,2026-08-18,2026-08-18 08:29:31.677000-03:00,,2026-08-18 13:25:19.924000-03:00,295.80411666666663,used,22927
Personal,Nodocente,False,2026-08-18,2026-08-18 08:21:18.733000-03:00,,2026-08-18 13:32:44.842000-03:00,311.43515,used,23024
Personal,Nodocente,False,2026-08-18,2026-08-18 08:10:52.268000-03:00,,2026-08-18 13:53:17.853000-03:00,342.4264166666666,used,23291
Personal,Nodocente,False,2026-08-18,2026-08-18 10:33:47.570000-03:00,,2026-08-18 13:58:19.672000-03:00,204.53503333333336,used,23347
Personal,Nodocente,False,2026-08-18,2026-08-18 10:25:29.954000-03:00,,2026-08-18 14:07:48.635000-03:00,222.31135,used,23437
Personal,Nodocente,False,2026-08-18,2026-08-18 10:14:45.674000-03:00,,2026-08-18 14:12:32.658000-03:00,237.78306666666668,used,23493
Personal,Nodocente,False,2026-08-18,2026-08-18 08:03:13.595000-03:00,,2026-08-18 14:15:29.449000-03:00,372.2642333333333,used,23520
Personal,Nodocente,False,2026-08-18,2026-08-18 09:46:55.136000-03:00,,2026-08-18 14:16:15.135000-03:00,269.3333166666667,used,23526
Personal,Nodocente,False,2026-08-18,2026-08-18 08:54:42.835000-03:00,,2026-08-18 14:16:19.829000-03:00,321.61656666666664,used,23527
Personal,Nodocente,False,2026-08-18,2026-08-18 09:55:14.971000-03:00,,2026-08-18 14:17:17.372000-03:00,262.04001666666665,used,23538
Personal,Nodocente,False,2026-08-18,2026-08-18 08:09:19.303000-03:00,,2026-08-18 14:21:56.964000-03:00,372.6276833333333,used,23592
Personal,Nodocente,False,2026-08-18,2026-08-18 10:22:02.510000-03:00,,2026-08-18 14:22:51.750000-03:00,240.82066666666665,used,23598
Personal,Nodocente,False,2026-08-20,2026-08-20 08:03:29.678000-03:00,,2026-08-20 12:15:53.100000-03:00,252.39036666666667,used,23865
Personal,Nodocente,False,2026-08-20,2026-08-20 09:46:37.407000-03:00,,2026-08-20 12:46:39.983000-03:00,180.0429333333333,used,24199
Personal,Nodocente,False,2026-08-20,2026-08-20 09:27:46.497000-03:00,,2026-08-20 12:50:20.211000-03:00,202.5619,used,24258
Personal,Nodocente,False,2026-08-20,2026-08-20 09:23:07.557000-03:00,,2026-08-20 13:08:54.186000-03:00,225.77715,used,24464
Personal,Nodocente,False,2026-08-20,2026-08-20 09:29:51.829000-03:00,,2026-08-20 13:09:10.690000-03:00,219.31435000000002,used,24466
Personal,Nodocente,False,2026-08-20,2026-08-20 09:11:35.600000-03:00,,2026-08-20 13:18:57.004000-03:00,247.35673333333335,used,24594
Personal,Nodocente,False,2026-08-20,2026-08-20 09:39:49.455000-03:00,,2026-08-20 13:20:07.388000-03:00,220.29888333333335,used,24611
Personal,Nodocente,False,2026-08-20,2026-08-20 08:34:21.253000-03:00,,2026-08-20 13:34:29.222000-03:00,300.13281666666666,used,24785
Personal,Nodocente,False,2026-08-20,2026-08-20 08:49:20.663000-03:00,,2026-08-20 13:34:32.264000-03:00,285.19334999999995,used,24786
Personal,Nodocente,False,2026-08-20,2026-08-20 10:00:41.006000-03:00,,2026-08-20 13:48:06.512000-03:00,227.4251,used,24902
Personal,Nodocente,False,2026-08-20,2026-08-20 08:10:13.196000-03:00,,2026-08-20 13:51:00.650000-03:00,340.7909,used,24927
Personal,Nodocente,False,2026-08-20,2026-08-20 11:55:14.908000-03:00,,2026-08-20 14:05:16.916000-03:00,130.03346666666667,used,25025
Personal,Nodocente,False,2026-08-20,2026-08-20 11:54:58.144000-03:00,,2026-08-20 14:06:43.829000-03:00,131.76141666666666,used,25034
Personal,Nodocente,False,2026-08-20,2026-08-20 11:14:25.668000-03:00,,2026-08-20 14:06:46.292000-03:00,172.34373333333332,used,25035
Personal,Nodocente,False,2026-08-20,2026-08-20 14:14:56.140000-03:00,,2026-08-20 14:16:39.888000-03:00,1.7291333333333334,used,25087
Personal,Nodocente,False,2026-08-20,2026-08-20 09:04:47.095000-03:00,,2026-08-20 14:19:15.033000-03:00,314.4656333333333,used,25118
Personal,Nodocente,False,2026-08-20,2026-08-20 09:09:04.481000-03:00,,2026-08-20 14:22:17.239000-03:00,313.2126333333334,used,25135
Personal,Nodocente,False,2026-08-21,2026-08-21 08:28:38.618000-03:00,,2026-08-21 12:18:49.287000-03:00,230.17781666666667,used,25408
Personal,Nodocente,False,2026-08-21,2026-08-21 08:26:01.015000-03:00,,2026-08-21 12:51:27.338000-03:00,265.43871666666666,used,25780
Personal,Nodocente,False,2026-08-21,2026-08-21 08:55:01.888000-03:00,,2026-08-21 12:53:45.312000-03:00,238.72373333333334,used,25807
Personal,Nodocente,False,2026-08-21,2026-08-21 09:02:13.165000-03:00,,2026-08-21 12:59:07.120000-03:00,236.89925,used,25853
Personal,Nodocente,False,2026-08-21,2026-08-21 09:48:33.394000-03:00,,2026-08-21 12:59:44.541000-03:00,191.18578333333335,used,25858
Personal,Nodocente,False,2026-08-21,2026-08-21 09:40:51.567000-03:00,,2026-08-21 13:04:21.119000-03:00,203.49253333333334,used,25908
Personal,Nodocente,False,2026-08-21,2026-08-21 09:21:04.073000-03:00,,2026-08-21 13:05:33.964000-03:00,224.49818333333332,used,25926
Personal,Nodocente,False,2026-08-21,2026-08-21 09:01:04.053000-03:00,,2026-08-21 13:05:46.714000-03:00,244.71101666666667,used,25930
Personal,Nodocente,False,2026-08-21,2026-08-21 08:29:00.950000-03:00,,2026-08-21 13:17:39.012000-03:00,288.6343666666667,used,26080
Personal,Nodocente,False,2026-08-21,2026-08-21 09:46:37.186000-03:00,,2026-08-21 13:28:06.619000-03:00,221.49055,used,26209
Personal,Nodocente,False,2026-08-21,2026-08-21 08:55:57.693000-03:00,,2026-08-21 13:36:30.271000-03:00,280.5429666666667,used,26302
Personal,Nodocente,False,2026-08-21,2026-08-21 10:08:16.189000-03:00,,2026-08-21 13:49:11.183000-03:00,220.91656666666668,used,26396
Personal,Nodocente,False,2026-08-21,2026-08-21 10:40:02.256000-03:00,,2026-08-21 13:49:13.673000-03:00,189.19028333333333,used,26397
Personal,Nodocente,False,2026-08-21,2026-08-21 09:52:39.186000-03:00,,2026-08-21 13:53:25.274000-03:00,240.76813333333334,used,26421
Personal,Nodocente,False,2026-08-24,2026-08-24 08:15:34.694000-03:00,,2026-08-24 12:19:51.530000-03:00,244.2806,used,27054
Personal,Nodocente,False,2026-08-24,2026-08-24 10:05:41.339000-03:00,,2026-08-24 12:29:44.325000-03:00,144.04976666666667,used,27189
Personal,Nodocente,False,2026-08-24,2026-08-24 10:34:03.423000-03:00,,2026-08-24 12:36:49.726000-03:00,122.77171666666666,used,27254
Personal,Nodocente,False,2026-08-24,2026-08-24 10:06:02.758000-03:00,,2026-08-24 12:48:52.947000-03:00,162.83648333333335,used,27370
Personal,Nodocente,False,2026-08-24,2026-08-24 08:27:25.372000-03:00,,2026-08-24 12:52:55.422000-03:00,265.50083333333333,used,27406
Personal,Nodocente,False,2026-08-24,2026-08-24 10:31:15.479000-03:00,,2026-08-24 13:01:12.420000-03:00,149.94901666666667,used,27486
Personal,Nodocente,False,2026-08-24,2026-08-24 09:14:15.876000-03:00,,2026-08-24 13:23:24.676000-03:00,249.14666666666665,used,27725
Personal,Nodocente,False,2026-08-24,2026-08-24 08:59:02.915000-03:00,,2026-08-24 13:35:37.475000-03:00,276.576,used,27861
Personal,Nodocente,False,2026-08-24,2026-08-24 09:48:30.188000-03:00,,2026-08-24 13:48:47.618000-03:00,240.2905,used,27984
Personal,Nodocente,False,2026-08-24,2026-08-24 08:34:37.650000-03:00,,2026-08-24 13:48:50.088000-03:00,314.2073,used,27985
Personal,Nodocente,False,2026-08-24,2026-08-24 08:19:16.385000-03:00,,2026-08-24 13:49:11.663000-03:00,329.9213,used,27990
Personal,Nodocente,False,2026-08-24,2026-08-24 11:28:30.783000-03:00,,2026-08-24 13:51:35.704000-03:00,143.08201666666668,used,28011
Personal,Nodocente,False,2026-08-24,2026-08-24 11:28:05.629000-03:00,,2026-08-24 13:51:38.471000-03:00,143.54736666666668,used,28012
Personal,Nodocente,False,2026-08-24,2026-08-24 08:40:07.992000-03:00,,2026-08-24 14:18:29.855000-03:00,338.36438333333336,used,28215
Personal,Nodocente,False,2026-08-24,2026-08-24 10:24:44.296000-03:00,,2026-08-24 14:18:32.316000-03:00,233.80033333333333,used,28216
Personal,Nodocente,False,2026-08-25,2026-08-25 09:33:55.152000-03:00,,2026-08-25 12:24:07.265000-03:00,170.2018833333333,used,28623
Personal,Nodocente,False,2026-08-25,2026-08-25 10:23:44.685000-03:00,,2026-08-25 12:33:39.434000-03:00,129.91248333333334,used,28758
Personal,Nodocente,False,2026-08-25,2026-08-25 08:01:54.949000-03:00,,2026-08-25 12:40:09.525000-03:00,278.2429333333333,used,28853
Personal,Nodocente,False,2026-08-25,2026-08-25 10:56:23.534000-03:00,,2026-08-25 12:40:19.799000-03:00,103.93775000000001,used,28857
Personal,Nodocente,False,2026-08-25,2026-08-25 10:08:13.624000-03:00,,2026-08-25 12:40:23.302000-03:00,152.1613,used,28858
Personal,Nodocente,False,2026-08-25,2026-08-25 09:48:40.311000-03:00,,2026-08-25 12:48:49.155000-03:00,180.14739999999998,used,28943
Personal,Nodocente,False,2026-08-25,2026-08-25 10:42:32.636000-03:00,,2026-08-25 12:49:50.047000-03:00,127.29018333333333,used,28960
Personal,Nodocente,False,2026-08-25,2026-08-25 09:41:29.295000-03:00,,2026-08-25 13:02:04.394000-03:00,200.58498333333333,used,29115
Personal,Nodocente,False,2026-08-25,2026-08-25 09:48:43.116000-03:00,,2026-08-25 13:07:07.349000-03:00,198.40388333333334,used,29182
Personal,Nodocente,False,2026-08-25,2026-08-25 10:06:40.385000-03:00,,2026-08-25 13:12:43.897000-03:00,186.05853333333334,used,29257
Personal,Nodocente,False,2026-08-25,2026-08-25 09:55:03.966000-03:00,,2026-08-25 13:12:46.023000-03:00,197.70095,used,29258
Personal,Nodocente,False,2026-08-25,2026-08-25 09:50:28.715000-03:00,,2026-08-25 13:21:36.249000-03:00,211.12556666666666,used,29345
Personal,Nodocente,False,2026-08-25,2026-08-25 10:03:31.873000-03:00,,2026-08-25 13:32:54.989000-03:00,209.38526666666667,used,29466
Personal,Nodocente,False,2026-08-25,2026-08-25 10:52:08.294000-03:00,,2026-08-25 13:42:01.650000-03:00,169.88926666666666,used,29513
Personal,Nodocente,False,2026-08-25,2026-08-25 10:53:27.241000-03:00,,2026-08-25 13:42:04.183000-03:00,168.61569999999998,used,29514
Personal,Nodocente,False,2026-08-25,2026-08-25 09:47:08.893000-03:00,,2026-08-25 13:42:12.187000-03:00,235.0549,used,29515
Personal,Nodocente,False,2026-08-25,2026-08-25 10:47:23.791000-03:00,,2026-08-25 13:42:14.797000-03:00,174.8501,used,29516
Personal,Nodocente,False,2026-08-25,2026-08-25 09:43:32.415000-03:00,,2026-08-25 13:53:37.920000-03:00,250.09175,used,29598
Personal,Nodocente,False,2026-08-25,2026-08-25 09:55:43.916000-03:00,,2026-08-25 13:57:45.743000-03:00,242.03045,used,29634
Personal,Nodocente,False,2026-08-25,2026-08-25 09:58:15.831000-03:00,,2026-08-25 14:17:10.477000-03:00,258.9107666666667,used,29781
Personal,Nodocente,False,2026-08-26,2026-08-26 09:44:35.131000-03:00,,2026-08-26 12:29:05.359000-03:00,164.50379999999998,used,30200
Personal,Nodocente,False,2026-08-26,2026-08-26 08:52:44.177000-03:00,,2026-08-26 12:29:06.446000-03:00,216.37115,used,30201
Personal,Nodocente,False,2026-08-26,2026-08-26 08:03:16.214000-03:00,,2026-08-26 12:35:49.526000-03:00,272.5552,used,30274
Personal,Nodocente,False,2026-08-26,2026-08-26 08:00:11.404000-03:00,,2026-08-26 12:45:53.087000-03:00,285.6947166666667,used,30380
Personal,Nodocente,False,2026-08-26,2026-08-26 08:23:30.663000-03:00,,2026-08-26 12:46:30.240000-03:00,262.99295,used,30390
Personal,Nodocente,False,2026-08-26,2026-08-26 09:55:52.221000-03:00,,2026-08-26 12:46:31.902000-03:00,170.66135,used,30391
Personal,Nodocente,False,2026-08-26,2026-08-26 08:58:21.506000-03:00,,2026-08-26 12:49:09.547000-03:00,230.80068333333332,used,30424
Personal,Nodocente,False,2026-08-26,2026-08-26 09:43:00.768000-03:00,,2026-08-26 12:50:41.502000-03:00,187.6789,used,30442
Personal,Nodocente,False,2026-08-26,2026-08-26 08:51:01.574000-03:00,,2026-08-26 12:52:59.434000-03:00,241.96433333333334,used,30467
Personal,Nodocente,False,2026-08-26,2026-08-26 09:30:59.085000-03:00,,2026-08-26 13:04:40.631000-03:00,213.69243333333333,used,30606
Personal,Nodocente,False,2026-08-26,2026-08-26 09:02:19.066000-03:00,,2026-08-26 13:04:45.073000-03:00,242.43345,used,30607
Personal,Nodocente,False,2026-08-26,2026-08-26 08:40:01.008000-03:00,,2026-08-26 13:05:48.203000-03:00,265.78658333333334,used,30617
Personal,Nodocente,False,2026-08-26,2026-08-26 09:18:41.610000-03:00,,2026-08-26 13:12:48.034000-03:00,234.10706666666667,used,30710
Personal,Nodocente,False,2026-08-26,2026-08-26 08:35:01.438000-03:00,,2026-08-26 13:14:49.115000-03:00,279.7946166666667,used,30738
Personal,Nodocente,False,2026-08-26,2026-08-26 09:29:22.413000-03:00,,2026-08-26 13:38:10.118000-03:00,248.79508333333334,used,31053
Personal,Nodocente,False,2026-08-26,2026-08-26 08:36:48.514000-03:00,,2026-08-26 13:40:02.036000-03:00,303.2253666666667,used,31077
Personal,Nodocente,False,2026-08-26,2026-08-26 08:31:07.138000-03:00,,2026-08-26 13:45:07.556000-03:00,314.0069666666667,used,31112
Personal,Nodocente,False,2026-08-26,2026-08-26 09:53:03.153000-03:00,,2026-08-26 13:50:16.243000-03:00,237.21816666666666,used,31155
Personal,Nodocente,False,2026-08-26,2026-08-26 09:53:10.351000-03:00,,2026-08-26 13:50:19.092000-03:00,237.14568333333332,used,31156
Personal,Nodocente,False,2026-08-26,2026-08-26 09:43:14.745000-03:00,,2026-08-26 14:12:19.104000-03:00,269.07265,used,31317
Personal,Nodocente,False,2026-08-26,2026-08-26 10:06:44.132000-03:00,,2026-08-26 14:14:40.697000-03:00,247.94275000000002,used,31343
Personal,Nodocente,False,2026-08-31,2026-08-31 08:09:14.101000-03:00,,2026-08-31 12:27:07.220000-03:00,257.88531666666665,used,31792
Personal,Nodocente,False,2026-08-31,2026-08-31 10:50:23.206000-03:00,,2026-08-31 12:33:36.742000-03:00,103.2256,used,31888
Personal,Nodocente,False,2026-08-31,2026-08-31 08:00:19.251000-03:00,,2026-08-31 12:43:29.339000-03:00,283.16813333333334,used,32029
Personal,Nodocente,False,2026-08-31,2026-08-31 08:34:42.119000-03:00,,2026-08-31 12:46:44.049000-03:00,252.03216666666668,used,32075
Personal,Nodocente,False,2026-08-31,2026-08-31 08:34:45.376000-03:00,,2026-08-31 12:51:36.508000-03:00,256.8522,used,32158
Personal,Nodocente,False,2026-08-31,2026-08-31 08:59:46.989000-03:00,,2026-08-31 12:55:54.997000-03:00,236.13346666666666,used,32196
Personal,Nodocente,False,2026-08-31,2026-08-31 08:24:23.141000-03:00,,2026-08-31 13:06:23.704000-03:00,282.0093833333333,used,32281
Personal,Nodocente,False,2026-08-31,2026-08-31 08:05:31.160000-03:00,,2026-08-31 13:06:51.430000-03:00,301.3378333333333,used,32285
Personal,Nodocente,False,2026-08-31,2026-08-31 08:53:53.325000-03:00,,2026-08-31 13:18:30.095000-03:00,264.61283333333336,used,32409
Personal,Nodocente,False,2026-08-31,2026-08-31 09:47:04.786000-03:00,,2026-08-31 13:22:30.844000-03:00,215.4343,used,32457
Personal,Nodocente,False,2026-08-31,2026-08-31 10:16:30.225000-03:00,,2026-08-31 13:25:39.321000-03:00,189.1516,used,32503
Personal,Nodocente,False,2026-08-31,2026-08-31 09:32:40.133000-03:00,,2026-08-31 13:40:39.363000-03:00,247.98716666666667,used,32639
Personal,Nodocente,False,2026-08-31,2026-08-31 08:26:38.973000-03:00,,2026-08-31 13:50:55.824000-03:00,324.28085,used,32737
Personal,Nodocente,False,2026-08-31,2026-08-31 10:44:23.650000-03:00,,2026-08-31 13:58:48.527000-03:00,194.41461666666666,used,32798
Personal,Nodocente,False,2026-08-31,2026-08-31 10:36:53.950000-03:00,,2026-08-31 14:03:47.259000-03:00,206.8884833333333,used,32831
Personal,Nodocente,False,2026-08-31,2026-08-31 10:36:25.447000-03:00,,2026-08-31 14:12:54.001000-03:00,216.4759,used,32910
Personal,Nodocente,False,2026-08-31,2026-08-31 08:49:52.557000-03:00,,2026-08-31 14:17:58.795000-03:00,328.1039666666667,used,32946
Personal,Nodocente,False,2026-09-01,2026-09-01 10:24:21.816000-03:00,,2026-09-01 12:27:38.092000-03:00,123.27126666666666,used,33397
Personal,Nodocente,False,2026-09-01,2026-09-01 11:38:44.146000-03:00,,2026-09-01 13:45:04.709000-03:00,126.34271666666667,used,34210
Personal,Nodocente,False,2026-09-01,2026-09-01 10:02:31.722000-03:00,,2026-09-01 14:01:55.703000-03:00,239.39968333333334,used,34336
Personal,Nodocente,False,2026-09-01,2026-09-01 10:14:13.713000-03:00,,2026-09-01 14:02:51.099000-03:00,228.6231,used,34342
Personal,Nodocente sin TACC,True,2026-07-01,2026-07-01 10:52:23.634000-03:00,,2026-07-01 13:08:55.850000-03:00,136.53693333333334,used,615
Personal,Nodocente sin TACC,True,2026-07-03,2026-07-03 09:40:37.291000-03:00,,2026-07-03 13:01:26.710000-03:00,200.82365,used,2368
Personal,Nodocente sin TACC,True,2026-07-21,2026-07-21 09:08:28.701000-03:00,,2026-07-21 13:07:21.202000-03:00,238.87501666666668,used,4179
Personal,Nodocente sin TACC,True,2026-07-22,2026-07-22 10:25:56.621000-03:00,,2026-07-22 13:54:27.260000-03:00,208.51065,used,5062
Personal,Nodocente sin TACC,True,2026-07-27,2026-07-27 08:57:34.041000-03:00,,2026-07-27 12:51:37.646000-03:00,234.06008333333332,used,6636
Personal,Nodocente sin TACC,True,2026-07-31,2026-07-31 10:23:47.740000-03:00,,2026-07-31 13:01:10.200000-03:00,157.3743333333333,used,9905
Personal,Nodocente sin TACC,True,2026-08-03,2026-08-03 10:55:35.270000-03:00,,2026-08-03 12:22:46.949000-03:00,87.19465,used,10590
Personal,Nodocente sin TACC,True,2026-08-14,2026-08-14 09:22:55.453000-03:00,,2026-08-14 12:46:41.580000-03:00,203.76878333333335,used,21141
