reserva_id,origen_fila,event_date,grupo,customer_types,sin_tacc,status,reserved_at,canceled_at,checked_at,re_reserva,customer_id
G-00001,generado_ia,2026-07-01,Estudiantes,Estudiante de Grado,False,canceled,2026-07-01 08:00:01.035000-03:00,2026-07-01 08:17:05.078000-03:00,,False,
G-00002,generado_ia,2026-07-01,Becas Nutrirse,Becas Nutrirse Vianda,False,no_show,2026-07-01 08:00:09.977000-03:00,,,False,
G-00003,generado_ia,2026-07-01,Estudiantes,Estudiante de Grado,False,no_show,2026-07-01 08:00:18.806000-03:00,,,False,
G-00004,generado_ia,2026-07-01,Estudiantes,Estudiante de Grado,False,no_show,2026-07-01 08:00:20.126000-03:00,,,False,
G-00005,generado_ia,2026-07-01,Estudiantes,Estudiante de Grado,False,canceled,2026-07-01 08:00:29.599000-03:00,2026-07-01 08:56:01.535000-03:00,,False,
G-00006,generado_ia,2026-07-01,Estudiantes,Estudiante de Grado,False,no_show,2026-07-01 08:01:08.163000-03:00,,,False,
G-00007,generado_ia,2026-07-01,Becas Nutrirse,Becas Nutrirse Vianda,False,canceled,2026-07-01 08:01:19.462000-03:00,2026-07-01 10:40:27.468000-03:00,,False,
G-00008,generado_ia,2026-07-01,Estudiantes,Estudiante de Grado,False,no_show,2026-07-01 08:01:20.712000-03:00,,,False,
G-00009,generado_ia,2026-07-01,Becas Nutrirse,Becas Nutrirse Vianda,False,no_show,2026-07-01 08:01:51.346000-03:00,,,False,
G-00010,generado_ia,2026-07-01,Estudiantes,Estudiante de Grado,False,no_show,2026-07-01 08:02:27.761000-03:00,,,False,
G-00011,generado_ia,2026-07-01,Estudiantes,Estudiante de Grado,False,canceled,2026-07-01 08:02:31.731000-03:00,2026-07-01 09:21:46.503000-03:00,,False,
G-00012,generado_ia,2026-07-01,Estudiantes,Estudiante de Grado,False,canceled,2026-07-01 08:02:48.668000-03:00,2026-07-01 10:55:48.201000-03:00,,False,
G-00013,generado_ia,2026-07-01,Becas personal,Becas Nodocentes,False,no_show,2026-07-01 08:02:50.008000-03:00,,,False,
G-00014,generado_ia,2026-07-01,Becas Nutrirse,Becas Nutrirse Vianda,False,no_show,2026-07-01 08:02:50.770000-03:00,,,False,
G-00015,generado_ia,2026-07-01,Estudiantes,Estudiante de Grado,False,no_show,2026-07-01 08:03:15.461000-03:00,,,False,
G-00016,generado_ia,2026-07-01,Estudiantes,Estudiante de Grado,False,no_show,2026-07-01 08:03:18.805000-03:00,,,False,
G-00017,generado_ia,2026-07-01,Becas Nutrirse,Becas Nutrirse Vianda,False,no_show,2026-07-01 08:03:27.473000-03:00,,,False,
G-00018,generado_ia,2026-07-01,Estudiantes,Estudiante de Grado,False,no_show,2026-07-01 08:05:07.850000-03:00,,,False,
G-00019,generado_ia,2026-07-01,Estudiantes,Estudiante de Grado,False,no_show,2026-07-01 08:05:09.692000-03:00,,,False,
G-00020,generado_ia,2026-07-01,Estudiantes,Estudiante de Grado,False,no_show,2026-07-01 08:07:37.018000-03:00,,,False,
G-00021,generado_ia,2026-07-01,Estudiantes,Estudiante de Grado,False,no_show,2026-07-01 08:07:41.513000-03:00,,,False,
G-00022,generado_ia,2026-07-01,Becas Nutrirse,Becas Nutrirse Vianda,False,no_show,2026-07-01 08:08:42.506000-03:00,,,False,
G-00023,generado_ia,2026-07-01,Becas Nutrirse,Becas Nutrirse Vianda,False,no_show,2026-07-01 08:08:46.488000-03:00,,,False,
G-00024,generado_ia,2026-07-01,Estudiantes,Estudiante de Grado,False,no_show,2026-07-01 08:09:59.772000-03:00,,,False,
G-00025,generado_ia,2026-07-01,Becas Nutrirse,Becas Nutrirse Vianda,False,no_show,2026-07-01 08:10:26.755000-03:00,,,False,
G-00026,generado_ia,2026-07-01,Estudiantes,Estudiante de Grado,False,no_show,2026-07-01 08:11:16.065000-03:00,,,False,
G-00027,generado_ia,2026-07-01,Estudiantes,Estudiante de Grado,False,no_show,2026-07-01 08:11:20.318000-03:00,,,False,
G-00028,generado_ia,2026-07-01,Estudiantes,Estudiante de Grado,False,no_show,2026-07-01 08:11:25.321000-03:00,,,False,
G-00029,generado_ia,2026-07-01,Estudiantes,Estudiante de Grado,False,no_show,2026-07-01 08:12:05.435000-03:00,,,False,
G-00030,generado_ia,2026-07-01,Becas Nutrirse,Becas Nutrirse Vianda,False,canceled,2026-07-01 08:12:31.039000-03:00,2026-07-01 08:25:30.442000-03:00,,False,
G-00031,generado_ia,2026-07-01,Estudiantes,Estudiante de Grado,False,canceled,2026-07-01 08:12:53.202000-03:00,2026-07-01 09:46:47.533000-03:00,,False,
G-00032,generado_ia,2026-07-01,Becas Nutrirse,Becas Nutrirse Vianda,False,canceled,2026-07-01 08:13:21.718000-03:00,2026-07-01 10:51:21.298000-03:00,,False,
G-00033,generado_ia,2026-07-01,Estudiantes,Estudiante de Grado,False,canceled,2026-07-01 08:14:26.643000-03:00,2026-07-01 09:36:25.810000-03:00,,False,
G-00034,generado_ia,2026-07-01,Becas Nutrirse,Becas Nutrirse Vianda,False,canceled,2026-07-01 08:15:20.936000-03:00,2026-07-01 09:06:40.786000-03:00,,False,
G-00035,generado_ia,2026-07-01,Estudiantes,Estudiante de Grado,False,no_show,2026-07-01 08:15:36.849000-03:00,,,False,
G-00036,generado_ia,2026-07-01,Becas Nutrirse,Becas Nutrirse Vianda,False,no_show,2026-07-01 08:15:57.432000-03:00,,,False,
G-00037,generado_ia,2026-07-01,Estudiantes,Estudiante de Grado,False,canceled,2026-07-01 08:16:25.747000-03:00,2026-07-01 10:58:58.992000-03:00,,False,
G-00038,generado_ia,2026-07-01,Estudiantes,Estudiante de Grado,False,no_show,2026-07-01 08:16:41.433000-03:00,,,False,
G-00039,generado_ia,2026-07-01,Becas Nutrirse,Becas Nutrirse Vianda,False,canceled,2026-07-01 08:17:03.536000-03:00,2026-07-01 09:26:50.204000-03:00,,False,
G-00040,generado_ia,2026-07-01,Estudiantes,Estudiante de Grado,False,no_show,2026-07-01 08:17:16.436000-03:00,,,False,
G-00041,generado_ia,2026-07-01,Becas Nutrirse,Becas Nutrirse Vianda,False,no_show,2026-07-01 08:17:44.032000-03:00,,,False,
G-00042,generado_ia,2026-07-01,Estudiantes,Estudiante de Grado,False,no_show,2026-07-01 08:18:46.023000-03:00,,,False,
G-00043,generado_ia,2026-07-01,Estudiantes,Estudiante de Grado,False,no_show,2026-07-01 08:19:07.176000-03:00,,,False,
G-00044,generado_ia,2026-07-01,Estudiantes,Estudiante de Grado,False,no_show,2026-07-01 08:22:07.663000-03:00,,,False,
G-00045,generado_ia,2026-07-01,Estudiantes,Estudiante de Grado,False,no_show,2026-07-01 08:23:22.576000-03:00,,,False,
G-00046,generado_ia,2026-07-01,Estudiantes,Estudiante de Grado,False,canceled,2026-07-01 08:24:54.910000-03:00,2026-07-01 09:15:15.130000-03:00,,False,
G-00047,generado_ia,2026-07-01,Estudiantes,Estudiante de Grado,False,no_show,2026-07-01 08:26:12.679000-03:00,,,False,
G-00048,generado_ia,2026-07-01,Estudiantes,Estudiante de Grado,False,no_show,2026-07-01 08:26:36.269000-03:00,,,False,
G-00049,generado_ia,2026-07-01,Estudiantes,Estudiante de Grado,False,no_show,2026-07-01 08:27:00.067000-03:00,,,False,
G-00050,generado_ia,2026-07-01,Estudiantes,Estudiante de Grado,False,canceled,2026-07-01 08:27:47.699000-03:00,2026-07-01 08:51:26.910000-03:00,,False,
G-00051,generado_ia,2026-07-01,Estudiantes,Estudiante de Grado,False,no_show,2026-07-01 08:28:40.452000-03:00,,,False,
G-00052,generado_ia,2026-07-01,Becas Nutrirse,Becas Nutrirse Vianda,False,canceled,2026-07-01 08:28:44.920000-03:00,2026-07-01 09:18:21.123000-03:00,,False,
G-00053,generado_ia,2026-07-01,Estudiantes,Estudiante de Grado,False,no_show,2026-07-01 08:29:01.777000-03:00,,,False,
G-00054,generado_ia,2026-07-01,Becas Nutrirse,Becas Nutrirse Vianda,False,no_show,2026-07-01 08:32:34.633000-03:00,,,False,
G-00055,generado_ia,2026-07-01,Estudiantes,Estudiante de Grado,False,canceled,2026-07-01 08:32:46.376000-03:00,2026-07-01 09:28:29.199000-03:00,,False,
G-00056,generado_ia,2026-07-01,Estudiantes,Estudiante de Grado,False,no_show,2026-07-01 08:33:24.443000-03:00,,,False,
G-00057,generado_ia,2026-07-01,Becas personal,Becas Docentes,False,no_show,2026-07-01 08:33:30.967000-03:00,,,False,
G-00058,generado_ia,2026-07-01,Estudiantes,Estudiante de Grado,False,canceled,2026-07-01 08:34:01.941000-03:00,2026-07-01 10:52:18.094000-03:00,,False,
G-00059,generado_ia,2026-07-01,Estudiantes,Estudiante de Grado sin TACC,True,no_show,2026-07-01 08:35:59.985000-03:00,,,False,
G-00060,generado_ia,2026-07-01,Becas personal,Becas Nodocentes,False,no_show,2026-07-01 08:37:26.311000-03:00,,,False,
G-00061,generado_ia,2026-07-01,Becas Nutrirse,Becas Nutrirse Vianda,False,canceled,2026-07-01 08:37:38.197000-03:00,2026-07-01 10:22:20.380000-03:00,,False,
G-00062,generado_ia,2026-07-01,Estudiantes,Estudiante de Grado,False,no_show,2026-07-01 08:40:28.979000-03:00,,,False,
G-00063,generado_ia,2026-07-01,Becas Nutrirse,Becas Nutrirse Vianda,False,canceled,2026-07-01 08:42:26.514000-03:00,2026-07-01 08:48:22.733000-03:00,,False,
G-00064,generado_ia,2026-07-01,Becas Nutrirse,Becas Nutrirse Vianda,False,no_show,2026-07-01 08:43:17.513000-03:00,,,False,
G-00065,generado_ia,2026-07-01,Becas personal,Becas Nodocentes,False,canceled,2026-07-01 08:43:41.485000-03:00,2026-07-01 10:31:38.641000-03:00,,False,
G-00066,generado_ia,2026-07-01,Estudiantes,Estudiante de Grado,False,no_show,2026-07-01 08:43:49.976000-03:00,,,False,
G-00067,generado_ia,2026-07-01,Becas Nutrirse,Becas Nutrirse Vianda,False,no_show,2026-07-01 08:46:00.779000-03:00,,,False,
G-00068,generado_ia,2026-07-01,Becas Nutrirse,Becas Nutrirse Vianda,False,no_show,2026-07-01 08:46:49.433000-03:00,,,False,
G-00069,generado_ia,2026-07-01,Estudiantes,Estudiante de Grado,False,no_show,2026-07-01 08:48:25.575000-03:00,,,False,
G-00070,generado_ia,2026-07-01,Estudiantes,Estudiante Preuniversitario Monserrat,False,no_show,2026-07-01 08:49:59.946000-03:00,,,False,
G-00071,generado_ia,2026-07-01,Estudiantes,Estudiante de Grado,False,canceled,2026-07-01 08:55:10.108000-03:00,2026-07-01 08:59:32.007000-03:00,,False,
G-00072,generado_ia,2026-07-01,Estudiantes,Estudiante de Grado,False,no_show,2026-07-01 08:56:37.008000-03:00,,,False,
G-00073,generado_ia,2026-07-01,Becas Nutrirse,Becas Nutrirse Vianda,False,canceled,2026-07-01 08:58:16.278000-03:00,2026-07-01 10:33:03.890000-03:00,,False,
G-00074,generado_ia,2026-07-01,Estudiantes,Estudiante de Grado,False,canceled,2026-07-01 09:02:14.438000-03:00,2026-07-01 10:10:57.190000-03:00,,False,
G-00075,generado_ia,2026-07-01,Estudiantes,Estudiante de Grado,False,no_show,2026-07-01 09:03:20.112000-03:00,,,False,
G-00076,generado_ia,2026-07-01,Estudiantes,Estudiante de Grado,False,no_show,2026-07-01 09:03:30.911000-03:00,,,False,
G-00077,generado_ia,2026-07-01,Estudiantes,Estudiante de Grado,False,canceled,2026-07-01 09:03:38.786000-03:00,2026-07-01 10:47:06.983000-03:00,,False,
G-00078,generado_ia,2026-07-01,Estudiantes,Estudiante de Grado,False,no_show,2026-07-01 09:04:29.212000-03:00,,,False,
G-00079,generado_ia,2026-07-01,Estudiantes,Estudiante de Grado,False,no_show,2026-07-01 09:04:57.752000-03:00,,,False,
G-00080,generado_ia,2026-07-01,Estudiantes,Estudiante de Grado,False,no_show,2026-07-01 09:08:36.177000-03:00,,,False,
G-00081,generado_ia,2026-07-01,Estudiantes,Estudiante de Grado,False,canceled,2026-07-01 09:14:04.407000-03:00,2026-07-01 10:26:39.597000-03:00,,False,
G-00082,generado_ia,2026-07-01,Estudiantes,Estudiante de Grado,False,no_show,2026-07-01 09:14:07.846000-03:00,,,False,
G-00083,generado_ia,2026-07-01,Estudiantes,Estudiante de Grado,False,no_show,2026-07-01 09:14:32.778000-03:00,,,False,
G-00084,generado_ia,2026-07-01,Estudiantes,Estudiante de Grado,False,canceled,2026-07-01 09:15:24.771000-03:00,2026-07-01 10:37:07.678000-03:00,,False,
G-00085,generado_ia,2026-07-01,Estudiantes,Estudiante de Grado,False,no_show,2026-07-01 09:19:33.171000-03:00,,,False,
G-00086,generado_ia,2026-07-01,Estudiantes,Estudiante de Grado,False,no_show,2026-07-01 09:19:45.858000-03:00,,,False,
G-00087,generado_ia,2026-07-01,Estudiantes,Estudiante de Grado,False,no_show,2026-07-01 09:19:49.320000-03:00,,,False,
G-00088,generado_ia,2026-07-01,Becas Nutrirse,Becas Nutrirse Vianda,False,canceled,2026-07-01 09:20:39.343000-03:00,2026-07-01 09:57:31.144000-03:00,,False,
G-00089,generado_ia,2026-07-01,Becas Nutrirse,Becas Nutrirse Vianda,False,no_show,2026-07-01 09:21:41.832000-03:00,,,False,
G-00090,generado_ia,2026-07-01,Estudiantes,Estudiante de Grado,False,no_show,2026-07-01 09:24:22.121000-03:00,,,False,
G-00091,generado_ia,2026-07-01,Estudiantes,Estudiante de Grado,False,no_show,2026-07-01 09:24:42.914000-03:00,,,False,
G-00092,generado_ia,2026-07-01,Estudiantes,Estudiante de Grado,False,no_show,2026-07-01 09:25:03.328000-03:00,,,False,
G-00093,generado_ia,2026-07-01,Estudiantes,Estudiante de Grado,False,no_show,2026-07-01 09:25:26.365000-03:00,,,False,
G-00094,generado_ia,2026-07-01,Estudiantes,Estudiante de Grado,False,no_show,2026-07-01 09:26:05.946000-03:00,,,False,
G-00095,generado_ia,2026-07-01,Estudiantes,Estudiante de Grado,False,no_show,2026-07-01 09:26:49.727000-03:00,,,False,
G-00096,generado_ia,2026-07-01,Becas Nutrirse,Becas Nutrirse Vianda,False,no_show,2026-07-01 09:35:13.554000-03:00,,,False,
G-00097,generado_ia,2026-07-01,Estudiantes,Estudiante de Grado,False,no_show,2026-07-01 09:37:47.361000-03:00,,,False,
G-00098,generado_ia,2026-07-01,Becas Nutrirse,Becas Nutrirse Vianda,False,no_show,2026-07-01 09:39:38.165000-03:00,,,False,
G-00099,generado_ia,2026-07-01,Estudiantes,Estudiante de Grado sin TACC,True,no_show,2026-07-01 09:40:11.461000-03:00,,,False,
G-00100,generado_ia,2026-07-01,Becas Nutrirse,Becas Nutrirse Vianda,False,canceled,2026-07-01 09:42:17.568000-03:00,2026-07-01 10:31:07.985000-03:00,,False,
G-00101,generado_ia,2026-07-01,Becas Nutrirse,Becas Nutrirse Vianda,False,no_show,2026-07-01 09:44:22.652000-03:00,,,False,
G-00102,generado_ia,2026-07-01,Becas Nutrirse,Becas Nutrirse Vianda,False,canceled,2026-07-01 09:44:39.720000-03:00,2026-07-01 10:56:56.003000-03:00,,False,
G-00103,generado_ia,2026-07-01,Becas Nutrirse,Becas Nutrirse Vianda,False,canceled,2026-07-01 09:46:08.147000-03:00,2026-07-01 10:36:14.669000-03:00,,False,
G-00104,generado_ia,2026-07-01,Personal,Docente,False,no_show,2026-07-01 09:46:12.296000-03:00,,,False,
G-00105,generado_ia,2026-07-01,Becas Nutrirse,Becas Nutrirse Vianda,False,canceled,2026-07-01 09:53:36.942000-03:00,2026-07-01 10:05:22.217000-03:00,,False,
G-00106,generado_ia,2026-07-01,Becas Nutrirse,Becas Nutrirse Vianda,False,no_show,2026-07-01 09:55:08.312000-03:00,,,False,
G-00107,generado_ia,2026-07-01,Becas personal,Becas Nodocentes,False,no_show,2026-07-01 09:57:28.688000-03:00,,,False,
G-00108,generado_ia,2026-07-01,Becas personal,Becas Nodocentes,False,no_show,2026-07-01 09:58:34.164000-03:00,,,False,
G-00109,generado_ia,2026-07-01,Becas Nutrirse,Becas Nutrirse Vianda,False,no_show,2026-07-01 10:01:09.362000-03:00,,,False,
G-00110,generado_ia,2026-07-01,Becas Nutrirse,Becas Nutrirse Vianda,False,canceled,2026-07-01 10:10:57.587000-03:00,2026-07-01 10:25:28.486000-03:00,,False,
G-00111,generado_ia,2026-07-01,Becas Nutrirse,Becas Nutrirse Vianda,False,canceled,2026-07-01 10:13:16-03:00,2026-07-01 10:59:31.796000-03:00,,False,
G-00112,generado_ia,2026-07-01,Becas Nutrirse,Becas Nutrirse Vianda,False,canceled,2026-07-01 10:31:35.749000-03:00,2026-07-01 10:57:20.840000-03:00,,False,
G-00113,generado_ia,2026-07-01,Estudiantes,Estudiante de Grado,False,no_show,2026-07-01 10:33:47.437000-03:00,,,False,
G-00114,generado_ia,2026-07-01,Becas Nutrirse,Becas Nutrirse Vianda,False,canceled,2026-07-01 10:34:02.547000-03:00,2026-07-01 10:48:59.186000-03:00,,False,
G-00115,generado_ia,2026-07-01,Becas Nutrirse,Becas Nutrirse Vianda,False,no_show,2026-07-01 10:44:39.133000-03:00,,,False,
G-00116,generado_ia,2026-07-01,Becas Nutrirse,Becas Nutrirse Vianda,False,no_show,2026-07-01 10:46:57.558000-03:00,,,False,
G-00117,generado_ia,2026-07-01,Estudiantes,Estudiante de Grado,False,no_show,2026-07-01 10:49:34.278000-03:00,,,False,
G-00118,generado_ia,2026-07-01,Estudiantes,Estudiante de Grado,False,canceled,2026-07-01 10:49:59.440000-03:00,2026-07-01 10:55:46.614000-03:00,,False,
G-00119,generado_ia,2026-07-01,Estudiantes,Estudiante de Grado,False,no_show,2026-07-01 10:50:14.286000-03:00,,,False,
G-00120,generado_ia,2026-07-01,Estudiantes,Estudiante de Grado,False,canceled,2026-07-01 10:50:30.025000-03:00,2026-07-01 10:55:13.762000-03:00,,False,
G-00121,generado_ia,2026-07-01,Estudiantes,Estudiante de Grado,False,canceled,2026-07-01 10:50:33.554000-03:00,2026-07-01 10:58:44.930000-03:00,,False,
G-00122,generado_ia,2026-07-01,Estudiantes,Estudiante de Grado,False,canceled,2026-07-01 10:50:34.199000-03:00,2026-07-01 10:55:19.795000-03:00,,False,
G-00123,generado_ia,2026-07-01,Estudiantes,Estudiante de Grado,False,no_show,2026-07-01 10:51:20.503000-03:00,,,False,
G-00124,generado_ia,2026-07-01,Estudiantes,Estudiante de Grado,False,no_show,2026-07-01 10:51:49.386000-03:00,,,False,
G-00125,generado_ia,2026-07-01,Estudiantes,Estudiante de Grado,False,canceled,2026-07-01 10:52:41.513000-03:00,2026-07-01 10:54:17.557000-03:00,,False,
G-00126,generado_ia,2026-07-01,Estudiantes,Estudiante de Grado,False,canceled,2026-07-01 10:52:41.797000-03:00,2026-07-01 10:53:01.264000-03:00,,False,
G-00127,generado_ia,2026-07-01,Becas Nutrirse,Becas Nutrirse Vianda,False,no_show,2026-07-01 10:54:53.709000-03:00,,,False,
G-00128,generado_ia,2026-07-01,Becas Nutrirse,Becas Nutrirse Vianda,False,no_show,2026-07-01 10:55:40-03:00,,,False,
G-00129,generado_ia,2026-07-01,Estudiantes,Estudiante de Grado,False,canceled,2026-07-01 10:55:53.681000-03:00,2026-07-01 10:57:27.634000-03:00,,False,
G-00130,generado_ia,2026-07-01,Estudiantes,Estudiante de Grado,False,no_show,2026-07-01 10:58:14.130000-03:00,,,False,
G-00131,generado_ia,2026-07-01,Estudiantes,Estudiante de Grado,False,no_show,2026-07-01 12:20:08.390000-03:00,,,False,
G-00132,generado_ia,2026-07-02,Estudiantes,Estudiante de Grado,False,no_show,2026-07-02 08:00:21.834000-03:00,,,False,
G-00133,generado_ia,2026-07-02,Estudiantes,Estudiante de Grado,False,no_show,2026-07-02 08:00:36.345000-03:00,,,False,
G-00134,generado_ia,2026-07-02,Becas Nutrirse,Becas Nutrirse Vianda,False,canceled,2026-07-02 08:00:50.033000-03:00,2026-07-02 08:13:16.616000-03:00,,False,
G-00135,generado_ia,2026-07-02,Becas personal,Becas Nodocentes,False,no_show,2026-07-02 08:01:23.481000-03:00,,,False,
G-00136,generado_ia,2026-07-02,Estudiantes,Estudiante de Grado,False,no_show,2026-07-02 08:01:43.403000-03:00,,,False,
G-00137,generado_ia,2026-07-02,Estudiantes,Estudiante de Grado,False,no_show,2026-07-02 08:01:44.847000-03:00,,,False,
G-00138,generado_ia,2026-07-02,Becas Nutrirse,Becas Nutrirse Vianda,False,canceled,2026-07-02 08:02:28.537000-03:00,2026-07-02 09:01:43.117000-03:00,,False,
G-00139,generado_ia,2026-07-02,Estudiantes,Estudiante de Grado,False,no_show,2026-07-02 08:02:55.566000-03:00,,,False,
G-00140,generado_ia,2026-07-02,Becas Nutrirse,Becas Nutrirse Vianda,False,canceled,2026-07-02 08:03:02.172000-03:00,2026-07-02 09:35:02.595000-03:00,,False,
G-00141,generado_ia,2026-07-02,Estudiantes,Estudiante de Grado,False,no_show,2026-07-02 08:04:13.841000-03:00,,,False,
G-00142,generado_ia,2026-07-02,Estudiantes,Estudiante de Grado,False,canceled,2026-07-02 08:04:26.587000-03:00,2026-07-02 09:04:55.051000-03:00,,False,
G-00143,generado_ia,2026-07-02,Becas Nutrirse,Becas Nutrirse Vianda,False,no_show,2026-07-02 08:05:47.645000-03:00,,,False,
G-00144,generado_ia,2026-07-02,Becas personal,Becas Nodocentes,False,no_show,2026-07-02 08:06:11.756000-03:00,,,False,
G-00145,generado_ia,2026-07-02,Becas personal,Becas Nodocentes,False,no_show,2026-07-02 08:06:33.715000-03:00,,,False,
G-00146,generado_ia,2026-07-02,Becas personal,Becas Nodocentes,False,no_show,2026-07-02 08:07:04.967000-03:00,,,False,
G-00147,generado_ia,2026-07-02,Becas Nutrirse,Becas Nutrirse Vianda,False,no_show,2026-07-02 08:07:18.368000-03:00,,,False,
G-00148,generado_ia,2026-07-02,Estudiantes,Estudiante de Grado,False,no_show,2026-07-02 08:08:27.086000-03:00,,,False,
G-00149,generado_ia,2026-07-02,Estudiantes,Estudiante de Grado,False,no_show,2026-07-02 08:09:00.943000-03:00,,,False,
G-00150,generado_ia,2026-07-02,Becas Nutrirse,Becas Nutrirse Vianda,False,no_show,2026-07-02 08:09:58.106000-03:00,,,False,
G-00151,generado_ia,2026-07-02,Estudiantes,Estudiante de Grado,False,no_show,2026-07-02 08:12:45.150000-03:00,,,False,
G-00152,generado_ia,2026-07-02,Estudiantes,Estudiante de Grado,False,no_show,2026-07-02 08:13:04.977000-03:00,,,False,
G-00153,generado_ia,2026-07-02,Becas Nutrirse,Becas Nutrirse Vianda,False,canceled,2026-07-02 08:13:30.247000-03:00,2026-07-02 09:20:46.070000-03:00,,False,
G-00154,generado_ia,2026-07-02,Becas personal,Becas Nodocentes,False,no_show,2026-07-02 08:13:54.631000-03:00,,,False,
G-00155,generado_ia,2026-07-02,Estudiantes,Estudiante de Grado,False,no_show,2026-07-02 08:14:00.309000-03:00,,,False,
G-00156,generado_ia,2026-07-02,Becas Nutrirse,Becas Nutrirse Vianda,False,no_show,2026-07-02 08:14:39.197000-03:00,,,False,
G-00157,generado_ia,2026-07-02,Estudiantes,Estudiante de Grado,False,no_show,2026-07-02 08:18:08.756000-03:00,,,False,
G-00158,generado_ia,2026-07-02,Estudiantes,Estudiante de Grado,False,canceled,2026-07-02 08:21:23.808000-03:00,2026-07-02 10:49:21.173000-03:00,,False,
G-00159,generado_ia,2026-07-02,Estudiantes,Estudiante de Grado,False,no_show,2026-07-02 08:22:28.918000-03:00,,,False,
G-00160,generado_ia,2026-07-02,Estudiantes,Estudiante de Grado,False,no_show,2026-07-02 08:24:13.906000-03:00,,,False,
G-00161,generado_ia,2026-07-02,Estudiantes,Estudiante de Grado,False,no_show,2026-07-02 08:27:01.437000-03:00,,,False,
G-00162,generado_ia,2026-07-02,Estudiantes,Estudiante de Grado sin TACC,True,no_show,2026-07-02 08:27:11.939000-03:00,,,False,
G-00163,generado_ia,2026-07-02,Estudiantes,Estudiante de Grado,False,no_show,2026-07-02 08:29:13.074000-03:00,,,False,
G-00164,generado_ia,2026-07-02,Estudiantes,Estudiante de Grado,False,no_show,2026-07-02 08:30:08.668000-03:00,,,False,
G-00165,generado_ia,2026-07-02,Becas Nutrirse,Becas Nutrirse Vianda,False,canceled,2026-07-02 08:31:46.589000-03:00,2026-07-02 09:41:24.906000-03:00,,False,
G-00166,generado_ia,2026-07-02,Estudiantes,Estudiante de Grado,False,no_show,2026-07-02 08:33:38.190000-03:00,,,False,
G-00167,generado_ia,2026-07-02,Becas personal,Becas Nodocentes,False,no_show,2026-07-02 08:34:11.932000-03:00,,,False,
G-00168,generado_ia,2026-07-02,Estudiantes,Estudiante de Grado,False,no_show,2026-07-02 08:35:46.702000-03:00,,,False,
G-00169,generado_ia,2026-07-02,Estudiantes,Estudiante de Grado,False,no_show,2026-07-02 08:37:13.040000-03:00,,,False,
G-00170,generado_ia,2026-07-02,Estudiantes,Estudiante de Grado,False,canceled,2026-07-02 08:37:55.740000-03:00,2026-07-02 08:41:37.648000-03:00,,False,
G-00171,generado_ia,2026-07-02,Estudiantes,Estudiante de Grado,False,no_show,2026-07-02 08:39:47.942000-03:00,,,False,
G-00172,generado_ia,2026-07-02,Estudiantes,Estudiante de Grado,False,no_show,2026-07-02 08:40:18.679000-03:00,,,False,
G-00173,generado_ia,2026-07-02,Estudiantes,Estudiante de Grado,False,no_show,2026-07-02 08:40:53.754000-03:00,,,False,
G-00174,generado_ia,2026-07-02,Estudiantes,Estudiante de Grado,False,canceled,2026-07-02 08:40:59.770000-03:00,2026-07-02 09:45:15.868000-03:00,,False,
G-00175,generado_ia,2026-07-02,Becas Nutrirse,Becas Nutrirse Vianda,False,canceled,2026-07-02 08:42:52.186000-03:00,2026-07-02 09:57:17.333000-03:00,,False,
G-00176,generado_ia,2026-07-02,Estudiantes,Estudiante de Grado,False,canceled,2026-07-02 08:43:51.885000-03:00,2026-07-02 10:44:04.513000-03:00,,False,
G-00177,generado_ia,2026-07-02,Becas Nutrirse,Becas Nutrirse Vianda,False,no_show,2026-07-02 08:44:30.069000-03:00,,,False,
G-00178,generado_ia,2026-07-02,Estudiantes,Estudiante de Grado,False,no_show,2026-07-02 08:46:35.717000-03:00,,,False,
G-00179,generado_ia,2026-07-02,Estudiantes,Estudiante de Grado,False,no_show,2026-07-02 08:47:23.988000-03:00,,,False,
G-00180,generado_ia,2026-07-02,Estudiantes,Estudiante de Grado,False,no_show,2026-07-02 08:47:47.089000-03:00,,,False,
G-00181,generado_ia,2026-07-02,Becas Nutrirse,Becas Nutrirse Vianda,False,canceled,2026-07-02 08:47:52.057000-03:00,2026-07-02 09:06:56.365000-03:00,,False,
G-00182,generado_ia,2026-07-02,Becas personal,Becas Nodocentes,False,canceled,2026-07-02 08:50:14.719000-03:00,2026-07-02 09:32:55.153000-03:00,,False,
G-00183,generado_ia,2026-07-02,Estudiantes,Estudiante de Grado,False,no_show,2026-07-02 08:50:18.495000-03:00,,,False,
G-00184,generado_ia,2026-07-02,Estudiantes,Estudiante de Grado,False,no_show,2026-07-02 08:50:44.922000-03:00,,,False,
G-00185,generado_ia,2026-07-02,Estudiantes,Estudiante de Grado,False,no_show,2026-07-02 08:55:00.572000-03:00,,,False,
G-00186,generado_ia,2026-07-02,Becas Nutrirse,Becas Nutrirse Vianda,False,canceled,2026-07-02 08:56:13.667000-03:00,2026-07-02 10:24:32.536000-03:00,,False,
G-00187,generado_ia,2026-07-02,Becas Nutrirse,Becas Nutrirse Vianda,False,canceled,2026-07-02 09:04:43.395000-03:00,2026-07-02 09:44:57.174000-03:00,,False,
G-00188,generado_ia,2026-07-02,Estudiantes,Estudiante de Grado,False,no_show,2026-07-02 09:04:47.014000-03:00,,,False,
G-00189,generado_ia,2026-07-02,Estudiantes,Estudiante de Grado,False,no_show,2026-07-02 09:06:28.816000-03:00,,,False,
G-00190,generado_ia,2026-07-02,Estudiantes,Estudiante de Grado,False,canceled,2026-07-02 09:09:28.259000-03:00,2026-07-02 09:36:48.982000-03:00,,False,
G-00191,generado_ia,2026-07-02,Becas Nutrirse,Becas Nutrirse Vianda,False,no_show,2026-07-02 09:09:36.864000-03:00,,,False,
G-00192,generado_ia,2026-07-02,Estudiantes,Estudiante de Grado,False,no_show,2026-07-02 09:17:05.404000-03:00,,,False,
G-00193,generado_ia,2026-07-02,Becas Nutrirse,Becas Nutrirse Vianda,False,no_show,2026-07-02 09:17:55.761000-03:00,,,False,
G-00194,generado_ia,2026-07-02,Estudiantes,Estudiante de Grado,False,no_show,2026-07-02 09:18:00.020000-03:00,,,False,
G-00195,generado_ia,2026-07-02,Becas Nutrirse,Becas Nutrirse Vianda,False,no_show,2026-07-02 09:18:19.040000-03:00,,,False,
G-00196,generado_ia,2026-07-02,Estudiantes,Estudiante de Grado,False,no_show,2026-07-02 09:18:22.284000-03:00,,,False,
G-00197,generado_ia,2026-07-02,Becas Nutrirse,Becas Nutrirse Vianda,False,canceled,2026-07-02 09:19:51.557000-03:00,2026-07-02 09:40:27.948000-03:00,,False,
G-00198,generado_ia,2026-07-02,Estudiantes,Estudiante de Grado,False,no_show,2026-07-02 09:33:24.140000-03:00,,,False,
G-00199,generado_ia,2026-07-02,Estudiantes,Estudiante de Grado,False,no_show,2026-07-02 09:33:44.358000-03:00,,,False,
G-00200,generado_ia,2026-07-02,Estudiantes,Estudiante de Grado,False,no_show,2026-07-02 09:38:41.953000-03:00,,,False,
G-00201,generado_ia,2026-07-02,Estudiantes,Estudiante de Grado,False,no_show,2026-07-02 09:40:51.103000-03:00,,,False,
G-00202,generado_ia,2026-07-02,Estudiantes,Estudiante de Grado,False,no_show,2026-07-02 09:43:47.289000-03:00,,,False,
G-00203,generado_ia,2026-07-02,Becas Nutrirse,Becas Nutrirse Vianda,False,no_show,2026-07-02 09:45:34.151000-03:00,,,False,
G-00204,generado_ia,2026-07-02,Becas personal,Becas Nodocentes,False,canceled,2026-07-02 09:52:51.738000-03:00,2026-07-02 10:25:23.654000-03:00,,False,
G-00205,generado_ia,2026-07-02,Estudiantes,Estudiante de Grado,False,canceled,2026-07-02 09:55:36.659000-03:00,2026-07-02 10:00:38.041000-03:00,,False,
G-00206,generado_ia,2026-07-02,Estudiantes,Estudiante de Grado,False,canceled,2026-07-02 09:55:36.885000-03:00,2026-07-02 10:47:32.895000-03:00,,False,
G-00207,generado_ia,2026-07-02,Becas Nutrirse,Becas Nutrirse Vianda,False,canceled,2026-07-02 10:00:14.717000-03:00,2026-07-02 10:34:36.686000-03:00,,False,
G-00208,generado_ia,2026-07-02,Becas Nutrirse,Becas Nutrirse Vianda,False,no_show,2026-07-02 10:00:30.210000-03:00,,,False,
G-00209,generado_ia,2026-07-02,Estudiantes,Estudiante de Grado,False,canceled,2026-07-02 10:01:00.775000-03:00,2026-07-02 10:37:00.033000-03:00,,False,
G-00210,generado_ia,2026-07-02,Becas Nutrirse,Becas Nutrirse Vianda,False,no_show,2026-07-02 10:01:50.619000-03:00,,,False,
G-00211,generado_ia,2026-07-02,Estudiantes,Estudiante de Grado,False,no_show,2026-07-02 10:05:14.580000-03:00,,,False,
G-00212,generado_ia,2026-07-02,Becas Nutrirse,Becas Nutrirse Vianda,False,no_show,2026-07-02 10:05:26.568000-03:00,,,False,
G-00213,generado_ia,2026-07-02,Becas personal,Becas Nodocentes,False,no_show,2026-07-02 10:09:27.601000-03:00,,,False,
G-00214,generado_ia,2026-07-02,Estudiantes,Estudiante de Grado,False,no_show,2026-07-02 10:12:30.513000-03:00,,,False,
G-00215,generado_ia,2026-07-02,Estudiantes,Estudiante de Grado,False,no_show,2026-07-02 10:13:44.399000-03:00,,,False,
G-00216,generado_ia,2026-07-02,Estudiantes,Estudiante de Grado,False,no_show,2026-07-02 10:15:46.332000-03:00,,,False,
G-00217,generado_ia,2026-07-02,Becas Nutrirse,Becas Nutrirse Vianda,False,canceled,2026-07-02 10:29:00.580000-03:00,2026-07-02 10:35:11.265000-03:00,,False,
G-00218,generado_ia,2026-07-02,Estudiantes,Estudiante de Grado,False,no_show,2026-07-02 10:34:18.042000-03:00,,,False,
G-00219,generado_ia,2026-07-02,Estudiantes,Estudiante de Grado,False,no_show,2026-07-02 10:36:28.979000-03:00,,,False,
G-00220,generado_ia,2026-07-02,Estudiantes,Estudiante de Grado,False,canceled,2026-07-02 10:38:15.666000-03:00,2026-07-02 10:51:45.646000-03:00,,False,
G-00221,generado_ia,2026-07-02,Estudiantes,Estudiante de Grado,False,no_show,2026-07-02 10:45:25.131000-03:00,,,False,
G-00222,generado_ia,2026-07-02,Estudiantes,Estudiante de Grado,False,no_show,2026-07-02 10:45:27.462000-03:00,,,False,
G-00223,generado_ia,2026-07-02,Becas Nutrirse,Becas Nutrirse Vianda,False,no_show,2026-07-02 10:46:33.303000-03:00,,,False,
G-00224,generado_ia,2026-07-02,Becas Nutrirse,Becas Nutrirse Vianda,False,canceled,2026-07-02 10:48:06.834000-03:00,2026-07-02 10:48:27.535000-03:00,,False,
G-00225,generado_ia,2026-07-02,Becas Nutrirse,Becas Nutrirse Vianda,False,canceled,2026-07-02 10:49:18.587000-03:00,2026-07-02 10:57:18.130000-03:00,,False,
G-00226,generado_ia,2026-07-02,Estudiantes,Estudiante de Grado,False,canceled,2026-07-02 10:55:16.168000-03:00,2026-07-02 10:56:42.678000-03:00,,False,
G-00227,generado_ia,2026-07-02,Becas Nutrirse,Becas Nutrirse Vianda,False,canceled,2026-07-02 10:56:26.652000-03:00,2026-07-02 10:56:54.381000-03:00,,False,
G-00228,generado_ia,2026-07-03,Becas Nutrirse,Becas Nutrirse Vianda,False,no_show,2026-07-03 08:00:41.978000-03:00,,,False,
G-00229,generado_ia,2026-07-03,Becas Nutrirse,Becas Nutrirse Vianda,False,no_show,2026-07-03 08:00:49.323000-03:00,,,False,
G-00230,generado_ia,2026-07-03,Becas Nutrirse,Becas Nutrirse Vianda,False,no_show,2026-07-03 08:01:01.785000-03:00,,,False,
G-00231,generado_ia,2026-07-03,Becas Nutrirse,Becas Nutrirse Vianda,False,no_show,2026-07-03 08:01:12.979000-03:00,,,False,
G-00232,generado_ia,2026-07-03,Becas Nutrirse,Becas Nutrirse Vianda,False,no_show,2026-07-03 08:01:16.884000-03:00,,,False,
G-00233,generado_ia,2026-07-03,Estudiantes,Estudiante de Grado,False,canceled,2026-07-03 08:01:17.414000-03:00,2026-07-03 09:24:20.170000-03:00,,False,
G-00234,generado_ia,2026-07-03,Estudiantes,Estudiante de Grado,False,no_show,2026-07-03 08:01:27.938000-03:00,,,False,
G-00235,generado_ia,2026-07-03,Becas Nutrirse,Becas Nutrirse Vianda,False,canceled,2026-07-03 08:01:52.180000-03:00,2026-07-03 08:24:11.148000-03:00,,False,
G-00236,generado_ia,2026-07-03,Estudiantes,Estudiante de Grado,False,no_show,2026-07-03 08:02:00.468000-03:00,,,False,
G-00237,generado_ia,2026-07-03,Estudiantes,Estudiante de Grado,False,canceled,2026-07-03 08:02:31.187000-03:00,2026-07-03 09:51:52.195000-03:00,,False,
G-00238,generado_ia,2026-07-03,Estudiantes,Estudiante de Grado,False,no_show,2026-07-03 08:02:35.876000-03:00,,,False,
G-00239,generado_ia,2026-07-03,Estudiantes,Estudiante de Grado,False,no_show,2026-07-03 08:03:13.825000-03:00,,,False,
G-00240,generado_ia,2026-07-03,Estudiantes,Estudiante de Grado,False,no_show,2026-07-03 08:03:14.578000-03:00,,,False,
G-00241,generado_ia,2026-07-03,Becas Nutrirse,Becas Nutrirse Vianda,False,no_show,2026-07-03 08:04:17.213000-03:00,,,False,
G-00242,generado_ia,2026-07-03,Estudiantes,Estudiante de Grado,False,no_show,2026-07-03 08:04:26.500000-03:00,,,False,
G-00243,generado_ia,2026-07-03,Estudiantes,Estudiante de Grado,False,canceled,2026-07-03 08:04:57.076000-03:00,2026-07-03 08:57:57.133000-03:00,,False,
G-00244,generado_ia,2026-07-03,Estudiantes,Estudiante de Grado,False,no_show,2026-07-03 08:05:13.824000-03:00,,,False,
G-00245,generado_ia,2026-07-03,Becas Nutrirse,Becas Nutrirse Vianda,False,no_show,2026-07-03 08:05:23.258000-03:00,,,False,
G-00246,generado_ia,2026-07-03,Estudiantes,Estudiante de Grado,False,canceled,2026-07-03 08:05:44.679000-03:00,2026-07-03 10:19:57.663000-03:00,,False,
G-00247,generado_ia,2026-07-03,Becas Nutrirse,Becas Nutrirse Vianda,False,no_show,2026-07-03 08:06:08.353000-03:00,,,False,
G-00248,generado_ia,2026-07-03,Estudiantes,Estudiante de Grado,False,no_show,2026-07-03 08:07:09.126000-03:00,,,False,
G-00249,generado_ia,2026-07-03,Estudiantes,Estudiante de Grado,False,canceled,2026-07-03 08:08:54.205000-03:00,2026-07-03 10:25:50.946000-03:00,,False,
G-00250,generado_ia,2026-07-03,Estudiantes,Estudiante de Grado,False,no_show,2026-07-03 08:09:13.312000-03:00,,,False,
G-00251,generado_ia,2026-07-03,Estudiantes,Estudiante de Grado,False,canceled,2026-07-03 08:09:24.133000-03:00,2026-07-03 08:22:04.759000-03:00,,False,
G-00252,generado_ia,2026-07-03,Estudiantes,Estudiante de Grado,False,no_show,2026-07-03 08:09:34.132000-03:00,,,False,
G-00253,generado_ia,2026-07-03,Becas Nutrirse,Becas Nutrirse Vianda,False,canceled,2026-07-03 08:09:40.403000-03:00,2026-07-03 10:30:47.474000-03:00,,False,
G-00254,generado_ia,2026-07-03,Estudiantes,Estudiante de Grado,False,no_show,2026-07-03 08:11:47.131000-03:00,,,False,
G-00255,generado_ia,2026-07-03,Estudiantes,Estudiante de Grado,False,no_show,2026-07-03 08:11:59.592000-03:00,,,False,
G-00256,generado_ia,2026-07-03,Becas Nutrirse,Becas Nutrirse Vianda,False,canceled,2026-07-03 08:12:41.717000-03:00,2026-07-03 10:10:34.921000-03:00,,False,
G-00257,generado_ia,2026-07-03,Estudiantes,Estudiante de Grado,False,canceled,2026-07-03 08:13:34.049000-03:00,2026-07-03 10:13:17.640000-03:00,,False,
G-00258,generado_ia,2026-07-03,Becas Nutrirse,Becas Nutrirse Vianda,False,no_show,2026-07-03 08:13:52.383000-03:00,,,False,
G-00259,generado_ia,2026-07-03,Estudiantes,Estudiante de Grado,False,canceled,2026-07-03 08:14:26.483000-03:00,2026-07-03 10:19:25.948000-03:00,,False,
G-00260,generado_ia,2026-07-03,Becas Nutrirse,Becas Nutrirse Vianda,False,canceled,2026-07-03 08:15:34.077000-03:00,2026-07-03 10:39:14.757000-03:00,,False,
G-00261,generado_ia,2026-07-03,Estudiantes,Estudiante de Grado,False,no_show,2026-07-03 08:16:23.488000-03:00,,,False,
G-00262,generado_ia,2026-07-03,Becas personal,Becas Nodocentes,False,canceled,2026-07-03 08:19:24.385000-03:00,2026-07-03 10:58:04.384000-03:00,,False,
G-00263,generado_ia,2026-07-03,Estudiantes,Estudiante de Grado,False,no_show,2026-07-03 08:19:34.891000-03:00,,,False,
G-00264,generado_ia,2026-07-03,Becas Nutrirse,Becas Nutrirse Vianda,False,no_show,2026-07-03 08:20:27.983000-03:00,,,False,
G-00265,generado_ia,2026-07-03,Becas Nutrirse,Becas Nutrirse Vianda,False,no_show,2026-07-03 08:20:58.724000-03:00,,,False,
G-00266,generado_ia,2026-07-03,Estudiantes,Estudiante de Grado,False,canceled,2026-07-03 08:21:23.849000-03:00,2026-07-03 09:55:19.135000-03:00,,False,
G-00267,generado_ia,2026-07-03,Estudiantes,Estudiante de Grado,False,no_show,2026-07-03 08:21:59.921000-03:00,,,False,
G-00268,generado_ia,2026-07-03,Estudiantes,Estudiante de Grado,False,no_show,2026-07-03 08:23:00.713000-03:00,,,False,
G-00269,generado_ia,2026-07-03,Estudiantes,Estudiante de Grado,False,no_show,2026-07-03 08:24:50.228000-03:00,,,False,
G-00270,generado_ia,2026-07-03,Personal,Docente,False,no_show,2026-07-03 08:25:50.707000-03:00,,,False,
G-00271,generado_ia,2026-07-03,Estudiantes,Estudiante de Grado,False,no_show,2026-07-03 08:26:03.887000-03:00,,,False,
G-00272,generado_ia,2026-07-03,Estudiantes,Estudiante de Grado,False,no_show,2026-07-03 08:26:32.687000-03:00,,,False,
G-00273,generado_ia,2026-07-03,Becas Nutrirse,Becas Nutrirse Vianda,False,no_show,2026-07-03 08:27:36.460000-03:00,,,False,
G-00274,generado_ia,2026-07-03,Becas Nutrirse,Becas Nutrirse Vianda,False,no_show,2026-07-03 08:28:54.171000-03:00,,,False,
G-00275,generado_ia,2026-07-03,Estudiantes,Estudiante de Grado,False,no_show,2026-07-03 08:30:32.331000-03:00,,,False,
G-00276,generado_ia,2026-07-03,Estudiantes,Estudiante de Grado,False,no_show,2026-07-03 08:31:36.408000-03:00,,,False,
G-00277,generado_ia,2026-07-03,Estudiantes,Estudiante de Grado,False,no_show,2026-07-03 08:33:30.915000-03:00,,,False,
G-00278,generado_ia,2026-07-03,Becas Nutrirse,Becas Nutrirse Vianda,False,no_show,2026-07-03 08:36:31.868000-03:00,,,False,
G-00279,generado_ia,2026-07-03,Becas Nutrirse,Becas Nutrirse Vianda,False,no_show,2026-07-03 08:36:35.256000-03:00,,,False,
G-00280,generado_ia,2026-07-03,Becas Nutrirse,Becas Nutrirse Vianda,False,canceled,2026-07-03 08:39:00.678000-03:00,2026-07-03 10:26:29.945000-03:00,,False,
G-00281,generado_ia,2026-07-03,Estudiantes,Estudiante de Grado,False,canceled,2026-07-03 08:48:11.051000-03:00,2026-07-03 09:48:39.164000-03:00,,False,
G-00282,generado_ia,2026-07-03,Estudiantes,Estudiante de Grado sin TACC,True,no_show,2026-07-03 08:51:03.390000-03:00,,,False,
G-00283,generado_ia,2026-07-03,Estudiantes,Estudiante de Grado,False,canceled,2026-07-03 08:56:33.527000-03:00,2026-07-03 09:33:24.365000-03:00,,False,
G-00284,generado_ia,2026-07-03,Estudiantes,Estudiante de Grado,False,no_show,2026-07-03 08:57:41.420000-03:00,,,False,
G-00285,generado_ia,2026-07-03,Estudiantes,Estudiante de Grado,False,no_show,2026-07-03 08:57:57.286000-03:00,,,False,
G-00286,generado_ia,2026-07-03,Estudiantes,Estudiante de Grado,False,no_show,2026-07-03 08:59:40.483000-03:00,,,False,
G-00287,generado_ia,2026-07-03,Becas Nutrirse,Becas Nutrirse Vianda,False,no_show,2026-07-03 09:04:00.142000-03:00,,,False,
G-00288,generado_ia,2026-07-03,Becas Nutrirse,Becas Nutrirse Vianda,False,canceled,2026-07-03 09:07:24.612000-03:00,2026-07-03 09:27:44.239000-03:00,,False,
G-00289,generado_ia,2026-07-03,Estudiantes,Estudiante de Grado,False,no_show,2026-07-03 09:07:38.055000-03:00,,,False,
G-00290,generado_ia,2026-07-03,Estudiantes,Estudiante de Grado,False,canceled,2026-07-03 09:08:04.154000-03:00,2026-07-03 10:30:40.586000-03:00,,False,
G-00291,generado_ia,2026-07-03,Estudiantes,Estudiante de Grado,False,canceled,2026-07-03 09:11:34.436000-03:00,2026-07-03 10:56:49.043000-03:00,,False,
G-00292,generado_ia,2026-07-03,Estudiantes,Estudiante de Grado,False,no_show,2026-07-03 09:12:02.285000-03:00,,,False,
G-00293,generado_ia,2026-07-03,Becas personal,Becas Docentes,False,no_show,2026-07-03 09:15:14.765000-03:00,,,False,
G-00294,generado_ia,2026-07-03,Estudiantes,Estudiante de Grado,False,no_show,2026-07-03 09:18:24.455000-03:00,,,False,
G-00295,generado_ia,2026-07-03,Becas personal,Becas Docentes,False,no_show,2026-07-03 09:19:30.897000-03:00,,,False,
G-00296,generado_ia,2026-07-03,Becas Nutrirse,Becas Nutrirse Vianda,False,no_show,2026-07-03 09:19:31.795000-03:00,,,False,
G-00297,generado_ia,2026-07-03,Becas personal,Becas Nodocentes,False,canceled,2026-07-03 09:31:07.308000-03:00,2026-07-03 10:20:16.481000-03:00,,False,
G-00298,generado_ia,2026-07-03,Becas personal,Becas Nodocentes,False,canceled,2026-07-03 09:31:53.403000-03:00,2026-07-03 09:52:14.676000-03:00,,False,
G-00299,generado_ia,2026-07-03,Estudiantes,Estudiante de Grado,False,no_show,2026-07-03 09:32:17.048000-03:00,,,False,
G-00300,generado_ia,2026-07-03,Becas Nutrirse,Becas Nutrirse Vianda,False,no_show,2026-07-03 09:32:48.236000-03:00,,,False,
G-00301,generado_ia,2026-07-03,Estudiantes,Estudiante de Grado,False,no_show,2026-07-03 09:35:41.850000-03:00,,,False,
G-00302,generado_ia,2026-07-03,Estudiantes,Estudiante de Grado,False,no_show,2026-07-03 09:35:58.131000-03:00,,,False,
G-00303,generado_ia,2026-07-03,Estudiantes,Estudiante de Grado,False,no_show,2026-07-03 09:36:14.953000-03:00,,,False,
G-00304,generado_ia,2026-07-03,Estudiantes,Estudiante de Grado,False,no_show,2026-07-03 09:36:48.133000-03:00,,,False,
G-00305,generado_ia,2026-07-03,Estudiantes,Estudiante de Grado,False,canceled,2026-07-03 09:40:09.235000-03:00,2026-07-03 10:45:19.105000-03:00,,False,
G-00306,generado_ia,2026-07-03,Estudiantes,Estudiante de Grado,False,canceled,2026-07-03 09:42:12.241000-03:00,2026-07-03 10:30:10.761000-03:00,,False,
G-00307,generado_ia,2026-07-03,Estudiantes,Estudiante de Grado,False,no_show,2026-07-03 09:42:49.833000-03:00,,,False,
G-00308,generado_ia,2026-07-03,Estudiantes,Estudiante de Grado,False,no_show,2026-07-03 09:45:23.557000-03:00,,,False,
G-00309,generado_ia,2026-07-03,Becas Nutrirse,Becas Nutrirse Vianda,False,no_show,2026-07-03 09:45:34.177000-03:00,,,False,
G-00310,generado_ia,2026-07-03,Estudiantes,Estudiante de Grado,False,canceled,2026-07-03 09:48:18.380000-03:00,2026-07-03 10:14:28.739000-03:00,,False,
G-00311,generado_ia,2026-07-03,Estudiantes,Estudiante de Grado sin TACC,True,canceled,2026-07-03 09:50:22.120000-03:00,2026-07-03 10:48:18.557000-03:00,,False,
G-00312,generado_ia,2026-07-03,Estudiantes,Estudiante de Grado sin TACC,True,no_show,2026-07-03 09:51:15.843000-03:00,,,False,
G-00313,generado_ia,2026-07-03,Becas Nutrirse,Becas Nutrirse Vianda,False,no_show,2026-07-03 09:51:20.922000-03:00,,,False,
G-00314,generado_ia,2026-07-03,Becas Nutrirse,Becas Nutrirse Vianda,False,no_show,2026-07-03 09:52:37.274000-03:00,,,False,
G-00315,generado_ia,2026-07-03,Becas Nutrirse,Becas Nutrirse Vianda,False,no_show,2026-07-03 09:56:54.859000-03:00,,,False,
G-00316,generado_ia,2026-07-03,Becas Nutrirse,Becas Nutrirse Vianda,False,no_show,2026-07-03 09:59:40.871000-03:00,,,False,
G-00317,generado_ia,2026-07-03,Estudiantes,Estudiante de Grado,False,no_show,2026-07-03 10:02:17.348000-03:00,,,False,
G-00318,generado_ia,2026-07-03,Becas personal,Becas Nodocentes,False,canceled,2026-07-03 10:04:35.090000-03:00,2026-07-03 10:32:36.863000-03:00,,False,
G-00319,generado_ia,2026-07-03,Becas Nutrirse,Becas Nutrirse Vianda,False,no_show,2026-07-03 10:07:43.748000-03:00,,,False,
G-00320,generado_ia,2026-07-03,Estudiantes,Estudiante de Grado,False,no_show,2026-07-03 10:09:01.047000-03:00,,,False,
G-00321,generado_ia,2026-07-03,Becas personal,Becas Nodocentes,False,no_show,2026-07-03 10:09:06.623000-03:00,,,False,
G-00322,generado_ia,2026-07-03,Estudiantes,Estudiante de Grado,False,no_show,2026-07-03 10:09:53.682000-03:00,,,False,
G-00323,generado_ia,2026-07-03,Personal,Nodocente,False,canceled,2026-07-03 10:15:47.127000-03:00,2026-07-03 10:19:24.293000-03:00,,False,
G-00324,generado_ia,2026-07-03,Estudiantes,Estudiante de Grado,False,canceled,2026-07-03 10:16:01.694000-03:00,2026-07-03 10:54:44.073000-03:00,,False,
G-00325,generado_ia,2026-07-03,Becas Nutrirse,Becas Nutrirse Vianda,False,no_show,2026-07-03 10:16:37.346000-03:00,,,False,
G-00326,generado_ia,2026-07-03,Estudiantes,Estudiante de Grado,False,no_show,2026-07-03 10:17:09.273000-03:00,,,False,
G-00327,generado_ia,2026-07-03,Becas Nutrirse,Becas Nutrirse Vianda,False,no_show,2026-07-03 10:17:57.701000-03:00,,,False,
G-00328,generado_ia,2026-07-03,Personal,Docente,False,no_show,2026-07-03 10:23:14.251000-03:00,,,False,
G-00329,generado_ia,2026-07-03,Becas Nutrirse,Becas Nutrirse Vianda,False,no_show,2026-07-03 10:28:23.794000-03:00,,,False,
G-00330,generado_ia,2026-07-03,Estudiantes,Estudiante de Grado,False,no_show,2026-07-03 10:29:31.761000-03:00,,,False,
G-00331,generado_ia,2026-07-03,Becas Nutrirse,Becas Nutrirse Vianda,False,no_show,2026-07-03 10:30:47.490000-03:00,,,False,
G-00332,generado_ia,2026-07-03,Becas Nutrirse,Becas Nutrirse Vianda,False,no_show,2026-07-03 10:31:29.420000-03:00,,,False,
G-00333,generado_ia,2026-07-03,Becas Nutrirse,Becas Nutrirse Vianda,False,canceled,2026-07-03 10:41:09.515000-03:00,2026-07-03 10:52:17.861000-03:00,,False,
G-00334,generado_ia,2026-07-03,Becas Nutrirse,Becas Nutrirse Vianda,False,canceled,2026-07-03 10:45:49.168000-03:00,2026-07-03 10:50:57.990000-03:00,,False,
G-00335,generado_ia,2026-07-03,Estudiantes,Estudiante de Grado,False,canceled,2026-07-03 10:46:02.664000-03:00,2026-07-03 10:50:03.797000-03:00,,False,
G-00336,generado_ia,2026-07-03,Becas Nutrirse,Becas Nutrirse Vianda,False,canceled,2026-07-03 10:46:04.369000-03:00,2026-07-03 10:57:10.716000-03:00,,False,
G-00337,generado_ia,2026-07-03,Estudiantes,Estudiante de Grado,False,canceled,2026-07-03 10:52:06.502000-03:00,2026-07-03 10:59:43.384000-03:00,,False,
G-00338,generado_ia,2026-07-03,Personal,Nodocente,False,no_show,2026-07-03 11:12:56.537000-03:00,,,False,
G-00339,generado_ia,2026-07-07,Becas Nutrirse,Becas Nutrirse Vianda,False,canceled,2026-07-07 08:03:43.598000-03:00,2026-07-07 10:58:22.981000-03:00,,False,
G-00340,generado_ia,2026-07-07,Becas Nutrirse,Becas Nutrirse Vianda,False,canceled,2026-07-07 08:09:57.602000-03:00,2026-07-07 08:17:31.319000-03:00,,False,
G-00341,generado_ia,2026-07-07,Becas personal,Becas Nodocentes,False,no_show,2026-07-07 08:17:31.679000-03:00,,,False,
G-00342,generado_ia,2026-07-07,Becas Nutrirse,Becas Nutrirse Vianda,False,no_show,2026-07-07 08:23:47.410000-03:00,,,False,
G-00343,generado_ia,2026-07-07,Estudiantes,Estudiante de Grado,False,no_show,2026-07-07 08:24:45.489000-03:00,,,False,
G-00344,generado_ia,2026-07-07,Becas personal,Becas Nodocentes,False,no_show,2026-07-07 08:26:09.876000-03:00,,,False,
G-00345,generado_ia,2026-07-07,Estudiantes,Estudiante de Grado,False,no_show,2026-07-07 08:31:08.878000-03:00,,,False,
G-00346,generado_ia,2026-07-07,Estudiantes,Estudiante de Grado,False,canceled,2026-07-07 08:31:19.968000-03:00,2026-07-07 10:02:45.996000-03:00,,False,
G-00347,generado_ia,2026-07-07,Becas personal,Becas Nodocentes,False,no_show,2026-07-07 08:57:35.052000-03:00,,,False,
G-00348,generado_ia,2026-07-07,Becas Nutrirse,Becas Nutrirse Vianda,False,no_show,2026-07-07 08:58:35.506000-03:00,,,False,
G-00349,generado_ia,2026-07-07,Becas Nutrirse,Becas Nutrirse Vianda,False,canceled,2026-07-07 09:05:55.479000-03:00,2026-07-07 09:36:19.525000-03:00,,False,
G-00350,generado_ia,2026-07-07,Becas Nutrirse,Becas Nutrirse Vianda,False,canceled,2026-07-07 09:06:08.565000-03:00,2026-07-07 09:42:05.331000-03:00,,False,
G-00351,generado_ia,2026-07-07,Becas Nutrirse,Becas Nutrirse Vianda,False,no_show,2026-07-07 09:10:47.923000-03:00,,,False,
G-00352,generado_ia,2026-07-07,Estudiantes,Estudiante de Grado,False,no_show,2026-07-07 09:32:33.916000-03:00,,,False,
G-00353,generado_ia,2026-07-07,Estudiantes,Estudiante de Grado,False,no_show,2026-07-07 09:49:22.792000-03:00,,,False,
G-00354,generado_ia,2026-07-07,Estudiantes,Estudiante de Grado,False,no_show,2026-07-07 09:56:15.645000-03:00,,,False,
G-00355,generado_ia,2026-07-07,Personal,Nodocente,False,no_show,2026-07-07 09:59:07.719000-03:00,,,False,
G-00356,generado_ia,2026-07-07,Becas Nutrirse,Becas Nutrirse Vianda,False,no_show,2026-07-07 10:00:56.020000-03:00,,,False,
G-00357,generado_ia,2026-07-07,Becas personal,Becas Nodocentes,False,no_show,2026-07-07 10:01:44.924000-03:00,,,False,
G-00358,generado_ia,2026-07-07,Estudiantes,Estudiante de Grado,False,no_show,2026-07-07 10:14:15.323000-03:00,,,False,
G-00359,generado_ia,2026-07-07,Becas Nutrirse,Becas Nutrirse Vianda,False,no_show,2026-07-07 10:20:18.209000-03:00,,,False,
G-00360,generado_ia,2026-07-07,Becas Nutrirse,Becas Nutrirse Vianda,False,no_show,2026-07-07 10:46:05.641000-03:00,,,False,
G-00361,generado_ia,2026-07-07,Becas Nutrirse,Becas Nutrirse Vianda,False,canceled,2026-07-07 10:46:15.028000-03:00,2026-07-07 10:59:02.312000-03:00,,False,
G-00362,generado_ia,2026-07-08,Estudiantes,Estudiante de Grado,False,canceled,2026-07-08 08:00:24.167000-03:00,2026-07-08 09:43:08.685000-03:00,,False,
G-00363,generado_ia,2026-07-08,Estudiantes,Estudiante de Grado,False,no_show,2026-07-08 08:01:05.243000-03:00,,,False,
G-00364,generado_ia,2026-07-08,Becas Nutrirse,Becas Nutrirse Vianda,False,canceled,2026-07-08 08:04:10.516000-03:00,2026-07-08 10:26:25.585000-03:00,,False,
G-00365,generado_ia,2026-07-08,Estudiantes,Estudiante de Grado,False,no_show,2026-07-08 08:04:25.363000-03:00,,,False,
G-00366,generado_ia,2026-07-08,Estudiantes,Estudiante de Grado,False,no_show,2026-07-08 08:04:30.997000-03:00,,,False,
G-00367,generado_ia,2026-07-08,Becas personal,Becas Docentes,False,no_show,2026-07-08 08:05:08.667000-03:00,,,False,
G-00368,generado_ia,2026-07-08,Estudiantes,Estudiante de Grado,False,canceled,2026-07-08 08:13:03.186000-03:00,2026-07-08 10:21:46.792000-03:00,,False,
G-00369,generado_ia,2026-07-08,Becas Nutrirse,Becas Nutrirse Vianda,False,no_show,2026-07-08 08:14:10.820000-03:00,,,False,
G-00370,generado_ia,2026-07-08,Estudiantes,Estudiante de Grado,False,no_show,2026-07-08 08:21:53.222000-03:00,,,False,
G-00371,generado_ia,2026-07-08,Becas Nutrirse,Becas Nutrirse Vianda,False,canceled,2026-07-08 08:27:59.808000-03:00,2026-07-08 10:59:17.534000-03:00,,False,
G-00372,generado_ia,2026-07-08,Becas personal,Becas Nodocentes,False,canceled,2026-07-08 08:36:07.499000-03:00,2026-07-08 09:19:33.137000-03:00,,False,
G-00373,generado_ia,2026-07-08,Becas Nutrirse,Becas Nutrirse Vianda,False,no_show,2026-07-08 08:36:20.492000-03:00,,,False,
G-00374,generado_ia,2026-07-08,Becas Nutrirse,Becas Nutrirse Vianda,False,canceled,2026-07-08 08:37:03.483000-03:00,2026-07-08 10:10:56.793000-03:00,,False,
G-00375,generado_ia,2026-07-08,Personal,Nodocente,False,no_show,2026-07-08 08:43:56.544000-03:00,,,False,
G-00376,generado_ia,2026-07-08,Becas Nutrirse,Becas Nutrirse Vianda,False,canceled,2026-07-08 08:44:04.915000-03:00,2026-07-08 10:41:53.507000-03:00,,False,
G-00377,generado_ia,2026-07-08,Becas personal,Becas Nodocentes,False,no_show,2026-07-08 08:45:17.251000-03:00,,,False,
G-00378,generado_ia,2026-07-08,Estudiantes,Estudiante de Grado,False,no_show,2026-07-08 08:51:00.499000-03:00,,,False,
G-00379,generado_ia,2026-07-08,Becas Nutrirse,Becas Nutrirse Vianda,False,no_show,2026-07-08 09:00:47.300000-03:00,,,False,
G-00380,generado_ia,2026-07-08,Estudiantes,Estudiante de Grado,False,no_show,2026-07-08 09:07:29.866000-03:00,,,False,
G-00381,generado_ia,2026-07-08,Estudiantes,Estudiante de Grado,False,canceled,2026-07-08 09:07:44.686000-03:00,2026-07-08 10:03:30.173000-03:00,,False,
G-00382,generado_ia,2026-07-08,Estudiantes,Estudiante de Grado,False,no_show,2026-07-08 09:16:46.970000-03:00,,,False,
G-00383,generado_ia,2026-07-08,Becas personal,Becas Nodocentes,False,no_show,2026-07-08 09:24:27.030000-03:00,,,False,
G-00384,generado_ia,2026-07-08,Becas Nutrirse,Becas Nutrirse Vianda,False,no_show,2026-07-08 09:33:39.182000-03:00,,,False,
G-00385,generado_ia,2026-07-08,Estudiantes,Estudiante de Grado,False,no_show,2026-07-08 09:49:47.818000-03:00,,,False,
G-00386,generado_ia,2026-07-08,Estudiantes,Estudiante de Grado,False,no_show,2026-07-08 09:49:55.276000-03:00,,,False,
G-00387,generado_ia,2026-07-08,Estudiantes,Estudiante de Grado,False,canceled,2026-07-08 09:50:46.524000-03:00,2026-07-08 10:35:32.285000-03:00,,False,
G-00388,generado_ia,2026-07-08,Estudiantes,Estudiante de Grado,False,canceled,2026-07-08 09:56:02.697000-03:00,2026-07-08 10:43:36.932000-03:00,,False,
G-00389,generado_ia,2026-07-08,Becas Nutrirse,Becas Nutrirse Vianda,False,canceled,2026-07-08 09:58:51.624000-03:00,2026-07-08 10:45:17.934000-03:00,,False,
G-00390,generado_ia,2026-07-08,Estudiantes,Estudiante de Grado,False,canceled,2026-07-08 10:01:31.041000-03:00,2026-07-08 10:58:06.918000-03:00,,False,
G-00391,generado_ia,2026-07-08,Becas Nutrirse,Becas Nutrirse Vianda,False,no_show,2026-07-08 10:07:56.548000-03:00,,,False,
G-00392,generado_ia,2026-07-08,Becas Nutrirse,Becas Nutrirse Vianda,False,canceled,2026-07-08 10:09:14.474000-03:00,2026-07-08 10:46:02.286000-03:00,,False,
G-00393,generado_ia,2026-07-08,Estudiantes,Estudiante de Grado,False,canceled,2026-07-08 10:10:00.397000-03:00,2026-07-08 10:24:21.640000-03:00,,False,
G-00394,generado_ia,2026-07-08,Estudiantes,Estudiante de Grado,False,canceled,2026-07-08 10:10:03.907000-03:00,2026-07-08 10:38:31.648000-03:00,,False,
G-00395,generado_ia,2026-07-08,Estudiantes,Estudiante de Grado,False,no_show,2026-07-08 10:11:00.435000-03:00,,,False,
G-00396,generado_ia,2026-07-08,Estudiantes,Estudiante de Grado,False,no_show,2026-07-08 10:12:27.142000-03:00,,,False,
G-00397,generado_ia,2026-07-08,Estudiantes,Estudiante de Grado,False,no_show,2026-07-08 10:17:26.650000-03:00,,,False,
G-00398,generado_ia,2026-07-08,Becas Nutrirse,Becas Nutrirse Vianda,False,no_show,2026-07-08 10:21:52.178000-03:00,,,False,
G-00399,generado_ia,2026-07-08,Becas Nutrirse,Becas Nutrirse Vianda,False,canceled,2026-07-08 10:22:37.317000-03:00,2026-07-08 10:57:51.986000-03:00,,False,
G-00400,generado_ia,2026-07-08,Becas Nutrirse,Becas Nutrirse Vianda,False,canceled,2026-07-08 10:22:42.859000-03:00,2026-07-08 10:58:34.563000-03:00,,False,
G-00401,generado_ia,2026-07-08,Becas Nutrirse,Becas Nutrirse Vianda,False,no_show,2026-07-08 10:31:16.261000-03:00,,,False,
G-00402,generado_ia,2026-07-08,Becas Nutrirse,Becas Nutrirse Vianda,False,no_show,2026-07-08 10:31:55.044000-03:00,,,False,
G-00403,generado_ia,2026-07-08,Estudiantes,Estudiante de Grado,False,canceled,2026-07-08 10:35:21.530000-03:00,2026-07-08 10:50:28.382000-03:00,,False,
G-00404,generado_ia,2026-07-08,Estudiantes,Estudiante de Grado,False,no_show,2026-07-08 10:36:26.844000-03:00,,,False,
G-00405,generado_ia,2026-07-08,Becas Nutrirse,Becas Nutrirse Vianda,False,no_show,2026-07-08 10:48:03.604000-03:00,,,False,
G-00406,generado_ia,2026-07-08,Personal,Nodocente,False,canceled,2026-07-08 10:48:31.082000-03:00,2026-07-08 10:58:01.737000-03:00,,False,
G-00407,generado_ia,2026-07-20,Becas personal,Becas Docentes,False,no_show,2026-07-20 08:00:56.554000-03:00,,,False,
G-00408,generado_ia,2026-07-20,Becas Nutrirse,Becas Nutrirse Vianda,False,no_show,2026-07-20 08:01:48.828000-03:00,,,False,
G-00409,generado_ia,2026-07-20,Estudiantes,Estudiante de Grado,False,canceled,2026-07-20 08:02:21.848000-03:00,2026-07-20 10:36:00.043000-03:00,,False,
G-00410,generado_ia,2026-07-20,Estudiantes,Estudiante de Grado,False,no_show,2026-07-20 08:03:14.831000-03:00,,,False,
G-00411,generado_ia,2026-07-20,Becas personal,Becas Nodocentes,False,canceled,2026-07-20 08:04:05.431000-03:00,2026-07-20 10:34:09.978000-03:00,,False,
G-00412,generado_ia,2026-07-20,Becas Nutrirse,Becas Nutrirse Vianda,False,no_show,2026-07-20 08:07:01.233000-03:00,,,False,
G-00413,generado_ia,2026-07-20,Estudiantes,Estudiante de Grado,False,no_show,2026-07-20 08:11:13.150000-03:00,,,False,
G-00414,generado_ia,2026-07-20,Estudiantes,Estudiante de Grado,False,no_show,2026-07-20 08:12:26.852000-03:00,,,False,
G-00415,generado_ia,2026-07-20,Becas personal,Becas Nodocentes,False,no_show,2026-07-20 08:13:45.008000-03:00,,,False,
G-00416,generado_ia,2026-07-20,Estudiantes,Estudiante de Grado,False,no_show,2026-07-20 08:14:49.035000-03:00,,,False,
G-00417,generado_ia,2026-07-20,Becas Nutrirse,Becas Nutrirse Vianda,False,no_show,2026-07-20 08:21:10.127000-03:00,,,False,
G-00418,generado_ia,2026-07-20,Becas Nutrirse,Becas Nutrirse Vianda,False,no_show,2026-07-20 08:22:24.736000-03:00,,,False,
G-00419,generado_ia,2026-07-20,Becas Nutrirse,Becas Nutrirse Vianda,False,no_show,2026-07-20 08:23:01.134000-03:00,,,False,
G-00420,generado_ia,2026-07-20,Estudiantes,Estudiante de Grado,False,canceled,2026-07-20 08:25:36.556000-03:00,2026-07-20 09:38:50.167000-03:00,,False,
G-00421,generado_ia,2026-07-20,Becas personal,Becas Docentes,False,no_show,2026-07-20 08:28:21.255000-03:00,,,False,
G-00422,generado_ia,2026-07-20,Estudiantes,Estudiante de Grado,False,no_show,2026-07-20 08:33:54.539000-03:00,,,False,
G-00423,generado_ia,2026-07-20,Becas personal,Becas Nodocentes,False,no_show,2026-07-20 08:37:04.077000-03:00,,,False,
G-00424,generado_ia,2026-07-20,Personal,Nodocente,False,no_show,2026-07-20 08:37:18.076000-03:00,,,False,
G-00425,generado_ia,2026-07-20,Becas Nutrirse,Becas Nutrirse Vianda,False,no_show,2026-07-20 08:38:21.683000-03:00,,,False,
G-00426,generado_ia,2026-07-20,Becas Nutrirse,Becas Nutrirse Vianda,False,no_show,2026-07-20 08:40:50.489000-03:00,,,False,
G-00427,generado_ia,2026-07-20,Estudiantes,Estudiante de Grado,False,no_show,2026-07-20 08:41:11.180000-03:00,,,False,
G-00428,generado_ia,2026-07-20,Becas Nutrirse,Becas Nutrirse Vianda,False,no_show,2026-07-20 08:50:28.951000-03:00,,,False,
G-00429,generado_ia,2026-07-20,Personal,Nodocente,False,no_show,2026-07-20 08:54:02.322000-03:00,,,False,
G-00430,generado_ia,2026-07-20,Estudiantes,Estudiante de Grado,False,canceled,2026-07-20 08:55:00.101000-03:00,2026-07-20 09:24:24.339000-03:00,,False,
G-00431,generado_ia,2026-07-20,Becas personal,Becas Nodocentes,False,canceled,2026-07-20 08:55:39.796000-03:00,2026-07-20 09:04:55.863000-03:00,,False,
G-00432,generado_ia,2026-07-20,Becas Nutrirse,Becas Nutrirse Vianda,False,no_show,2026-07-20 08:56:05.428000-03:00,,,False,
G-00433,generado_ia,2026-07-20,Becas Nutrirse,Becas Nutrirse Vianda,False,no_show,2026-07-20 08:59:12.441000-03:00,,,False,
G-00434,generado_ia,2026-07-20,Estudiantes,Estudiante de Grado,False,no_show,2026-07-20 09:00:42.442000-03:00,,,False,
G-00435,generado_ia,2026-07-20,Becas personal,Becas Nodocentes,False,canceled,2026-07-20 09:00:46.502000-03:00,2026-07-20 09:04:00.819000-03:00,,False,
G-00436,generado_ia,2026-07-20,Estudiantes,Estudiante de Grado,False,no_show,2026-07-20 09:01:56.086000-03:00,,,False,
G-00437,generado_ia,2026-07-20,Estudiantes,Estudiante de Grado,False,no_show,2026-07-20 09:07:40.570000-03:00,,,False,
G-00438,generado_ia,2026-07-20,Estudiantes,Estudiante de Grado,False,no_show,2026-07-20 09:08:14.551000-03:00,,,False,
G-00439,generado_ia,2026-07-20,Becas Nutrirse,Becas Nutrirse Vianda,False,no_show,2026-07-20 09:18:44.747000-03:00,,,False,
G-00440,generado_ia,2026-07-20,Becas Nutrirse,Becas Nutrirse Vianda,False,no_show,2026-07-20 09:19:07.465000-03:00,,,False,
G-00441,generado_ia,2026-07-20,Becas personal,Becas Nodocentes,False,canceled,2026-07-20 09:26:08.006000-03:00,2026-07-20 09:33:37.802000-03:00,,False,
G-00442,generado_ia,2026-07-20,Estudiantes,Estudiante de Grado,False,no_show,2026-07-20 09:29:22.647000-03:00,,,False,
G-00443,generado_ia,2026-07-20,Becas Nutrirse,Becas Nutrirse Vianda,False,no_show,2026-07-20 09:32:34.992000-03:00,,,False,
G-00444,generado_ia,2026-07-20,Personal,Nodocente,False,no_show,2026-07-20 09:32:54.724000-03:00,,,False,
G-00445,generado_ia,2026-07-20,Becas Nutrirse,Becas Nutrirse Vianda,False,no_show,2026-07-20 09:34:18.028000-03:00,,,False,
G-00446,generado_ia,2026-07-20,Estudiantes,Estudiante de Grado,False,no_show,2026-07-20 09:44:05.305000-03:00,,,False,
G-00447,generado_ia,2026-07-20,Becas Nutrirse,Becas Nutrirse Vianda,False,no_show,2026-07-20 09:47:11.244000-03:00,,,False,
G-00448,generado_ia,2026-07-20,Estudiantes,Estudiante de Grado,False,canceled,2026-07-20 09:58:38.582000-03:00,2026-07-20 10:40:46.551000-03:00,,False,
G-00449,generado_ia,2026-07-20,Becas Nutrirse,Becas Nutrirse Vianda,False,canceled,2026-07-20 10:04:21.977000-03:00,2026-07-20 10:19:38.454000-03:00,,False,
G-00450,generado_ia,2026-07-20,Becas Nutrirse,Becas Nutrirse Vianda,False,no_show,2026-07-20 10:06:13.410000-03:00,,,False,
G-00451,generado_ia,2026-07-20,Estudiantes,Estudiante de Grado,False,no_show,2026-07-20 10:09:23.408000-03:00,,,False,
G-00452,generado_ia,2026-07-20,Estudiantes,Estudiante de Grado,False,no_show,2026-07-20 10:29:16.310000-03:00,,,False,
G-00453,generado_ia,2026-07-20,Estudiantes,Estudiante de Grado,False,no_show,2026-07-20 10:31:48.653000-03:00,,,False,
G-00454,generado_ia,2026-07-20,Becas Nutrirse,Becas Nutrirse Vianda,False,no_show,2026-07-20 10:33:00.028000-03:00,,,False,
G-00455,generado_ia,2026-07-20,Estudiantes,Estudiante de Grado,False,no_show,2026-07-20 10:33:43.566000-03:00,,,False,
G-00456,generado_ia,2026-07-20,Estudiantes,Estudiante de Grado,False,canceled,2026-07-20 10:34:46.696000-03:00,2026-07-20 10:54:12.900000-03:00,,False,
G-00457,generado_ia,2026-07-20,Becas Nutrirse,Becas Nutrirse Vianda,False,canceled,2026-07-20 10:35:01.510000-03:00,2026-07-20 10:58:32.206000-03:00,,False,
G-00458,generado_ia,2026-07-20,Estudiantes,Estudiante de Grado,False,canceled,2026-07-20 10:36:57.513000-03:00,2026-07-20 10:47:44.348000-03:00,,False,
G-00459,generado_ia,2026-07-20,Estudiantes,Estudiante de Grado,False,no_show,2026-07-20 10:40:57.898000-03:00,,,False,
G-00460,generado_ia,2026-07-20,Estudiantes,Estudiante de Grado,False,no_show,2026-07-20 10:43:19.460000-03:00,,,False,
G-00461,generado_ia,2026-07-20,Estudiantes,Estudiante de Grado,False,no_show,2026-07-20 11:00:18.012000-03:00,,,False,
G-00462,generado_ia,2026-07-21,Estudiantes,Estudiante de Grado,False,canceled,2026-07-21 08:00:08.225000-03:00,2026-07-21 10:53:52.138000-03:00,,False,
G-00463,generado_ia,2026-07-21,Estudiantes,Estudiante de Grado,False,no_show,2026-07-21 08:00:37.792000-03:00,,,False,
G-00464,generado_ia,2026-07-21,Becas Nutrirse,Becas Nutrirse Vianda,False,no_show,2026-07-21 08:01:37.205000-03:00,,,False,
G-00465,generado_ia,2026-07-21,Estudiantes,Estudiante de Grado,False,no_show,2026-07-21 08:01:42.838000-03:00,,,False,
G-00466,generado_ia,2026-07-21,Estudiantes,Estudiante de Grado,False,no_show,2026-07-21 08:01:44.102000-03:00,,,False,
G-00467,generado_ia,2026-07-21,Estudiantes,Estudiante de Grado,False,no_show,2026-07-21 08:02:26.160000-03:00,,,False,
G-00468,generado_ia,2026-07-21,Becas personal,Becas Nodocentes,False,canceled,2026-07-21 08:04:04.861000-03:00,2026-07-21 08:35:05.569000-03:00,,False,
G-00469,generado_ia,2026-07-21,Estudiantes,Estudiante de Grado,False,no_show,2026-07-21 08:05:56.300000-03:00,,,False,
G-00470,generado_ia,2026-07-21,Estudiantes,Estudiante de Grado,False,no_show,2026-07-21 08:06:21.766000-03:00,,,False,
G-00471,generado_ia,2026-07-21,Estudiantes,Estudiante de Grado,False,no_show,2026-07-21 08:06:59.436000-03:00,,,False,
G-00472,generado_ia,2026-07-21,Becas personal,Becas Nodocentes,False,canceled,2026-07-21 08:08:40.618000-03:00,2026-07-21 09:11:24.855000-03:00,,False,
G-00473,generado_ia,2026-07-21,Becas Nutrirse,Becas Nutrirse Vianda,False,canceled,2026-07-21 08:09:28.970000-03:00,2026-07-21 09:10:23.094000-03:00,,False,
G-00474,generado_ia,2026-07-21,Becas Nutrirse,Becas Nutrirse Vianda,False,no_show,2026-07-21 08:10:43.028000-03:00,,,False,
G-00475,generado_ia,2026-07-21,Becas Nutrirse,Becas Nutrirse Vianda,False,no_show,2026-07-21 08:11:25.522000-03:00,,,False,
G-00476,generado_ia,2026-07-21,Estudiantes,Estudiante de Grado,False,canceled,2026-07-21 08:12:15.578000-03:00,2026-07-21 08:40:57.689000-03:00,,False,
G-00477,generado_ia,2026-07-21,Becas personal,Becas Docentes,False,no_show,2026-07-21 08:13:29.780000-03:00,,,False,
G-00478,generado_ia,2026-07-21,Estudiantes,Estudiante de Grado,False,no_show,2026-07-21 08:14:40.032000-03:00,,,False,
G-00479,generado_ia,2026-07-21,Becas Nutrirse,Becas Nutrirse Vianda,False,no_show,2026-07-21 08:14:43.186000-03:00,,,False,
G-00480,generado_ia,2026-07-21,Becas Nutrirse,Becas Nutrirse Vianda,False,no_show,2026-07-21 08:17:57.921000-03:00,,,False,
G-00481,generado_ia,2026-07-21,Becas personal,Becas Nodocentes,False,canceled,2026-07-21 08:18:19.601000-03:00,2026-07-21 08:55:21.393000-03:00,,False,
G-00482,generado_ia,2026-07-21,Estudiantes,Estudiante de Grado,False,canceled,2026-07-21 08:19:22.346000-03:00,2026-07-21 10:13:07.764000-03:00,,False,
G-00483,generado_ia,2026-07-21,Estudiantes,Estudiante de Grado,False,no_show,2026-07-21 08:22:41.836000-03:00,,,False,
G-00484,generado_ia,2026-07-21,Becas Nutrirse,Becas Nutrirse Vianda,False,no_show,2026-07-21 08:23:51.217000-03:00,,,False,
G-00485,generado_ia,2026-07-21,Estudiantes,Estudiante de Grado,False,no_show,2026-07-21 08:25:52.113000-03:00,,,False,
G-00486,generado_ia,2026-07-21,Estudiantes,Estudiante de Grado,False,no_show,2026-07-21 08:26:13.932000-03:00,,,False,
G-00487,generado_ia,2026-07-21,Estudiantes,Estudiante de Grado,False,no_show,2026-07-21 08:33:25.657000-03:00,,,False,
G-00488,generado_ia,2026-07-21,Estudiantes,Estudiante de Grado,False,no_show,2026-07-21 08:33:41.506000-03:00,,,False,
G-00489,generado_ia,2026-07-21,Becas Nutrirse,Becas Nutrirse Vianda,False,no_show,2026-07-21 08:34:35.987000-03:00,,,False,
G-00490,generado_ia,2026-07-21,Estudiantes,Estudiante de Grado,False,no_show,2026-07-21 08:35:39.930000-03:00,,,False,
G-00491,generado_ia,2026-07-21,Estudiantes,Estudiante de Grado,False,no_show,2026-07-21 08:37:17.393000-03:00,,,False,
G-00492,generado_ia,2026-07-21,Becas Nutrirse,Becas Nutrirse Vianda,False,no_show,2026-07-21 08:41:31.971000-03:00,,,False,
G-00493,generado_ia,2026-07-21,Estudiantes,Estudiante de Grado,False,no_show,2026-07-21 08:42:06.604000-03:00,,,False,
G-00494,generado_ia,2026-07-21,Estudiantes,Estudiante de Grado,False,canceled,2026-07-21 08:42:11.629000-03:00,2026-07-21 10:02:49.347000-03:00,,False,
G-00495,generado_ia,2026-07-21,Becas Nutrirse,Becas Nutrirse Vianda,False,no_show,2026-07-21 08:47:49.860000-03:00,,,False,
G-00496,generado_ia,2026-07-21,Estudiantes,Estudiante de Grado,False,no_show,2026-07-21 08:48:17.554000-03:00,,,False,
G-00497,generado_ia,2026-07-21,Estudiantes,Estudiante de Grado,False,canceled,2026-07-21 08:52:38.742000-03:00,2026-07-21 10:23:43.198000-03:00,,False,
G-00498,generado_ia,2026-07-21,Becas Nutrirse,Becas Nutrirse Vianda,False,no_show,2026-07-21 08:53:39.512000-03:00,,,False,
G-00499,generado_ia,2026-07-21,Estudiantes,Estudiante de Grado,False,no_show,2026-07-21 08:55:08.606000-03:00,,,False,
G-00500,generado_ia,2026-07-21,Estudiantes,Estudiante de Grado,False,no_show,2026-07-21 08:59:37.244000-03:00,,,False,
G-00501,generado_ia,2026-07-21,Estudiantes,Estudiante de Grado,False,no_show,2026-07-21 09:08:23.224000-03:00,,,False,
G-00502,generado_ia,2026-07-21,Becas Nutrirse,Becas Nutrirse Vianda,False,canceled,2026-07-21 09:08:52.731000-03:00,2026-07-21 10:25:18.384000-03:00,,False,
G-00503,generado_ia,2026-07-21,Estudiantes,Estudiante de Grado,False,no_show,2026-07-21 09:09:16.003000-03:00,,,False,
G-00504,generado_ia,2026-07-21,Estudiantes,Estudiante de Grado,False,no_show,2026-07-21 09:09:38.552000-03:00,,,False,
G-00505,generado_ia,2026-07-21,Becas Nutrirse,Becas Nutrirse Vianda,False,canceled,2026-07-21 09:11:44.124000-03:00,2026-07-21 10:14:05.525000-03:00,,False,
G-00506,generado_ia,2026-07-21,Estudiantes,Estudiante de Grado,False,no_show,2026-07-21 09:12:02.115000-03:00,,,False,
G-00507,generado_ia,2026-07-21,Becas Nutrirse,Becas Nutrirse Vianda,False,canceled,2026-07-21 09:15:55.889000-03:00,2026-07-21 10:29:41.469000-03:00,,False,
G-00508,generado_ia,2026-07-21,Becas Nutrirse,Becas Nutrirse Vianda,False,canceled,2026-07-21 09:17:48.715000-03:00,2026-07-21 10:04:06.958000-03:00,,False,
G-00509,generado_ia,2026-07-21,Becas Nutrirse,Becas Nutrirse Vianda,False,canceled,2026-07-21 09:21:52.323000-03:00,2026-07-21 10:51:21.278000-03:00,,False,
G-00510,generado_ia,2026-07-21,Becas Nutrirse,Becas Nutrirse Vianda,False,no_show,2026-07-21 09:22:28.922000-03:00,,,False,
G-00511,generado_ia,2026-07-21,Becas personal,Becas Nodocentes,False,no_show,2026-07-21 09:29:20.192000-03:00,,,False,
G-00512,generado_ia,2026-07-21,Estudiantes,Estudiante de Grado,False,no_show,2026-07-21 09:30:06.746000-03:00,,,False,
G-00513,generado_ia,2026-07-21,Estudiantes,Estudiante de Grado,False,no_show,2026-07-21 09:39:09.293000-03:00,,,False,
G-00514,generado_ia,2026-07-21,Personal,Nodocente,False,canceled,2026-07-21 09:52:08.618000-03:00,2026-07-21 10:13:45.612000-03:00,,False,
G-00515,generado_ia,2026-07-21,Becas Nutrirse,Becas Nutrirse Vianda,False,canceled,2026-07-21 09:53:48.348000-03:00,2026-07-21 10:15:04.431000-03:00,,False,
G-00516,generado_ia,2026-07-21,Estudiantes,Estudiante de Grado,False,no_show,2026-07-21 10:05:55.092000-03:00,,,False,
G-00517,generado_ia,2026-07-21,Estudiantes,Estudiante de Grado,False,no_show,2026-07-21 10:07:19.006000-03:00,,,False,
G-00518,generado_ia,2026-07-21,Becas Nutrirse,Becas Nutrirse Vianda,False,canceled,2026-07-21 10:12:35.580000-03:00,2026-07-21 10:24:29.427000-03:00,,False,
G-00519,generado_ia,2026-07-21,Becas personal,Becas Nodocentes,False,no_show,2026-07-21 10:25:54.683000-03:00,,,False,
G-00520,generado_ia,2026-07-21,Becas Nutrirse,Becas Nutrirse Vianda,False,no_show,2026-07-21 10:26:54.620000-03:00,,,False,
G-00521,generado_ia,2026-07-21,Estudiantes,Estudiante de Grado,False,no_show,2026-07-21 10:42:42.947000-03:00,,,False,
G-00522,generado_ia,2026-07-21,Estudiantes,Estudiante de Grado,False,no_show,2026-07-21 10:43:31.418000-03:00,,,False,
G-00523,generado_ia,2026-07-21,Becas Nutrirse,Becas Nutrirse Vianda,False,canceled,2026-07-21 10:53:21.344000-03:00,2026-07-21 10:53:58.548000-03:00,,False,
G-00524,generado_ia,2026-07-21,Estudiantes,Estudiante de Grado,False,no_show,2026-07-21 10:56:31.209000-03:00,,,False,
G-00525,generado_ia,2026-07-21,Becas Nutrirse,Becas Nutrirse Vianda,False,no_show,2026-07-21 10:57:44.828000-03:00,,,False,
G-00526,generado_ia,2026-07-22,Becas Nutrirse,Becas Nutrirse Vianda,False,no_show,2026-07-22 08:01:08.127000-03:00,,,False,
G-00527,generado_ia,2026-07-22,Estudiantes,Estudiante de Grado,False,canceled,2026-07-22 08:01:21.915000-03:00,2026-07-22 10:33:17.980000-03:00,,False,
G-00528,generado_ia,2026-07-22,Estudiantes,Estudiante de Grado,False,no_show,2026-07-22 08:01:28.970000-03:00,,,False,
G-00529,generado_ia,2026-07-22,Personal,Docente sin TACC,True,canceled,2026-07-22 08:01:49.388000-03:00,2026-07-22 09:10:28.752000-03:00,,False,
G-00530,generado_ia,2026-07-22,Becas personal,Becas Nodocentes,False,no_show,2026-07-22 08:01:58.344000-03:00,,,False,
G-00531,generado_ia,2026-07-22,Estudiantes,Estudiante de Grado,False,no_show,2026-07-22 08:01:58.547000-03:00,,,False,
G-00532,generado_ia,2026-07-22,Becas Nutrirse,Becas Nutrirse Vianda,False,canceled,2026-07-22 08:02:01.419000-03:00,2026-07-22 09:07:36.221000-03:00,,False,
G-00533,generado_ia,2026-07-22,Estudiantes,Estudiante de Grado,False,no_show,2026-07-22 08:02:02.457000-03:00,,,False,
G-00534,generado_ia,2026-07-22,Estudiantes,Estudiante de Grado,False,no_show,2026-07-22 08:02:37.867000-03:00,,,False,
G-00535,generado_ia,2026-07-22,Estudiantes,Estudiante de Grado,False,no_show,2026-07-22 08:02:40.781000-03:00,,,False,
G-00536,generado_ia,2026-07-22,Estudiantes,Estudiante de Grado,False,no_show,2026-07-22 08:04:30.352000-03:00,,,False,
G-00537,generado_ia,2026-07-22,Becas Nutrirse,Becas Nutrirse Vianda,False,no_show,2026-07-22 08:06:27.416000-03:00,,,False,
G-00538,generado_ia,2026-07-22,Estudiantes,Estudiante de Grado,False,no_show,2026-07-22 08:08:00.647000-03:00,,,False,
G-00539,generado_ia,2026-07-22,Estudiantes,Estudiante de Grado,False,no_show,2026-07-22 08:08:20.855000-03:00,,,False,
G-00540,generado_ia,2026-07-22,Becas Nutrirse,Becas Nutrirse Vianda,False,no_show,2026-07-22 08:10:03.790000-03:00,,,False,
G-00541,generado_ia,2026-07-22,Becas personal,Becas Nodocentes,False,no_show,2026-07-22 08:10:25.721000-03:00,,,False,
G-00542,generado_ia,2026-07-22,Becas Nutrirse,Becas Nutrirse Vianda,False,no_show,2026-07-22 08:10:56.690000-03:00,,,False,
G-00543,generado_ia,2026-07-22,Estudiantes,Estudiante de Grado,False,no_show,2026-07-22 08:11:59.192000-03:00,,,False,
G-00544,generado_ia,2026-07-22,Becas Nutrirse,Becas Nutrirse Vianda,False,no_show,2026-07-22 08:12:15.402000-03:00,,,False,
G-00545,generado_ia,2026-07-22,Estudiantes,Estudiante de Grado,False,no_show,2026-07-22 08:12:17.330000-03:00,,,False,
G-00546,generado_ia,2026-07-22,Becas Nutrirse,Becas Nutrirse Vianda,False,canceled,2026-07-22 08:12:25.596000-03:00,2026-07-22 10:32:40.934000-03:00,,False,
G-00547,generado_ia,2026-07-22,Estudiantes,Estudiante de Grado,False,canceled,2026-07-22 08:13:26.352000-03:00,2026-07-22 10:00:23.193000-03:00,,False,
G-00548,generado_ia,2026-07-22,Estudiantes,Estudiante de Grado,False,no_show,2026-07-22 08:14:49.725000-03:00,,,False,
G-00549,generado_ia,2026-07-22,Becas Nutrirse,Becas Nutrirse Vianda,False,canceled,2026-07-22 08:20:33.300000-03:00,2026-07-22 10:30:03.775000-03:00,,False,
G-00550,generado_ia,2026-07-22,Estudiantes,Estudiante de Grado,False,canceled,2026-07-22 08:22:32.616000-03:00,2026-07-22 09:25:51.333000-03:00,,False,
G-00551,generado_ia,2026-07-22,Estudiantes,Estudiante de Grado,False,no_show,2026-07-22 08:22:51.529000-03:00,,,False,
G-00552,generado_ia,2026-07-22,Estudiantes,Estudiante de Grado,False,no_show,2026-07-22 08:22:56.708000-03:00,,,False,
G-00553,generado_ia,2026-07-22,Becas Nutrirse,Becas Nutrirse Vianda,False,canceled,2026-07-22 08:23:33.198000-03:00,2026-07-22 10:11:57.679000-03:00,,False,
G-00554,generado_ia,2026-07-22,Becas personal,Becas Nodocentes,False,no_show,2026-07-22 08:25:10.327000-03:00,,,False,
G-00555,generado_ia,2026-07-22,Becas Nutrirse,Becas Nutrirse Vianda,False,no_show,2026-07-22 08:25:36.028000-03:00,,,False,
G-00556,generado_ia,2026-07-22,Estudiantes,Estudiante Preuniversitario Monserrat,False,no_show,2026-07-22 08:25:40.761000-03:00,,,False,
G-00557,generado_ia,2026-07-22,Estudiantes,Estudiante Preuniversitario Monserrat,False,no_show,2026-07-22 08:25:53.301000-03:00,,,False,
G-00558,generado_ia,2026-07-22,Estudiantes,Estudiante de Grado,False,no_show,2026-07-22 08:29:59.506000-03:00,,,False,
G-00559,generado_ia,2026-07-22,Becas personal,Becas Nodocentes,False,no_show,2026-07-22 08:30:48.010000-03:00,,,False,
G-00560,generado_ia,2026-07-22,Becas Nutrirse,Becas Nutrirse Vianda,False,canceled,2026-07-22 08:31:54.380000-03:00,2026-07-22 08:45:10.832000-03:00,,False,
G-00561,generado_ia,2026-07-22,Estudiantes,Estudiante Preuniversitario Monserrat,False,canceled,2026-07-22 08:34:40.658000-03:00,2026-07-22 09:19:18.620000-03:00,,False,
G-00562,generado_ia,2026-07-22,Becas Nutrirse,Becas Nutrirse Vianda,False,canceled,2026-07-22 08:36:38.435000-03:00,2026-07-22 10:17:41.594000-03:00,,False,
G-00563,generado_ia,2026-07-22,Becas Nutrirse,Becas Nutrirse Vianda,False,canceled,2026-07-22 08:37:09.744000-03:00,2026-07-22 09:06:35.285000-03:00,,False,
G-00564,generado_ia,2026-07-22,Becas personal,Becas Nodocentes,False,canceled,2026-07-22 08:40:49.340000-03:00,2026-07-22 10:27:01.525000-03:00,,False,
G-00565,generado_ia,2026-07-22,Becas Nutrirse,Becas Nutrirse Vianda,False,canceled,2026-07-22 08:41:52.546000-03:00,2026-07-22 10:37:37.966000-03:00,,False,
G-00566,generado_ia,2026-07-22,Estudiantes,Estudiante de Grado,False,canceled,2026-07-22 08:42:39.566000-03:00,2026-07-22 09:57:20.487000-03:00,,False,
G-00567,generado_ia,2026-07-22,Estudiantes,Estudiante de Grado,False,no_show,2026-07-22 08:44:26.633000-03:00,,,False,
G-00568,generado_ia,2026-07-22,Becas Nutrirse,Becas Nutrirse Vianda,False,no_show,2026-07-22 08:47:10.432000-03:00,,,False,
G-00569,generado_ia,2026-07-22,Estudiantes,Estudiante de Grado,False,no_show,2026-07-22 08:48:33.106000-03:00,,,False,
G-00570,generado_ia,2026-07-22,Estudiantes,Estudiante de Grado,False,no_show,2026-07-22 08:49:17.861000-03:00,,,False,
G-00571,generado_ia,2026-07-22,Estudiantes,Estudiante de Grado,False,no_show,2026-07-22 08:50:11.885000-03:00,,,False,
G-00572,generado_ia,2026-07-22,Estudiantes,Estudiante de Grado,False,no_show,2026-07-22 08:50:28.893000-03:00,,,False,
G-00573,generado_ia,2026-07-22,Becas Nutrirse,Becas Nutrirse Vianda,False,canceled,2026-07-22 08:53:46.225000-03:00,2026-07-22 09:08:03.480000-03:00,,False,
G-00574,generado_ia,2026-07-22,Becas Nutrirse,Becas Nutrirse Vianda,False,no_show,2026-07-22 08:57:03.731000-03:00,,,False,
G-00575,generado_ia,2026-07-22,Estudiantes,Estudiante de Grado,False,no_show,2026-07-22 08:57:51.217000-03:00,,,False,
G-00576,generado_ia,2026-07-22,Estudiantes,Estudiante de Grado,False,no_show,2026-07-22 09:03:18.624000-03:00,,,False,
G-00577,generado_ia,2026-07-22,Estudiantes,Estudiante de Grado,False,canceled,2026-07-22 09:03:25.387000-03:00,2026-07-22 10:21:45.919000-03:00,,False,
G-00578,generado_ia,2026-07-22,Becas Nutrirse,Becas Nutrirse Vianda,False,no_show,2026-07-22 09:06:46.680000-03:00,,,False,
G-00579,generado_ia,2026-07-22,Estudiantes,Estudiante de Grado,False,no_show,2026-07-22 09:10:25.094000-03:00,,,False,
G-00580,generado_ia,2026-07-22,Estudiantes,Estudiante Preuniversitario Monserrat,False,no_show,2026-07-22 09:10:39.621000-03:00,,,False,
G-00581,generado_ia,2026-07-22,Becas Nutrirse,Becas Nutrirse Vianda,False,canceled,2026-07-22 09:15:23.274000-03:00,2026-07-22 10:03:18.402000-03:00,,False,
G-00582,generado_ia,2026-07-22,Estudiantes,Estudiante de Grado,False,no_show,2026-07-22 09:15:33.497000-03:00,,,False,
G-00583,generado_ia,2026-07-22,Becas Nutrirse,Becas Nutrirse Vianda,False,canceled,2026-07-22 09:15:46.698000-03:00,2026-07-22 10:18:29.370000-03:00,,False,
G-00584,generado_ia,2026-07-22,Becas Nutrirse,Becas Nutrirse Vianda,False,no_show,2026-07-22 09:21:19.370000-03:00,,,False,
G-00585,generado_ia,2026-07-22,Estudiantes,Estudiante de Grado,False,no_show,2026-07-22 09:21:44.611000-03:00,,,False,
G-00586,generado_ia,2026-07-22,Estudiantes,Estudiante de Grado,False,canceled,2026-07-22 09:25:19.678000-03:00,2026-07-22 09:34:40.708000-03:00,,False,
G-00587,generado_ia,2026-07-22,Becas Nutrirse,Becas Nutrirse Vianda,False,no_show,2026-07-22 09:30:37.907000-03:00,,,False,
G-00588,generado_ia,2026-07-22,Estudiantes,Estudiante de Grado,False,no_show,2026-07-22 09:32:47.928000-03:00,,,False,
G-00589,generado_ia,2026-07-22,Estudiantes,Estudiante de Grado,False,no_show,2026-07-22 09:32:50.215000-03:00,,,False,
G-00590,generado_ia,2026-07-22,Becas personal,Becas Docentes,False,no_show,2026-07-22 09:33:15.733000-03:00,,,False,
G-00591,generado_ia,2026-07-22,Estudiantes,Estudiante de Grado,False,no_show,2026-07-22 09:36:01.146000-03:00,,,False,
G-00592,generado_ia,2026-07-22,Estudiantes,Estudiante de Grado,False,no_show,2026-07-22 09:36:38.078000-03:00,,,False,
G-00593,generado_ia,2026-07-22,Becas Nutrirse,Becas Nutrirse Vianda,False,no_show,2026-07-22 09:43:16.152000-03:00,,,False,
G-00594,generado_ia,2026-07-22,Becas Nutrirse,Becas Nutrirse Vianda,False,canceled,2026-07-22 09:47:28.011000-03:00,2026-07-22 10:48:41.985000-03:00,,False,
G-00595,generado_ia,2026-07-22,Estudiantes,Estudiante de Grado,False,no_show,2026-07-22 09:49:00.877000-03:00,,,False,
G-00596,generado_ia,2026-07-22,Estudiantes,Estudiante de Grado,False,no_show,2026-07-22 09:49:05.585000-03:00,,,False,
G-00597,generado_ia,2026-07-22,Estudiantes,Estudiante de Grado,False,no_show,2026-07-22 09:49:45.692000-03:00,,,False,
G-00598,generado_ia,2026-07-22,Estudiantes,Estudiante de Grado,False,no_show,2026-07-22 09:55:05.838000-03:00,,,False,
G-00599,generado_ia,2026-07-22,Becas Nutrirse,Becas Nutrirse Vianda,False,canceled,2026-07-22 09:56:12.192000-03:00,2026-07-22 10:49:46.111000-03:00,,False,
G-00600,generado_ia,2026-07-22,Becas Nutrirse,Becas Nutrirse Vianda,False,no_show,2026-07-22 10:00:00.527000-03:00,,,False,
G-00601,generado_ia,2026-07-22,Becas Nutrirse,Becas Nutrirse Vianda,False,canceled,2026-07-22 10:01:33.209000-03:00,2026-07-22 10:03:26.429000-03:00,,False,
G-00602,generado_ia,2026-07-22,Becas Nutrirse,Becas Nutrirse Vianda,False,no_show,2026-07-22 10:06:15.749000-03:00,,,False,
G-00603,generado_ia,2026-07-22,Estudiantes,Estudiante de Grado,False,canceled,2026-07-22 10:07:09.496000-03:00,2026-07-22 10:19:09.446000-03:00,,False,
G-00604,generado_ia,2026-07-22,Estudiantes,Estudiante de Grado,False,no_show,2026-07-22 10:07:20.395000-03:00,,,False,
G-00605,generado_ia,2026-07-22,Estudiantes,Estudiante de Grado,False,no_show,2026-07-22 10:09:04.539000-03:00,,,False,
G-00606,generado_ia,2026-07-22,Estudiantes,Estudiante de Grado,False,no_show,2026-07-22 10:11:13.283000-03:00,,,False,
G-00607,generado_ia,2026-07-22,Becas personal,Becas Nodocentes,False,canceled,2026-07-22 10:14:08.899000-03:00,2026-07-22 10:22:24.080000-03:00,,False,
G-00608,generado_ia,2026-07-22,Becas Nutrirse,Becas Nutrirse Vianda,False,no_show,2026-07-22 10:15:13.068000-03:00,,,False,
G-00609,generado_ia,2026-07-22,Becas Nutrirse,Becas Nutrirse Vianda,False,no_show,2026-07-22 10:16:55.585000-03:00,,,False,
G-00610,generado_ia,2026-07-22,Estudiantes,Estudiante de Grado,False,no_show,2026-07-22 10:19:11.965000-03:00,,,False,
G-00611,generado_ia,2026-07-22,Becas personal,Becas Nodocentes,False,no_show,2026-07-22 10:26:05.505000-03:00,,,False,
G-00612,generado_ia,2026-07-22,Estudiantes,Estudiante de Grado,False,no_show,2026-07-22 10:27:30.518000-03:00,,,False,
G-00613,generado_ia,2026-07-22,Estudiantes,Estudiante de Grado,False,no_show,2026-07-22 10:32:20.186000-03:00,,,False,
G-00614,generado_ia,2026-07-22,Becas personal,Becas Nodocentes,False,no_show,2026-07-22 10:40:05.354000-03:00,,,False,
G-00615,generado_ia,2026-07-22,Estudiantes,Estudiante de Grado,False,canceled,2026-07-22 10:45:38.472000-03:00,2026-07-22 10:56:59.139000-03:00,,False,
G-00616,generado_ia,2026-07-22,Personal,Nodocente,False,no_show,2026-07-22 10:47:01.507000-03:00,,,False,
G-00617,generado_ia,2026-07-22,Estudiantes,Estudiante de Grado,False,no_show,2026-07-22 10:48:43.827000-03:00,,,False,
G-00618,generado_ia,2026-07-22,Estudiantes,Estudiante de Grado,False,no_show,2026-07-22 10:49:34.938000-03:00,,,False,
G-00619,generado_ia,2026-07-23,Estudiantes,Estudiante de Grado,False,no_show,2026-07-23 08:01:07.788000-03:00,,,False,
G-00620,generado_ia,2026-07-23,Estudiantes,Estudiante de Grado,False,no_show,2026-07-23 08:01:12.350000-03:00,,,False,
G-00621,generado_ia,2026-07-23,Estudiantes,Estudiante de Grado,False,no_show,2026-07-23 08:01:27.780000-03:00,,,False,
G-00622,generado_ia,2026-07-23,Becas Nutrirse,Becas Nutrirse Vianda,False,no_show,2026-07-23 08:01:57.555000-03:00,,,False,
G-00623,generado_ia,2026-07-23,Becas Nutrirse,Becas Nutrirse Vianda,False,no_show,2026-07-23 08:02:19.572000-03:00,,,False,
G-00624,generado_ia,2026-07-23,Becas personal,Becas Nodocentes,False,no_show,2026-07-23 08:03:09.838000-03:00,,,False,
G-00625,generado_ia,2026-07-23,Becas Nutrirse,Becas Nutrirse Vianda,False,canceled,2026-07-23 08:03:21.734000-03:00,2026-07-23 09:31:29.545000-03:00,,False,
G-00626,generado_ia,2026-07-23,Estudiantes,Estudiante de Grado,False,no_show,2026-07-23 08:03:24.865000-03:00,,,False,
G-00627,generado_ia,2026-07-23,Estudiantes,Estudiante de Grado,False,no_show,2026-07-23 08:04:57.003000-03:00,,,False,
G-00628,generado_ia,2026-07-23,Estudiantes,Estudiante de Grado,False,canceled,2026-07-23 08:06:05.328000-03:00,2026-07-23 10:49:29.573000-03:00,,False,
G-00629,generado_ia,2026-07-23,Estudiantes,Estudiante de Grado,False,no_show,2026-07-23 08:07:44.977000-03:00,,,False,
G-00630,generado_ia,2026-07-23,Becas personal,Becas Docentes,False,canceled,2026-07-23 08:08:06.643000-03:00,2026-07-23 10:06:52.010000-03:00,,False,
G-00631,generado_ia,2026-07-23,Becas Nutrirse,Becas Nutrirse Vianda,False,no_show,2026-07-23 08:10:57.718000-03:00,,,False,
G-00632,generado_ia,2026-07-23,Estudiantes,Estudiante de Grado,False,canceled,2026-07-23 08:16:44.629000-03:00,2026-07-23 10:32:14.636000-03:00,,False,
G-00633,generado_ia,2026-07-23,Estudiantes,Estudiante de Grado,False,no_show,2026-07-23 08:17:50.323000-03:00,,,False,
G-00634,generado_ia,2026-07-23,Estudiantes,Estudiante de Grado,False,no_show,2026-07-23 08:21:19.427000-03:00,,,False,
G-00635,generado_ia,2026-07-23,Becas Nutrirse,Becas Nutrirse Vianda,False,no_show,2026-07-23 08:21:48.353000-03:00,,,False,
G-00636,generado_ia,2026-07-23,Becas Nutrirse,Becas Nutrirse Vianda,False,canceled,2026-07-23 08:28:34.345000-03:00,2026-07-23 10:44:35.293000-03:00,,False,
G-00637,generado_ia,2026-07-23,Estudiantes,Estudiante de Grado,False,no_show,2026-07-23 08:32:39.638000-03:00,,,False,
G-00638,generado_ia,2026-07-23,Estudiantes,Estudiante de Grado,False,no_show,2026-07-23 08:32:48.425000-03:00,,,False,
G-00639,generado_ia,2026-07-23,Estudiantes,Estudiante de Grado,False,no_show,2026-07-23 08:33:50.574000-03:00,,,False,
G-00640,generado_ia,2026-07-23,Estudiantes,Estudiante de Grado,False,no_show,2026-07-23 08:39:08.838000-03:00,,,False,
G-00641,generado_ia,2026-07-23,Becas personal,Becas Nodocentes,False,no_show,2026-07-23 08:39:54.058000-03:00,,,False,
G-00642,generado_ia,2026-07-23,Becas personal,Becas Docentes,False,no_show,2026-07-23 08:40:35.016000-03:00,,,False,
G-00643,generado_ia,2026-07-23,Estudiantes,Estudiante de Grado,False,no_show,2026-07-23 08:44:02.835000-03:00,,,False,
G-00644,generado_ia,2026-07-23,Estudiantes,Estudiante de Grado,False,no_show,2026-07-23 08:44:51.778000-03:00,,,False,
G-00645,generado_ia,2026-07-23,Estudiantes,Estudiante de Grado,False,no_show,2026-07-23 08:44:54.481000-03:00,,,False,
G-00646,generado_ia,2026-07-23,Becas Nutrirse,Becas Nutrirse Vianda,False,canceled,2026-07-23 08:46:34.214000-03:00,2026-07-23 10:35:40.491000-03:00,,False,
G-00647,generado_ia,2026-07-23,Becas Nutrirse,Becas Nutrirse Vianda,False,no_show,2026-07-23 08:50:16.913000-03:00,,,False,
G-00648,generado_ia,2026-07-23,Becas Nutrirse,Becas Nutrirse Vianda,False,no_show,2026-07-23 08:51:39.138000-03:00,,,False,
G-00649,generado_ia,2026-07-23,Estudiantes,Estudiante de Grado,False,no_show,2026-07-23 08:52:18.341000-03:00,,,False,
G-00650,generado_ia,2026-07-23,Becas Nutrirse,Becas Nutrirse Vianda,False,no_show,2026-07-23 08:54:19.885000-03:00,,,False,
G-00651,generado_ia,2026-07-23,Estudiantes,Estudiante de Grado,False,no_show,2026-07-23 08:57:21.560000-03:00,,,False,
G-00652,generado_ia,2026-07-23,Estudiantes,Estudiante de Grado,False,no_show,2026-07-23 08:59:12.499000-03:00,,,False,
G-00653,generado_ia,2026-07-23,Becas Nutrirse,Becas Nutrirse Vianda,False,no_show,2026-07-23 09:00:32.452000-03:00,,,False,
G-00654,generado_ia,2026-07-23,Becas Nutrirse,Becas Nutrirse Vianda,False,no_show,2026-07-23 09:09:39.590000-03:00,,,False,
G-00655,generado_ia,2026-07-23,Estudiantes,Estudiante de Grado,False,no_show,2026-07-23 09:10:45.650000-03:00,,,False,
G-00656,generado_ia,2026-07-23,Estudiantes,Estudiante de Grado,False,no_show,2026-07-23 09:13:08.142000-03:00,,,False,
G-00657,generado_ia,2026-07-23,Becas Nutrirse,Becas Nutrirse Vianda,False,no_show,2026-07-23 09:16:11.990000-03:00,,,False,
G-00658,generado_ia,2026-07-23,Personal,Nodocente,False,no_show,2026-07-23 09:16:40.268000-03:00,,,False,
G-00659,generado_ia,2026-07-23,Becas Nutrirse,Becas Nutrirse Vianda,False,no_show,2026-07-23 09:18:47.618000-03:00,,,False,
G-00660,generado_ia,2026-07-23,Estudiantes,Estudiante de Grado,False,canceled,2026-07-23 09:23:14.771000-03:00,2026-07-23 10:21:54.621000-03:00,,False,
G-00661,generado_ia,2026-07-23,Becas Nutrirse,Becas Nutrirse Vianda,False,canceled,2026-07-23 09:23:43.461000-03:00,2026-07-23 10:11:30.954000-03:00,,False,
G-00662,generado_ia,2026-07-23,Becas Nutrirse,Becas Nutrirse Vianda,False,canceled,2026-07-23 09:25:00.600000-03:00,2026-07-23 10:00:51.376000-03:00,,False,
G-00663,generado_ia,2026-07-23,Becas Nutrirse,Becas Nutrirse Vianda,False,no_show,2026-07-23 09:25:57.464000-03:00,,,False,
G-00664,generado_ia,2026-07-23,Estudiantes,Estudiante de Grado,False,no_show,2026-07-23 09:29:10.217000-03:00,,,False,
G-00665,generado_ia,2026-07-23,Becas Nutrirse,Becas Nutrirse Vianda,False,canceled,2026-07-23 09:29:45.639000-03:00,2026-07-23 10:37:31.240000-03:00,,False,
G-00666,generado_ia,2026-07-23,Estudiantes,Estudiante de Grado,False,no_show,2026-07-23 09:30:21.250000-03:00,,,False,
G-00667,generado_ia,2026-07-23,Estudiantes,Estudiante de Grado,False,canceled,2026-07-23 09:30:30.586000-03:00,2026-07-23 10:52:57.146000-03:00,,False,
G-00668,generado_ia,2026-07-23,Becas Nutrirse,Becas Nutrirse Vianda,False,canceled,2026-07-23 09:30:51.909000-03:00,2026-07-23 10:39:58.673000-03:00,,False,
G-00669,generado_ia,2026-07-23,Estudiantes,Usuario de Postgrado,False,canceled,2026-07-23 09:32:27.363000-03:00,2026-07-23 10:17:47.818000-03:00,,False,
G-00670,generado_ia,2026-07-23,Estudiantes,Estudiante de Grado,False,no_show,2026-07-23 09:34:34.757000-03:00,,,False,
G-00671,generado_ia,2026-07-23,Estudiantes,Estudiante de Grado,False,no_show,2026-07-23 09:36:25.792000-03:00,,,False,
G-00672,generado_ia,2026-07-23,Estudiantes,Estudiante de Grado,False,no_show,2026-07-23 09:37:19.905000-03:00,,,False,
G-00673,generado_ia,2026-07-23,Estudiantes,Estudiante de Grado,False,no_show,2026-07-23 09:40:55.832000-03:00,,,False,
G-00674,generado_ia,2026-07-23,Personal,Nodocente,False,no_show,2026-07-23 09:42:33.967000-03:00,,,False,
G-00675,generado_ia,2026-07-23,Estudiantes,Estudiante de Grado,False,no_show,2026-07-23 09:51:58.728000-03:00,,,False,
G-00676,generado_ia,2026-07-23,Becas Nutrirse,Becas Nutrirse Vianda,False,no_show,2026-07-23 09:54:56.792000-03:00,,,False,
G-00677,generado_ia,2026-07-23,Estudiantes,Estudiante de Grado,False,canceled,2026-07-23 09:57:41.342000-03:00,2026-07-23 10:12:17.769000-03:00,,False,
G-00678,generado_ia,2026-07-23,Becas Nutrirse,Becas Nutrirse Vianda,False,canceled,2026-07-23 09:58:35.770000-03:00,2026-07-23 10:54:51.227000-03:00,,False,
G-00679,generado_ia,2026-07-23,Becas Nutrirse,Becas Nutrirse Vianda,False,no_show,2026-07-23 10:01:25.299000-03:00,,,False,
G-00680,generado_ia,2026-07-23,Estudiantes,Estudiante de Grado,False,no_show,2026-07-23 10:03:31.151000-03:00,,,False,
G-00681,generado_ia,2026-07-23,Becas Nutrirse,Becas Nutrirse Vianda,False,no_show,2026-07-23 10:06:42.478000-03:00,,,False,
G-00682,generado_ia,2026-07-23,Becas Nutrirse,Becas Nutrirse Vianda,False,no_show,2026-07-23 10:11:35.405000-03:00,,,False,
G-00683,generado_ia,2026-07-23,Becas Nutrirse,Becas Nutrirse Vianda,False,canceled,2026-07-23 10:13:17.024000-03:00,2026-07-23 10:41:02.620000-03:00,,False,
G-00684,generado_ia,2026-07-23,Estudiantes,Estudiante de Grado,False,no_show,2026-07-23 10:21:00-03:00,,,False,
G-00685,generado_ia,2026-07-23,Becas personal,Becas Docentes,False,no_show,2026-07-23 10:25:52.252000-03:00,,,False,
G-00686,generado_ia,2026-07-23,Becas Nutrirse,Becas Nutrirse Vianda,False,no_show,2026-07-23 10:31:45.731000-03:00,,,False,
G-00687,generado_ia,2026-07-23,Becas Nutrirse,Becas Nutrirse Vianda,False,no_show,2026-07-23 10:31:53.114000-03:00,,,False,
G-00688,generado_ia,2026-07-23,Becas Nutrirse,Becas Nutrirse Vianda,False,no_show,2026-07-23 10:32:51.783000-03:00,,,False,
G-00689,generado_ia,2026-07-23,Becas Nutrirse,Becas Nutrirse Vianda,False,canceled,2026-07-23 10:33:15.050000-03:00,2026-07-23 10:36:39.414000-03:00,,False,
G-00690,generado_ia,2026-07-23,Estudiantes,Estudiante de Grado,False,no_show,2026-07-23 10:34:06.775000-03:00,,,False,
G-00691,generado_ia,2026-07-23,Estudiantes,Estudiante de Grado,False,no_show,2026-07-23 10:34:51.711000-03:00,,,False,
G-00692,generado_ia,2026-07-23,Becas Nutrirse,Becas Nutrirse Vianda,False,no_show,2026-07-23 10:35:49.363000-03:00,,,False,
G-00693,generado_ia,2026-07-23,Becas Nutrirse,Becas Nutrirse Vianda,False,no_show,2026-07-23 10:42:13.376000-03:00,,,False,
G-00694,generado_ia,2026-07-23,Estudiantes,Estudiante de Grado,False,no_show,2026-07-23 10:42:24.030000-03:00,,,False,
G-00695,generado_ia,2026-07-23,Estudiantes,Estudiante de Grado,False,no_show,2026-07-23 10:45:22.296000-03:00,,,False,
G-00696,generado_ia,2026-07-23,Estudiantes,Estudiante de Grado,False,no_show,2026-07-23 10:45:35.650000-03:00,,,False,
G-00697,generado_ia,2026-07-23,Becas Nutrirse,Becas Nutrirse Vianda,False,no_show,2026-07-23 10:46:28.939000-03:00,,,False,
G-00698,generado_ia,2026-07-23,Becas personal,Becas Nodocentes,False,no_show,2026-07-23 10:48:12.829000-03:00,,,False,
G-00699,generado_ia,2026-07-23,Becas Nutrirse,Becas Nutrirse Vianda,False,no_show,2026-07-23 10:48:23.363000-03:00,,,False,
G-00700,generado_ia,2026-07-23,Estudiantes,Estudiante de Grado,False,canceled,2026-07-23 10:53:13.787000-03:00,2026-07-23 10:57:39.514000-03:00,,False,
G-00701,generado_ia,2026-07-23,Estudiantes,Estudiante de Grado,False,no_show,2026-07-23 10:55:01.494000-03:00,,,False,
G-00702,generado_ia,2026-07-23,Estudiantes,Estudiante de Grado,False,no_show,2026-07-23 10:55:22.417000-03:00,,,False,
G-00703,generado_ia,2026-07-23,Becas Nutrirse,Becas Nutrirse Vianda,False,canceled,2026-07-23 10:57:04.917000-03:00,2026-07-23 10:59:40.849000-03:00,,False,
G-00704,generado_ia,2026-07-24,Estudiantes,Estudiante de Grado,False,no_show,2026-07-24 08:00:55.139000-03:00,,,False,
G-00705,generado_ia,2026-07-24,Estudiantes,Estudiante de Grado,False,no_show,2026-07-24 08:01:07.413000-03:00,,,False,
G-00706,generado_ia,2026-07-24,Estudiantes,Estudiante de Grado,False,no_show,2026-07-24 08:01:24.644000-03:00,,,False,
G-00707,generado_ia,2026-07-24,Becas Nutrirse,Becas Nutrirse Vianda,False,no_show,2026-07-24 08:01:38.726000-03:00,,,False,
G-00708,generado_ia,2026-07-24,Estudiantes,Estudiante de Grado,False,canceled,2026-07-24 08:04:22.990000-03:00,2026-07-24 09:57:48.156000-03:00,,False,
G-00709,generado_ia,2026-07-24,Estudiantes,Estudiante de Grado,False,no_show,2026-07-24 08:06:09.740000-03:00,,,False,
G-00710,generado_ia,2026-07-24,Estudiantes,Estudiante de Grado,False,no_show,2026-07-24 08:07:31.215000-03:00,,,False,
G-00711,generado_ia,2026-07-24,Becas Nutrirse,Becas Nutrirse Vianda,False,canceled,2026-07-24 08:08:04.209000-03:00,2026-07-24 08:49:24.765000-03:00,,False,
G-00712,generado_ia,2026-07-24,Becas personal,Becas Nodocentes,False,canceled,2026-07-24 08:19:16.212000-03:00,2026-07-24 10:41:21.063000-03:00,,False,
G-00713,generado_ia,2026-07-24,Estudiantes,Estudiante de Grado,False,no_show,2026-07-24 08:19:36.019000-03:00,,,False,
G-00714,generado_ia,2026-07-24,Becas Nutrirse,Becas Nutrirse Vianda,False,no_show,2026-07-24 08:23:38.895000-03:00,,,False,
G-00715,generado_ia,2026-07-24,Estudiantes,Estudiante de Grado,False,no_show,2026-07-24 08:27:24.458000-03:00,,,False,
G-00716,generado_ia,2026-07-24,Estudiantes,Estudiante de Grado,False,no_show,2026-07-24 08:32:06.101000-03:00,,,False,
G-00717,generado_ia,2026-07-24,Becas Nutrirse,Becas Nutrirse Vianda,False,canceled,2026-07-24 08:34:31.383000-03:00,2026-07-24 10:54:15.941000-03:00,,False,
G-00718,generado_ia,2026-07-24,Becas personal,Becas Docentes,False,no_show,2026-07-24 08:35:03.984000-03:00,,,False,
G-00719,generado_ia,2026-07-24,Personal,Docente,False,canceled,2026-07-24 08:35:23.187000-03:00,2026-07-24 09:30:17.263000-03:00,,False,
G-00720,generado_ia,2026-07-24,Estudiantes,Estudiante de Grado,False,canceled,2026-07-24 08:37:19.181000-03:00,2026-07-24 10:46:05.866000-03:00,,False,
G-00721,generado_ia,2026-07-24,Estudiantes,Estudiante de Grado,False,no_show,2026-07-24 08:38:16.016000-03:00,,,False,
G-00722,generado_ia,2026-07-24,Becas Nutrirse,Becas Nutrirse Vianda,False,canceled,2026-07-24 08:38:40.202000-03:00,2026-07-24 10:46:26.660000-03:00,,False,
G-00723,generado_ia,2026-07-24,Becas Nutrirse,Becas Nutrirse Vianda,False,no_show,2026-07-24 08:41:06.462000-03:00,,,False,
G-00724,generado_ia,2026-07-24,Estudiantes,Estudiante de Grado,False,no_show,2026-07-24 08:41:47.332000-03:00,,,False,
G-00725,generado_ia,2026-07-24,Estudiantes,Estudiante de Grado,False,no_show,2026-07-24 08:43:50.226000-03:00,,,False,
G-00726,generado_ia,2026-07-24,Estudiantes,Estudiante de Grado,False,no_show,2026-07-24 08:44:27.501000-03:00,,,False,
G-00727,generado_ia,2026-07-24,Estudiantes,Estudiante de Grado,False,no_show,2026-07-24 08:44:44.170000-03:00,,,False,
G-00728,generado_ia,2026-07-24,Becas Nutrirse,Becas Nutrirse Vianda,False,no_show,2026-07-24 08:45:14.695000-03:00,,,False,
G-00729,generado_ia,2026-07-24,Estudiantes,Estudiante de Grado,False,no_show,2026-07-24 08:47:22.157000-03:00,,,False,
G-00730,generado_ia,2026-07-24,Estudiantes,Estudiante de Grado,False,no_show,2026-07-24 08:48:06.444000-03:00,,,False,
G-00731,generado_ia,2026-07-24,Estudiantes,Estudiante de Grado,False,no_show,2026-07-24 08:49:11.422000-03:00,,,False,
G-00732,generado_ia,2026-07-24,Estudiantes,Estudiante de Grado,False,no_show,2026-07-24 08:50:02.658000-03:00,,,False,
G-00733,generado_ia,2026-07-24,Estudiantes,Estudiante de Grado,False,no_show,2026-07-24 08:50:35.839000-03:00,,,False,
G-00734,generado_ia,2026-07-24,Estudiantes,Estudiante de Grado,False,no_show,2026-07-24 08:55:58.224000-03:00,,,False,
G-00735,generado_ia,2026-07-24,Estudiantes,Estudiante de Grado,False,canceled,2026-07-24 08:58:47.584000-03:00,2026-07-24 10:19:28.758000-03:00,,False,
G-00736,generado_ia,2026-07-24,Personal,Nodocente,False,no_show,2026-07-24 09:06:44.548000-03:00,,,False,
G-00737,generado_ia,2026-07-24,Estudiantes,Estudiante de Grado,False,canceled,2026-07-24 09:13:09.055000-03:00,2026-07-24 09:24:29.808000-03:00,,False,
G-00738,generado_ia,2026-07-24,Becas Nutrirse,Becas Nutrirse Vianda,False,no_show,2026-07-24 09:19:45.761000-03:00,,,False,
G-00739,generado_ia,2026-07-24,Becas Nutrirse,Becas Nutrirse Vianda,False,no_show,2026-07-24 09:21:24.421000-03:00,,,False,
G-00740,generado_ia,2026-07-24,Becas Nutrirse,Becas Nutrirse Vianda,False,no_show,2026-07-24 09:23:11.427000-03:00,,,False,
G-00741,generado_ia,2026-07-24,Estudiantes,Estudiante de Grado,False,no_show,2026-07-24 09:27:38.501000-03:00,,,False,
G-00742,generado_ia,2026-07-24,Personal,Nodocente,False,no_show,2026-07-24 09:27:50.412000-03:00,,,False,
G-00743,generado_ia,2026-07-24,Personal,Nodocente,False,no_show,2026-07-24 09:48:27.954000-03:00,,,False,
G-00744,generado_ia,2026-07-24,Becas Nutrirse,Becas Nutrirse Vianda,False,no_show,2026-07-24 09:49:52.780000-03:00,,,False,
G-00745,generado_ia,2026-07-24,Estudiantes,Estudiante de Grado,False,no_show,2026-07-24 09:57:18.406000-03:00,,,False,
G-00746,generado_ia,2026-07-24,Becas personal,Becas Nodocentes,False,canceled,2026-07-24 10:02:59.193000-03:00,2026-07-24 10:18:09.285000-03:00,,False,
G-00747,generado_ia,2026-07-24,Becas personal,Becas Nodocentes,False,no_show,2026-07-24 10:14:34.216000-03:00,,,False,
G-00748,generado_ia,2026-07-24,Personal,Nodocente,False,no_show,2026-07-24 10:21:28.522000-03:00,,,False,
G-00749,generado_ia,2026-07-24,Estudiantes,Estudiante de Grado,False,canceled,2026-07-24 10:23:15.215000-03:00,2026-07-24 10:27:54.757000-03:00,,False,
G-00750,generado_ia,2026-07-24,Becas Nutrirse,Becas Nutrirse Vianda,False,canceled,2026-07-24 10:25:17.082000-03:00,2026-07-24 10:36:42.396000-03:00,,False,
G-00751,generado_ia,2026-07-24,Becas personal,Becas Nodocentes,False,canceled,2026-07-24 10:27:20.830000-03:00,2026-07-24 10:49:47.794000-03:00,,False,
G-00752,generado_ia,2026-07-24,Estudiantes,Estudiante de Grado,False,canceled,2026-07-24 10:27:39.075000-03:00,2026-07-24 10:29:41.924000-03:00,,False,
G-00753,generado_ia,2026-07-24,Becas personal,Becas Nodocentes,False,no_show,2026-07-24 10:31:55.266000-03:00,,,False,
G-00754,generado_ia,2026-07-24,Estudiantes,Estudiante de Grado,False,canceled,2026-07-24 10:32:08.177000-03:00,2026-07-24 10:37:07.590000-03:00,,False,
G-00755,generado_ia,2026-07-24,Estudiantes,Estudiante de Grado,False,no_show,2026-07-24 10:35:13.032000-03:00,,,False,
G-00756,generado_ia,2026-07-24,Estudiantes,Estudiante de Grado,False,no_show,2026-07-24 10:35:48.058000-03:00,,,False,
G-00757,generado_ia,2026-07-24,Becas Nutrirse,Becas Nutrirse Vianda,False,no_show,2026-07-24 10:45:31.380000-03:00,,,False,
G-00758,generado_ia,2026-07-24,Estudiantes,Estudiante de Grado,False,no_show,2026-07-24 10:46:30.479000-03:00,,,False,
G-00759,generado_ia,2026-07-24,Estudiantes,Estudiante de Grado,False,no_show,2026-07-24 10:46:43.414000-03:00,,,False,
G-00760,generado_ia,2026-07-24,Becas Nutrirse,Becas Nutrirse Vianda,False,canceled,2026-07-24 10:50:51.848000-03:00,2026-07-24 10:57:49.073000-03:00,,False,
G-00761,generado_ia,2026-07-24,Becas Nutrirse,Becas Nutrirse Vianda,False,canceled,2026-07-24 10:52:31.690000-03:00,2026-07-24 10:57:15.943000-03:00,,False,
G-00762,generado_ia,2026-07-24,Estudiantes,Estudiante de Grado,False,no_show,2026-07-24 10:54:56.942000-03:00,,,False,
G-00763,generado_ia,2026-07-24,Becas Nutrirse,Becas Nutrirse Vianda,False,no_show,2026-07-24 10:56:16.848000-03:00,,,False,
G-00764,generado_ia,2026-07-27,Estudiantes,Estudiante de Grado,False,no_show,2026-07-27 08:00:20.359000-03:00,,,False,
G-00765,generado_ia,2026-07-27,Estudiantes,Estudiante de Grado,False,no_show,2026-07-27 08:00:40.671000-03:00,,,False,
G-00766,generado_ia,2026-07-27,Becas personal,Becas Nodocentes,False,canceled,2026-07-27 08:01:16.226000-03:00,2026-07-27 10:04:11.315000-03:00,,False,
G-00767,generado_ia,2026-07-27,Estudiantes,Estudiante de Grado,False,no_show,2026-07-27 08:01:22.781000-03:00,,,False,
G-00768,generado_ia,2026-07-27,Estudiantes,Estudiante de Grado,False,no_show,2026-07-27 08:01:23.014000-03:00,,,False,
G-00769,generado_ia,2026-07-27,Becas Nutrirse,Becas Nutrirse Vianda,False,no_show,2026-07-27 08:02:03.525000-03:00,,,False,
G-00770,generado_ia,2026-07-27,Becas Nutrirse,Becas Nutrirse Vianda,False,no_show,2026-07-27 08:02:09.090000-03:00,,,False,
G-00771,generado_ia,2026-07-27,Becas Nutrirse,Becas Nutrirse Vianda,False,no_show,2026-07-27 08:02:28.765000-03:00,,,False,
G-00772,generado_ia,2026-07-27,Estudiantes,Estudiante de Grado,False,canceled,2026-07-27 08:04:18.687000-03:00,2026-07-27 09:57:47.778000-03:00,,False,
G-00773,generado_ia,2026-07-27,Becas Nutrirse,Becas Nutrirse Vianda,False,no_show,2026-07-27 08:06:14.689000-03:00,,,False,
G-00774,generado_ia,2026-07-27,Estudiantes,Estudiante de Grado,False,canceled,2026-07-27 08:09:09.663000-03:00,2026-07-27 09:04:18.943000-03:00,,False,
G-00775,generado_ia,2026-07-27,Becas Nutrirse,Becas Nutrirse Vianda,False,canceled,2026-07-27 08:09:16.219000-03:00,2026-07-27 10:49:30.102000-03:00,,False,
G-00776,generado_ia,2026-07-27,Estudiantes,Estudiante de Grado,False,no_show,2026-07-27 08:10:01.884000-03:00,,,False,
G-00777,generado_ia,2026-07-27,Estudiantes,Estudiante de Grado,False,no_show,2026-07-27 08:10:37.088000-03:00,,,False,
G-00778,generado_ia,2026-07-27,Becas Nutrirse,Becas Nutrirse Vianda,False,no_show,2026-07-27 08:10:37.330000-03:00,,,False,
G-00779,generado_ia,2026-07-27,Becas Nutrirse,Becas Nutrirse Vianda,False,no_show,2026-07-27 08:10:38.486000-03:00,,,False,
G-00780,generado_ia,2026-07-27,Becas Nutrirse,Becas Nutrirse Vianda,False,canceled,2026-07-27 08:11:46.928000-03:00,2026-07-27 09:30:21.849000-03:00,,False,
G-00781,generado_ia,2026-07-27,Becas Nutrirse,Becas Nutrirse Vianda,False,no_show,2026-07-27 08:13:44.713000-03:00,,,False,
G-00782,generado_ia,2026-07-27,Becas Nutrirse,Becas Nutrirse Vianda,False,no_show,2026-07-27 08:13:49.978000-03:00,,,False,
G-00783,generado_ia,2026-07-27,Becas Nutrirse,Becas Nutrirse Vianda,False,no_show,2026-07-27 08:14:17.950000-03:00,,,False,
G-00784,generado_ia,2026-07-27,Estudiantes,Estudiante de Grado,False,canceled,2026-07-27 08:15:32.169000-03:00,2026-07-27 08:34:34.059000-03:00,,False,
G-00785,generado_ia,2026-07-27,Estudiantes,Estudiante de Grado,False,no_show,2026-07-27 08:16:31.367000-03:00,,,False,
G-00786,generado_ia,2026-07-27,Estudiantes,Estudiante de Grado,False,no_show,2026-07-27 08:19:01.008000-03:00,,,False,
G-00787,generado_ia,2026-07-27,Estudiantes,Estudiante de Grado,False,no_show,2026-07-27 08:20:10.411000-03:00,,,False,
G-00788,generado_ia,2026-07-27,Becas personal,Becas Nodocentes,False,no_show,2026-07-27 08:21:59.360000-03:00,,,False,
G-00789,generado_ia,2026-07-27,Becas personal,Becas Nodocentes,False,no_show,2026-07-27 08:22:31.812000-03:00,,,False,
G-00790,generado_ia,2026-07-27,Estudiantes,Estudiante de Grado,False,canceled,2026-07-27 08:23:25.292000-03:00,2026-07-27 09:25:24.284000-03:00,,False,
G-00791,generado_ia,2026-07-27,Becas Nutrirse,Becas Nutrirse Vianda,False,no_show,2026-07-27 08:23:56.062000-03:00,,,False,
G-00792,generado_ia,2026-07-27,Estudiantes,Estudiante de Grado,False,no_show,2026-07-27 08:24:14.024000-03:00,,,False,
G-00793,generado_ia,2026-07-27,Estudiantes,Estudiante de Grado,False,no_show,2026-07-27 08:24:14.824000-03:00,,,False,
G-00794,generado_ia,2026-07-27,Estudiantes,Estudiante de Grado,False,no_show,2026-07-27 08:24:18.656000-03:00,,,False,
G-00795,generado_ia,2026-07-27,Becas Nutrirse,Becas Nutrirse Vianda,False,no_show,2026-07-27 08:26:14.392000-03:00,,,False,
G-00796,generado_ia,2026-07-27,Estudiantes,Estudiante de Grado,False,canceled,2026-07-27 08:27:07.150000-03:00,2026-07-27 10:02:57.100000-03:00,,False,
G-00797,generado_ia,2026-07-27,Becas Nutrirse,Becas Nutrirse Vianda,False,canceled,2026-07-27 08:28:08.310000-03:00,2026-07-27 08:41:02.200000-03:00,,False,
G-00798,generado_ia,2026-07-27,Estudiantes,Estudiante de Grado,False,no_show,2026-07-27 08:29:06.849000-03:00,,,False,
G-00799,generado_ia,2026-07-27,Estudiantes,Estudiante de Grado,False,no_show,2026-07-27 08:30:14.041000-03:00,,,False,
G-00800,generado_ia,2026-07-27,Estudiantes,Estudiante de Grado,False,no_show,2026-07-27 08:30:14.215000-03:00,,,False,
G-00801,generado_ia,2026-07-27,Becas Nutrirse,Becas Nutrirse Vianda,False,canceled,2026-07-27 08:33:06.244000-03:00,2026-07-27 08:47:38.250000-03:00,,False,
G-00802,generado_ia,2026-07-27,Estudiantes,Estudiante de Grado,False,no_show,2026-07-27 08:42:03.087000-03:00,,,False,
G-00803,generado_ia,2026-07-27,Personal,Docente,False,no_show,2026-07-27 08:43:13.563000-03:00,,,False,
G-00804,generado_ia,2026-07-27,Estudiantes,Estudiante de Grado,False,canceled,2026-07-27 08:45:47.175000-03:00,2026-07-27 09:30:47.669000-03:00,,False,
G-00805,generado_ia,2026-07-27,Becas Nutrirse,Becas Nutrirse Vianda,False,no_show,2026-07-27 08:46:19.817000-03:00,,,False,
G-00806,generado_ia,2026-07-27,Estudiantes,Estudiante de Grado,False,no_show,2026-07-27 08:49:52.741000-03:00,,,False,
G-00807,generado_ia,2026-07-27,Becas Nutrirse,Becas Nutrirse Vianda,False,no_show,2026-07-27 08:50:37.503000-03:00,,,False,
G-00808,generado_ia,2026-07-27,Estudiantes,Estudiante de Grado,False,canceled,2026-07-27 08:51:20.230000-03:00,2026-07-27 10:04:40.925000-03:00,,False,
G-00809,generado_ia,2026-07-27,Becas Nutrirse,Becas Nutrirse Vianda,False,canceled,2026-07-27 08:54:50.299000-03:00,2026-07-27 10:36:58.451000-03:00,,False,
G-00810,generado_ia,2026-07-27,Estudiantes,Estudiante de Grado,False,no_show,2026-07-27 08:59:21.393000-03:00,,,False,
G-00811,generado_ia,2026-07-27,Becas Nutrirse,Becas Nutrirse Vianda,False,no_show,2026-07-27 09:00:21.047000-03:00,,,False,
G-00812,generado_ia,2026-07-27,Estudiantes,Estudiante de Grado,False,no_show,2026-07-27 09:00:24.466000-03:00,,,False,
G-00813,generado_ia,2026-07-27,Becas Nutrirse,Becas Nutrirse Vianda,False,no_show,2026-07-27 09:02:18.173000-03:00,,,False,
G-00814,generado_ia,2026-07-27,Becas Nutrirse,Becas Nutrirse Vianda,False,no_show,2026-07-27 09:10:42.079000-03:00,,,False,
G-00815,generado_ia,2026-07-27,Becas Nutrirse,Becas Nutrirse Vianda,False,no_show,2026-07-27 09:11:34.855000-03:00,,,False,
G-00816,generado_ia,2026-07-27,Estudiantes,Estudiante de Grado,False,no_show,2026-07-27 09:16:31.805000-03:00,,,False,
G-00817,generado_ia,2026-07-27,Estudiantes,Estudiante de Grado,False,canceled,2026-07-27 09:18:33.056000-03:00,2026-07-27 10:56:14.133000-03:00,,False,
G-00818,generado_ia,2026-07-27,Estudiantes,Estudiante de Grado,False,no_show,2026-07-27 09:18:41.272000-03:00,,,False,
G-00819,generado_ia,2026-07-27,Becas Nutrirse,Becas Nutrirse Vianda,False,no_show,2026-07-27 09:21:55.684000-03:00,,,False,
G-00820,generado_ia,2026-07-27,Estudiantes,Estudiante de Grado,False,no_show,2026-07-27 09:22:29.937000-03:00,,,False,
G-00821,generado_ia,2026-07-27,Estudiantes,Estudiante de Grado,False,canceled,2026-07-27 09:23:34.706000-03:00,2026-07-27 10:36:41.198000-03:00,,False,
G-00822,generado_ia,2026-07-27,Becas personal,Becas Nodocentes,False,no_show,2026-07-27 09:28:06.043000-03:00,,,False,
G-00823,generado_ia,2026-07-27,Estudiantes,Estudiante de Grado,False,no_show,2026-07-27 09:30:21.483000-03:00,,,False,
G-00824,generado_ia,2026-07-27,Estudiantes,Estudiante de Grado,False,no_show,2026-07-27 09:30:25.575000-03:00,,,False,
G-00825,generado_ia,2026-07-27,Estudiantes,Estudiante de Grado,False,canceled,2026-07-27 09:34:56.251000-03:00,2026-07-27 09:41:31.637000-03:00,,False,
G-00826,generado_ia,2026-07-27,Estudiantes,Estudiante de Grado,False,no_show,2026-07-27 09:35:40.226000-03:00,,,False,
G-00827,generado_ia,2026-07-27,Estudiantes,Estudiante de Grado,False,canceled,2026-07-27 09:36:33.233000-03:00,2026-07-27 10:58:22.935000-03:00,,False,
G-00828,generado_ia,2026-07-27,Estudiantes,Estudiante de Grado,False,no_show,2026-07-27 09:42:15.834000-03:00,,,False,
G-00829,generado_ia,2026-07-27,Becas Nutrirse,Becas Nutrirse Vianda sin TACC,True,no_show,2026-07-27 09:43:58.281000-03:00,,,False,
G-00830,generado_ia,2026-07-27,Estudiantes,Estudiante de Grado,False,no_show,2026-07-27 09:44:11.398000-03:00,,,False,
G-00831,generado_ia,2026-07-27,Estudiantes,Estudiante de Grado sin TACC,True,no_show,2026-07-27 09:47:03.438000-03:00,,,False,
G-00832,generado_ia,2026-07-27,Becas Nutrirse,Becas Nutrirse Vianda,False,canceled,2026-07-27 09:49:45.207000-03:00,2026-07-27 09:55:44.343000-03:00,,False,
G-00833,generado_ia,2026-07-27,Estudiantes,Estudiante de Grado,False,no_show,2026-07-27 09:50:08.028000-03:00,,,False,
G-00834,generado_ia,2026-07-27,Estudiantes,Estudiante de Grado,False,canceled,2026-07-27 09:54:37.295000-03:00,2026-07-27 10:54:00.591000-03:00,,False,
G-00835,generado_ia,2026-07-27,Estudiantes,Estudiante de Grado,False,no_show,2026-07-27 10:06:50.644000-03:00,,,False,
G-00836,generado_ia,2026-07-27,Estudiantes,Estudiante de Grado,False,no_show,2026-07-27 10:11:37.472000-03:00,,,False,
G-00837,generado_ia,2026-07-27,Estudiantes,Estudiante de Grado,False,no_show,2026-07-27 10:15:23.854000-03:00,,,False,
G-00838,generado_ia,2026-07-27,Estudiantes,Estudiante de Grado,False,no_show,2026-07-27 10:16:55.934000-03:00,,,False,
G-00839,generado_ia,2026-07-27,Estudiantes,Estudiante de Grado,False,no_show,2026-07-27 10:17:12.579000-03:00,,,False,
G-00840,generado_ia,2026-07-27,Becas Nutrirse,Becas Nutrirse Vianda,False,canceled,2026-07-27 10:17:52.668000-03:00,2026-07-27 10:51:39.110000-03:00,,False,
G-00841,generado_ia,2026-07-27,Becas personal,Becas Nodocentes,False,canceled,2026-07-27 10:18:01.997000-03:00,2026-07-27 10:31:49.695000-03:00,,False,
G-00842,generado_ia,2026-07-27,Becas Nutrirse,Becas Nutrirse Vianda,False,canceled,2026-07-27 10:20:56.907000-03:00,2026-07-27 10:46:57.800000-03:00,,False,
G-00843,generado_ia,2026-07-27,Estudiantes,Estudiante de Grado,False,no_show,2026-07-27 10:23:48.083000-03:00,,,False,
G-00844,generado_ia,2026-07-27,Estudiantes,Estudiante de Grado,False,no_show,2026-07-27 10:23:54.954000-03:00,,,False,
G-00845,generado_ia,2026-07-27,Becas Nutrirse,Becas Nutrirse Vianda,False,canceled,2026-07-27 10:25:41.934000-03:00,2026-07-27 10:31:24.388000-03:00,,False,
G-00846,generado_ia,2026-07-27,Estudiantes,Estudiante de Grado,False,no_show,2026-07-27 10:27:31.787000-03:00,,,False,
G-00847,generado_ia,2026-07-27,Estudiantes,Estudiante de Grado,False,canceled,2026-07-27 10:27:36.561000-03:00,2026-07-27 10:57:45.364000-03:00,,False,
G-00848,generado_ia,2026-07-27,Estudiantes,Estudiante de Grado,False,no_show,2026-07-27 10:27:37.133000-03:00,,,False,
G-00849,generado_ia,2026-07-27,Becas Nutrirse,Becas Nutrirse Vianda,False,no_show,2026-07-27 10:29:11.148000-03:00,,,False,
G-00850,generado_ia,2026-07-27,Becas personal,Becas Docentes,False,no_show,2026-07-27 10:29:17.492000-03:00,,,False,
G-00851,generado_ia,2026-07-27,Becas Nutrirse,Becas Nutrirse Vianda,False,canceled,2026-07-27 10:31:27.703000-03:00,2026-07-27 10:56:05.394000-03:00,,False,
G-00852,generado_ia,2026-07-27,Estudiantes,Estudiante de Grado,False,no_show,2026-07-27 10:37:58.525000-03:00,,,False,
G-00853,generado_ia,2026-07-27,Estudiantes,Estudiante de Grado,False,no_show,2026-07-27 10:40:23.175000-03:00,,,False,
G-00854,generado_ia,2026-07-27,Estudiantes,Estudiante de Grado,False,no_show,2026-07-27 10:40:55.990000-03:00,,,False,
G-00855,generado_ia,2026-07-27,Estudiantes,Estudiante de Grado,False,no_show,2026-07-27 10:47:49.238000-03:00,,,False,
G-00856,generado_ia,2026-07-27,Estudiantes,Estudiante de Grado,False,no_show,2026-07-27 10:52:33.673000-03:00,,,False,
G-00857,generado_ia,2026-07-27,Estudiantes,Estudiante de Grado,False,canceled,2026-07-27 10:52:41.775000-03:00,2026-07-27 10:59:59.249000-03:00,,False,
G-00858,generado_ia,2026-07-28,Becas Nutrirse,Becas Nutrirse Vianda,False,canceled,2026-07-28 08:00:04.970000-03:00,2026-07-28 09:02:18.472000-03:00,,False,
G-00859,generado_ia,2026-07-28,Estudiantes,Estudiante de Grado,False,no_show,2026-07-28 08:00:17.701000-03:00,,,False,
G-00860,generado_ia,2026-07-28,Estudiantes,Estudiante de Grado,False,no_show,2026-07-28 08:00:19.196000-03:00,,,False,
G-00861,generado_ia,2026-07-28,Estudiantes,Estudiante de Grado,False,canceled,2026-07-28 08:00:29.498000-03:00,2026-07-28 08:44:00.615000-03:00,,False,
G-00862,generado_ia,2026-07-28,Estudiantes,Estudiante de Grado,False,no_show,2026-07-28 08:00:38.278000-03:00,,,False,
G-00863,generado_ia,2026-07-28,Becas Nutrirse,Becas Nutrirse Vianda,False,no_show,2026-07-28 08:00:47.258000-03:00,,,False,
G-00864,generado_ia,2026-07-28,Estudiantes,Estudiante de Grado,False,no_show,2026-07-28 08:00:58.611000-03:00,,,False,
G-00865,generado_ia,2026-07-28,Estudiantes,Estudiante de Grado,False,no_show,2026-07-28 08:01:00.176000-03:00,,,False,
G-00866,generado_ia,2026-07-28,Becas Nutrirse,Becas Nutrirse Vianda,False,canceled,2026-07-28 08:01:27.239000-03:00,2026-07-28 08:39:20.223000-03:00,,False,
G-00867,generado_ia,2026-07-28,Estudiantes,Estudiante de Grado,False,no_show,2026-07-28 08:01:46.199000-03:00,,,False,
G-00868,generado_ia,2026-07-28,Becas Nutrirse,Becas Nutrirse Vianda,False,no_show,2026-07-28 08:01:56.907000-03:00,,,False,
G-00869,generado_ia,2026-07-28,Estudiantes,Estudiante de Grado,False,no_show,2026-07-28 08:02:21.550000-03:00,,,False,
G-00870,generado_ia,2026-07-28,Becas Nutrirse,Becas Nutrirse Vianda,False,no_show,2026-07-28 08:02:45.288000-03:00,,,False,
G-00871,generado_ia,2026-07-28,Estudiantes,Estudiante de Grado,False,no_show,2026-07-28 08:03:42.289000-03:00,,,False,
G-00872,generado_ia,2026-07-28,Becas Nutrirse,Becas Nutrirse Vianda,False,no_show,2026-07-28 08:03:52.033000-03:00,,,False,
G-00873,generado_ia,2026-07-28,Becas Nutrirse,Becas Nutrirse Vianda,False,canceled,2026-07-28 08:04:14.741000-03:00,2026-07-28 09:00:39.674000-03:00,,False,
G-00874,generado_ia,2026-07-28,Estudiantes,Estudiante de Grado,False,no_show,2026-07-28 08:05:37.807000-03:00,,,False,
G-00875,generado_ia,2026-07-28,Becas Nutrirse,Becas Nutrirse Vianda,False,canceled,2026-07-28 08:05:54.017000-03:00,2026-07-28 10:27:31.640000-03:00,,False,
G-00876,generado_ia,2026-07-28,Becas Nutrirse,Becas Nutrirse Vianda,False,canceled,2026-07-28 08:06:46.854000-03:00,2026-07-28 08:50:27.811000-03:00,,False,
G-00877,generado_ia,2026-07-28,Becas Nutrirse,Becas Nutrirse Vianda,False,no_show,2026-07-28 08:07:09.567000-03:00,,,False,
G-00878,generado_ia,2026-07-28,Becas Nutrirse,Becas Nutrirse Vianda,False,canceled,2026-07-28 08:07:16.871000-03:00,2026-07-28 08:42:38.990000-03:00,,False,
G-00879,generado_ia,2026-07-28,Becas Nutrirse,Becas Nutrirse Vianda,False,canceled,2026-07-28 08:09:28.242000-03:00,2026-07-28 08:42:19.277000-03:00,,False,
G-00880,generado_ia,2026-07-28,Estudiantes,Estudiante de Grado,False,no_show,2026-07-28 08:10:54.870000-03:00,,,False,
G-00881,generado_ia,2026-07-28,Estudiantes,Estudiante de Grado,False,canceled,2026-07-28 08:11:07.964000-03:00,2026-07-28 09:55:05.553000-03:00,,False,
G-00882,generado_ia,2026-07-28,Becas Nutrirse,Becas Nutrirse Vianda,False,canceled,2026-07-28 08:15:37.674000-03:00,2026-07-28 09:23:41.105000-03:00,,False,
G-00883,generado_ia,2026-07-28,Estudiantes,Estudiante de Grado,False,no_show,2026-07-28 08:17:17.311000-03:00,,,False,
G-00884,generado_ia,2026-07-28,Estudiantes,Estudiante de Grado,False,canceled,2026-07-28 08:18:27.588000-03:00,2026-07-28 09:24:23.568000-03:00,,False,
G-00885,generado_ia,2026-07-28,Personal,Docente,False,no_show,2026-07-28 08:18:32.455000-03:00,,,False,
G-00886,generado_ia,2026-07-28,Becas Nutrirse,Becas Nutrirse Vianda sin TACC,True,no_show,2026-07-28 08:19:02.971000-03:00,,,False,
G-00887,generado_ia,2026-07-28,Becas personal,Becas Docentes,False,no_show,2026-07-28 08:22:03.134000-03:00,,,False,
G-00888,generado_ia,2026-07-28,Becas Nutrirse,Becas Nutrirse Vianda,False,canceled,2026-07-28 08:23:00.049000-03:00,2026-07-28 10:54:16.800000-03:00,,False,
G-00889,generado_ia,2026-07-28,Becas personal,Becas Nodocentes,False,no_show,2026-07-28 08:23:59.728000-03:00,,,False,
G-00890,generado_ia,2026-07-28,Becas Nutrirse,Becas Nutrirse Vianda,False,no_show,2026-07-28 08:24:49.333000-03:00,,,False,
G-00891,generado_ia,2026-07-28,Becas Nutrirse,Becas Nutrirse Vianda,False,no_show,2026-07-28 08:25:11.959000-03:00,,,False,
G-00892,generado_ia,2026-07-28,Becas personal,Becas Nodocentes,False,no_show,2026-07-28 08:27:40.824000-03:00,,,False,
G-00893,generado_ia,2026-07-28,Estudiantes,Estudiante de Grado,False,no_show,2026-07-28 08:28:17.177000-03:00,,,False,
G-00894,generado_ia,2026-07-28,Estudiantes,Estudiante de Grado,False,no_show,2026-07-28 08:30:20.458000-03:00,,,False,
G-00895,generado_ia,2026-07-28,Estudiantes,Estudiante de Grado,False,no_show,2026-07-28 08:33:36.037000-03:00,,,False,
G-00896,generado_ia,2026-07-28,Becas Nutrirse,Becas Nutrirse Vianda,False,no_show,2026-07-28 08:44:09.361000-03:00,,,False,
G-00897,generado_ia,2026-07-28,Becas Nutrirse,Becas Nutrirse Vianda,False,canceled,2026-07-28 08:44:33.707000-03:00,2026-07-28 09:58:23.536000-03:00,,False,
G-00898,generado_ia,2026-07-28,Becas Nutrirse,Becas Nutrirse Vianda,False,canceled,2026-07-28 08:46:36.249000-03:00,2026-07-28 10:33:17.380000-03:00,,False,
G-00899,generado_ia,2026-07-28,Estudiantes,Estudiante de Grado,False,no_show,2026-07-28 08:47:34.010000-03:00,,,False,
G-00900,generado_ia,2026-07-28,Becas personal,Becas Nodocentes,False,canceled,2026-07-28 08:52:27.117000-03:00,2026-07-28 10:59:55.435000-03:00,,False,
G-00901,generado_ia,2026-07-28,Estudiantes,Estudiante de Grado,False,no_show,2026-07-28 08:57:52.249000-03:00,,,False,
G-00902,generado_ia,2026-07-28,Estudiantes,Estudiante de Grado,False,no_show,2026-07-28 08:57:53.700000-03:00,,,False,
G-00903,generado_ia,2026-07-28,Becas personal,Becas Nodocentes,False,no_show,2026-07-28 08:58:35.961000-03:00,,,False,
G-00904,generado_ia,2026-07-28,Estudiantes,Estudiante de Grado,False,canceled,2026-07-28 08:59:43.666000-03:00,2026-07-28 09:35:13.380000-03:00,,False,
G-00905,generado_ia,2026-07-28,Becas Nutrirse,Becas Nutrirse Vianda,False,canceled,2026-07-28 09:03:10.637000-03:00,2026-07-28 10:30:25.991000-03:00,,False,
G-00906,generado_ia,2026-07-28,Estudiantes,Estudiante de Grado,False,no_show,2026-07-28 09:03:12.708000-03:00,,,False,
G-00907,generado_ia,2026-07-28,Estudiantes,Estudiante de Grado,False,no_show,2026-07-28 09:03:35.287000-03:00,,,False,
G-00908,generado_ia,2026-07-28,Personal,Nodocente,False,canceled,2026-07-28 09:07:07.438000-03:00,2026-07-28 09:39:05.229000-03:00,,False,
G-00909,generado_ia,2026-07-28,Estudiantes,Estudiante de Grado,False,no_show,2026-07-28 09:07:24.290000-03:00,,,False,
G-00910,generado_ia,2026-07-28,Personal,Docente,False,no_show,2026-07-28 09:13:24.182000-03:00,,,False,
G-00911,generado_ia,2026-07-28,Estudiantes,Estudiante de Grado,False,no_show,2026-07-28 09:15:54.860000-03:00,,,False,
G-00912,generado_ia,2026-07-28,Estudiantes,Estudiante de Grado,False,no_show,2026-07-28 09:16:12.855000-03:00,,,False,
G-00913,generado_ia,2026-07-28,Personal,Nodocente,False,no_show,2026-07-28 09:16:25.377000-03:00,,,False,
G-00914,generado_ia,2026-07-28,Personal,Nodocente,False,no_show,2026-07-28 09:16:50.894000-03:00,,,False,
G-00915,generado_ia,2026-07-28,Estudiantes,Estudiante de Grado,False,no_show,2026-07-28 09:19:27.604000-03:00,,,False,
G-00916,generado_ia,2026-07-28,Estudiantes,Estudiante de Grado,False,no_show,2026-07-28 09:20:19.301000-03:00,,,False,
G-00917,generado_ia,2026-07-28,Becas personal,Becas Nodocentes,False,canceled,2026-07-28 09:22:14.196000-03:00,2026-07-28 10:21:17.685000-03:00,,False,
G-00918,generado_ia,2026-07-28,Estudiantes,Estudiante de Grado,False,canceled,2026-07-28 09:23:35.656000-03:00,2026-07-28 10:18:30.135000-03:00,,False,
G-00919,generado_ia,2026-07-28,Estudiantes,Estudiante de Grado,False,no_show,2026-07-28 09:26:45.603000-03:00,,,False,
G-00920,generado_ia,2026-07-28,Estudiantes,Estudiante de Grado,False,no_show,2026-07-28 09:27:02.871000-03:00,,,False,
G-00921,generado_ia,2026-07-28,Estudiantes,Estudiante de Grado,False,no_show,2026-07-28 09:28:28.574000-03:00,,,False,
G-00922,generado_ia,2026-07-28,Estudiantes,Estudiante de Grado,False,no_show,2026-07-28 09:39:05.680000-03:00,,,False,
G-00923,generado_ia,2026-07-28,Estudiantes,Estudiante de Grado,False,no_show,2026-07-28 09:39:24.839000-03:00,,,False,
G-00924,generado_ia,2026-07-28,Personal,Docente,False,no_show,2026-07-28 09:42:38.157000-03:00,,,False,
G-00925,generado_ia,2026-07-28,Becas Nutrirse,Becas Nutrirse Vianda,False,no_show,2026-07-28 09:43:11.128000-03:00,,,False,
G-00926,generado_ia,2026-07-28,Estudiantes,Estudiante de Grado,False,canceled,2026-07-28 09:44:28.743000-03:00,2026-07-28 10:16:50.829000-03:00,,False,
G-00927,generado_ia,2026-07-28,Estudiantes,Estudiante de Grado,False,no_show,2026-07-28 09:45:54.904000-03:00,,,False,
G-00928,generado_ia,2026-07-28,Estudiantes,Estudiante de Grado,False,canceled,2026-07-28 09:45:56.127000-03:00,2026-07-28 10:40:09.817000-03:00,,False,
G-00929,generado_ia,2026-07-28,Becas Nutrirse,Becas Nutrirse Vianda,False,no_show,2026-07-28 09:48:57.772000-03:00,,,False,
G-00930,generado_ia,2026-07-28,Becas personal,Becas Nodocentes,False,no_show,2026-07-28 10:05:41.862000-03:00,,,False,
G-00931,generado_ia,2026-07-28,Becas Nutrirse,Becas Nutrirse Vianda,False,no_show,2026-07-28 10:06:50.738000-03:00,,,False,
G-00932,generado_ia,2026-07-28,Becas Nutrirse,Becas Nutrirse Vianda,False,canceled,2026-07-28 10:16:09.411000-03:00,2026-07-28 10:27:14.755000-03:00,,False,
G-00933,generado_ia,2026-07-28,Becas Nutrirse,Becas Nutrirse Vianda,False,no_show,2026-07-28 10:16:21.065000-03:00,,,False,
G-00934,generado_ia,2026-07-28,Becas Nutrirse,Becas Nutrirse Vianda,False,no_show,2026-07-28 10:20:43.228000-03:00,,,False,
G-00935,generado_ia,2026-07-28,Becas personal,Becas Nodocentes,False,canceled,2026-07-28 10:22:38.707000-03:00,2026-07-28 10:52:56.321000-03:00,,False,
G-00936,generado_ia,2026-07-28,Becas personal,Becas Nodocentes,False,no_show,2026-07-28 10:23:36.679000-03:00,,,False,
G-00937,generado_ia,2026-07-28,Becas personal,Becas Nodocentes,False,no_show,2026-07-28 10:28:45.643000-03:00,,,False,
G-00938,generado_ia,2026-07-28,Becas personal,Becas Nodocentes,False,no_show,2026-07-28 10:35:23.958000-03:00,,,False,
G-00939,generado_ia,2026-07-28,Becas Nutrirse,Becas Nutrirse Vianda,False,canceled,2026-07-28 10:36:17.207000-03:00,2026-07-28 10:43:06.475000-03:00,,False,
G-00940,generado_ia,2026-07-28,Becas Nutrirse,Becas Nutrirse Vianda,False,no_show,2026-07-28 10:36:19.350000-03:00,,,False,
G-00941,generado_ia,2026-07-28,Becas Nutrirse,Becas Nutrirse Vianda,False,no_show,2026-07-28 10:38:49.534000-03:00,,,False,
G-00942,generado_ia,2026-07-28,Estudiantes,Estudiante de Grado,False,no_show,2026-07-28 10:43:44.809000-03:00,,,False,
G-00943,generado_ia,2026-07-28,Personal,Docente,False,canceled,2026-07-28 10:43:59.282000-03:00,2026-07-28 10:46:49.368000-03:00,,False,
G-00944,generado_ia,2026-07-28,Estudiantes,Estudiante de Grado,False,no_show,2026-07-28 10:44:17.769000-03:00,,,False,
G-00945,generado_ia,2026-07-28,Personal,Docente,False,no_show,2026-07-28 10:44:40.277000-03:00,,,False,
G-00946,generado_ia,2026-07-28,Estudiantes,Estudiante de Grado,False,no_show,2026-07-28 10:46:57.029000-03:00,,,False,
G-00947,generado_ia,2026-07-28,Estudiantes,Estudiante de Grado,False,no_show,2026-07-28 10:54:48.067000-03:00,,,False,
G-00948,generado_ia,2026-07-28,Estudiantes,Estudiante de Grado,False,no_show,2026-07-28 10:56:52.744000-03:00,,,False,
G-00949,generado_ia,2026-07-28,Estudiantes,Estudiante de Grado,False,canceled,2026-07-28 10:57:28.656000-03:00,2026-07-28 10:59:37.978000-03:00,,False,
G-00950,generado_ia,2026-07-28,Estudiantes,Estudiante de Grado,False,no_show,2026-07-28 10:58:07.562000-03:00,,,False,
G-00951,generado_ia,2026-07-29,Estudiantes,Estudiante de Grado,False,no_show,2026-07-29 08:00:11.354000-03:00,,,False,
G-00952,generado_ia,2026-07-29,Estudiantes,Estudiante de Grado,False,canceled,2026-07-29 08:02:06.187000-03:00,2026-07-29 10:59:01.335000-03:00,,False,
G-00953,generado_ia,2026-07-29,Becas Nutrirse,Becas Nutrirse Vianda,False,no_show,2026-07-29 08:02:25.156000-03:00,,,False,
G-00954,generado_ia,2026-07-29,Estudiantes,Estudiante de Grado,False,no_show,2026-07-29 08:03:33.717000-03:00,,,False,
G-00955,generado_ia,2026-07-29,Estudiantes,Estudiante de Grado,False,no_show,2026-07-29 08:03:53.423000-03:00,,,False,
G-00956,generado_ia,2026-07-29,Becas Nutrirse,Becas Nutrirse Vianda,False,canceled,2026-07-29 08:03:59.695000-03:00,2026-07-29 08:23:15.418000-03:00,,False,
G-00957,generado_ia,2026-07-29,Becas Nutrirse,Becas Nutrirse Vianda,False,no_show,2026-07-29 08:04:15.560000-03:00,,,False,
G-00958,generado_ia,2026-07-29,Becas personal,Becas Nodocentes,False,no_show,2026-07-29 08:04:47.700000-03:00,,,False,
G-00959,generado_ia,2026-07-29,Estudiantes,Estudiante de Grado,False,no_show,2026-07-29 08:05:30.996000-03:00,,,False,
G-00960,generado_ia,2026-07-29,Becas Nutrirse,Becas Nutrirse Vianda,False,no_show,2026-07-29 08:05:59.977000-03:00,,,False,
G-00961,generado_ia,2026-07-29,Estudiantes,Estudiante de Grado,False,no_show,2026-07-29 08:06:22.208000-03:00,,,False,
G-00962,generado_ia,2026-07-29,Estudiantes,Estudiante de Grado,False,canceled,2026-07-29 08:06:36.074000-03:00,2026-07-29 10:07:06.912000-03:00,,False,
G-00963,generado_ia,2026-07-29,Estudiantes,Estudiante de Grado,False,no_show,2026-07-29 08:11:06.997000-03:00,,,False,
G-00964,generado_ia,2026-07-29,Estudiantes,Estudiante de Grado,False,canceled,2026-07-29 08:11:07.863000-03:00,2026-07-29 08:50:48.611000-03:00,,False,
G-00965,generado_ia,2026-07-29,Estudiantes,Estudiante de Grado,False,no_show,2026-07-29 08:11:16.489000-03:00,,,False,
G-00966,generado_ia,2026-07-29,Estudiantes,Estudiante de Grado,False,no_show,2026-07-29 08:11:26.307000-03:00,,,False,
G-00967,generado_ia,2026-07-29,Becas Nutrirse,Becas Nutrirse Vianda,False,no_show,2026-07-29 08:14:40.890000-03:00,,,False,
G-00968,generado_ia,2026-07-29,Becas Nutrirse,Becas Nutrirse Vianda,False,canceled,2026-07-29 08:15:09.308000-03:00,2026-07-29 09:19:29.939000-03:00,,False,
G-00969,generado_ia,2026-07-29,Estudiantes,Estudiante de Grado,False,canceled,2026-07-29 08:15:17.576000-03:00,2026-07-29 09:20:41.026000-03:00,,False,
G-00970,generado_ia,2026-07-29,Becas Nutrirse,Becas Nutrirse Vianda,False,no_show,2026-07-29 08:15:39.072000-03:00,,,False,
G-00971,generado_ia,2026-07-29,Estudiantes,Estudiante de Grado,False,no_show,2026-07-29 08:19:20.763000-03:00,,,False,
G-00972,generado_ia,2026-07-29,Estudiantes,Estudiante de Grado,False,no_show,2026-07-29 08:26:52.095000-03:00,,,False,
G-00973,generado_ia,2026-07-29,Becas personal,Becas Nodocentes,False,canceled,2026-07-29 08:27:41.488000-03:00,2026-07-29 09:42:34.894000-03:00,,False,
G-00974,generado_ia,2026-07-29,Estudiantes,Estudiante de Grado,False,no_show,2026-07-29 08:29:08.451000-03:00,,,False,
G-00975,generado_ia,2026-07-29,Estudiantes,Estudiante de Grado,False,no_show,2026-07-29 08:31:44.607000-03:00,,,False,
G-00976,generado_ia,2026-07-29,Estudiantes,Estudiante de Grado,False,no_show,2026-07-29 08:31:52.517000-03:00,,,False,
G-00977,generado_ia,2026-07-29,Becas Nutrirse,Becas Nutrirse Vianda,False,canceled,2026-07-29 08:33:37.648000-03:00,2026-07-29 09:13:02.356000-03:00,,False,
G-00978,generado_ia,2026-07-29,Estudiantes,Estudiante de Grado,False,no_show,2026-07-29 08:36:17.401000-03:00,,,False,
G-00979,generado_ia,2026-07-29,Estudiantes,Estudiante de Grado,False,canceled,2026-07-29 08:36:27.690000-03:00,2026-07-29 08:47:57.306000-03:00,,False,
G-00980,generado_ia,2026-07-29,Becas Nutrirse,Becas Nutrirse Vianda,False,no_show,2026-07-29 08:37:08.680000-03:00,,,False,
G-00981,generado_ia,2026-07-29,Becas Nutrirse,Becas Nutrirse Vianda,False,canceled,2026-07-29 08:38:53.587000-03:00,2026-07-29 10:21:53.616000-03:00,,False,
G-00982,generado_ia,2026-07-29,Estudiantes,Estudiante de Grado,False,no_show,2026-07-29 08:39:46.451000-03:00,,,False,
G-00983,generado_ia,2026-07-29,Becas Nutrirse,Becas Nutrirse Vianda,False,canceled,2026-07-29 08:40:54.558000-03:00,2026-07-29 09:50:22.895000-03:00,,False,
G-00984,generado_ia,2026-07-29,Becas Nutrirse,Becas Nutrirse Vianda,False,no_show,2026-07-29 08:42:34.331000-03:00,,,False,
G-00985,generado_ia,2026-07-29,Estudiantes,Estudiante de Grado,False,canceled,2026-07-29 08:44:07.356000-03:00,2026-07-29 09:08:26.592000-03:00,,False,
G-00986,generado_ia,2026-07-29,Becas Nutrirse,Becas Nutrirse Vianda,False,no_show,2026-07-29 08:44:14.312000-03:00,,,False,
G-00987,generado_ia,2026-07-29,Estudiantes,Estudiante de Grado,False,no_show,2026-07-29 08:45:01.147000-03:00,,,False,
G-00988,generado_ia,2026-07-29,Becas Nutrirse,Becas Nutrirse Vianda,False,canceled,2026-07-29 08:45:44.238000-03:00,2026-07-29 09:48:15.166000-03:00,,False,
G-00989,generado_ia,2026-07-29,Estudiantes,Estudiante de Grado,False,no_show,2026-07-29 08:45:51.173000-03:00,,,False,
G-00990,generado_ia,2026-07-29,Estudiantes,Estudiante de Grado,False,no_show,2026-07-29 08:48:11.266000-03:00,,,False,
G-00991,generado_ia,2026-07-29,Becas Nutrirse,Becas Nutrirse Vianda,False,canceled,2026-07-29 08:49:17.610000-03:00,2026-07-29 10:28:40.794000-03:00,,False,
G-00992,generado_ia,2026-07-29,Estudiantes,Estudiante de Grado,False,canceled,2026-07-29 08:49:48.248000-03:00,2026-07-29 10:52:20.015000-03:00,,False,
G-00993,generado_ia,2026-07-29,Estudiantes,Estudiante de Grado,False,no_show,2026-07-29 08:50:16.751000-03:00,,,False,
G-00994,generado_ia,2026-07-29,Estudiantes,Estudiante de Grado,False,no_show,2026-07-29 08:50:17.157000-03:00,,,False,
G-00995,generado_ia,2026-07-29,Estudiantes,Estudiante de Grado,False,no_show,2026-07-29 08:50:32.916000-03:00,,,False,
G-00996,generado_ia,2026-07-29,Estudiantes,Estudiante de Grado,False,canceled,2026-07-29 08:53:47.250000-03:00,2026-07-29 10:52:25.065000-03:00,,False,
G-00997,generado_ia,2026-07-29,Estudiantes,Estudiante de Grado,False,no_show,2026-07-29 08:55:30.080000-03:00,,,False,
G-00998,generado_ia,2026-07-29,Estudiantes,Estudiante de Grado,False,no_show,2026-07-29 08:57:01.972000-03:00,,,False,
G-00999,generado_ia,2026-07-29,Becas Nutrirse,Becas Nutrirse Vianda,False,canceled,2026-07-29 08:57:30.029000-03:00,2026-07-29 09:01:26.798000-03:00,,False,
G-01000,generado_ia,2026-07-29,Estudiantes,Estudiante de Grado,False,no_show,2026-07-29 09:02:38.295000-03:00,,,False,
G-01001,generado_ia,2026-07-29,Becas Nutrirse,Becas Nutrirse Vianda,False,no_show,2026-07-29 09:03:11.511000-03:00,,,False,
G-01002,generado_ia,2026-07-29,Estudiantes,Estudiante de Grado,False,canceled,2026-07-29 09:09:30.780000-03:00,2026-07-29 09:37:09.150000-03:00,,False,
G-01003,generado_ia,2026-07-29,Estudiantes,Estudiante de Grado,False,no_show,2026-07-29 09:10:54.548000-03:00,,,False,
G-01004,generado_ia,2026-07-29,Becas Nutrirse,Becas Nutrirse Vianda,False,no_show,2026-07-29 09:13:47.116000-03:00,,,False,
G-01005,generado_ia,2026-07-29,Becas personal,Becas Docentes,False,no_show,2026-07-29 09:15:16.792000-03:00,,,False,
G-01006,generado_ia,2026-07-29,Estudiantes,Estudiante de Grado,False,no_show,2026-07-29 09:17:00.624000-03:00,,,False,
G-01007,generado_ia,2026-07-29,Estudiantes,Estudiante de Grado,False,no_show,2026-07-29 09:17:17.966000-03:00,,,False,
G-01008,generado_ia,2026-07-29,Becas personal,Becas Docentes,False,no_show,2026-07-29 09:19:30.184000-03:00,,,False,
G-01009,generado_ia,2026-07-29,Becas Nutrirse,Becas Nutrirse Vianda,False,canceled,2026-07-29 09:19:48.135000-03:00,2026-07-29 10:40:25.745000-03:00,,False,
G-01010,generado_ia,2026-07-29,Personal,Nodocente,False,canceled,2026-07-29 09:20:01.182000-03:00,2026-07-29 09:52:10.555000-03:00,,False,
G-01011,generado_ia,2026-07-29,Becas personal,Becas Docentes,False,canceled,2026-07-29 09:20:19.971000-03:00,2026-07-29 10:38:59.854000-03:00,,False,
G-01012,generado_ia,2026-07-29,Becas Nutrirse,Becas Nutrirse Vianda,False,no_show,2026-07-29 09:22:16.672000-03:00,,,False,
G-01013,generado_ia,2026-07-29,Estudiantes,Estudiante de Grado,False,no_show,2026-07-29 09:25:12.701000-03:00,,,False,
G-01014,generado_ia,2026-07-29,Estudiantes,Estudiante de Grado,False,no_show,2026-07-29 09:30:09.095000-03:00,,,False,
G-01015,generado_ia,2026-07-29,Becas Nutrirse,Becas Nutrirse Vianda,False,no_show,2026-07-29 09:30:48.287000-03:00,,,False,
G-01016,generado_ia,2026-07-29,Estudiantes,Estudiante de Grado,False,no_show,2026-07-29 09:34:13.941000-03:00,,,False,
G-01017,generado_ia,2026-07-29,Becas personal,Becas Nodocentes,False,no_show,2026-07-29 09:35:02.568000-03:00,,,False,
G-01018,generado_ia,2026-07-29,Estudiantes,Estudiante de Grado,False,no_show,2026-07-29 09:37:59.901000-03:00,,,False,
G-01019,generado_ia,2026-07-29,Estudiantes,Estudiante de Grado,False,no_show,2026-07-29 09:44:28.616000-03:00,,,False,
G-01020,generado_ia,2026-07-29,Becas Nutrirse,Becas Nutrirse Vianda,False,no_show,2026-07-29 09:45:39.677000-03:00,,,False,
G-01021,generado_ia,2026-07-29,Becas Nutrirse,Becas Nutrirse Vianda,False,no_show,2026-07-29 09:45:57.366000-03:00,,,False,
G-01022,generado_ia,2026-07-29,Becas personal,Becas Nodocentes,False,no_show,2026-07-29 09:48:11.600000-03:00,,,False,
G-01023,generado_ia,2026-07-29,Estudiantes,Estudiante de Grado,False,no_show,2026-07-29 09:55:59.694000-03:00,,,False,
G-01024,generado_ia,2026-07-29,Becas Nutrirse,Becas Nutrirse Vianda,False,no_show,2026-07-29 09:58:40.681000-03:00,,,False,
G-01025,generado_ia,2026-07-29,Estudiantes,Estudiante de Grado,False,no_show,2026-07-29 09:59:07.498000-03:00,,,False,
G-01026,generado_ia,2026-07-29,Estudiantes,Estudiante de Grado,False,canceled,2026-07-29 10:03:18.557000-03:00,2026-07-29 10:21:40.106000-03:00,,False,
G-01027,generado_ia,2026-07-29,Becas Nutrirse,Becas Nutrirse Vianda,False,no_show,2026-07-29 10:06:12.500000-03:00,,,False,
G-01028,generado_ia,2026-07-29,Becas Nutrirse,Becas Nutrirse Vianda,False,no_show,2026-07-29 10:09:30.559000-03:00,,,False,
G-01029,generado_ia,2026-07-29,Estudiantes,Estudiante de Grado,False,no_show,2026-07-29 10:12:00.726000-03:00,,,False,
G-01030,generado_ia,2026-07-29,Estudiantes,Estudiante de Grado,False,no_show,2026-07-29 10:13:18.513000-03:00,,,False,
G-01031,generado_ia,2026-07-29,Becas Nutrirse,Becas Nutrirse Vianda,False,no_show,2026-07-29 10:19:09.059000-03:00,,,False,
G-01032,generado_ia,2026-07-29,Estudiantes,Estudiante de Grado,False,no_show,2026-07-29 10:20:05.068000-03:00,,,False,
G-01033,generado_ia,2026-07-29,Becas Nutrirse,Becas Nutrirse Vianda,False,no_show,2026-07-29 10:20:53.439000-03:00,,,False,
G-01034,generado_ia,2026-07-29,Becas Nutrirse,Becas Nutrirse Vianda,False,no_show,2026-07-29 10:21:01.909000-03:00,,,False,
G-01035,generado_ia,2026-07-29,Estudiantes,Estudiante de Grado,False,no_show,2026-07-29 10:21:08.200000-03:00,,,False,
G-01036,generado_ia,2026-07-29,Becas Nutrirse,Becas Nutrirse Vianda,False,canceled,2026-07-29 10:23:43.391000-03:00,2026-07-29 10:59:34.115000-03:00,,False,
G-01037,generado_ia,2026-07-29,Becas Nutrirse,Becas Nutrirse Vianda,False,no_show,2026-07-29 10:24:29.754000-03:00,,,False,
G-01038,generado_ia,2026-07-29,Becas personal,Becas Nodocentes,False,canceled,2026-07-29 10:29:32.445000-03:00,2026-07-29 10:55:44.829000-03:00,,False,
G-01039,generado_ia,2026-07-29,Becas Nutrirse,Becas Nutrirse Vianda,False,canceled,2026-07-29 10:29:38.106000-03:00,2026-07-29 10:55:30.967000-03:00,,False,
G-01040,generado_ia,2026-07-29,Becas Nutrirse,Becas Nutrirse Vianda,False,canceled,2026-07-29 10:41:40.383000-03:00,2026-07-29 10:58:18.261000-03:00,,False,
G-01041,generado_ia,2026-07-29,Becas Nutrirse,Becas Nutrirse Vianda,False,no_show,2026-07-29 10:43:21.731000-03:00,,,False,
G-01042,generado_ia,2026-07-29,Becas Nutrirse,Becas Nutrirse Vianda,False,no_show,2026-07-29 10:50:40.237000-03:00,,,False,
G-01043,generado_ia,2026-07-29,Becas personal,Becas Docentes,False,canceled,2026-07-29 10:52:25.937000-03:00,2026-07-29 10:53:44.820000-03:00,,False,
G-01044,generado_ia,2026-07-29,Becas Nutrirse,Becas Nutrirse Vianda,False,no_show,2026-07-29 10:58:03.107000-03:00,,,False,
G-01045,generado_ia,2026-07-30,Becas Nutrirse,Becas Nutrirse Vianda,False,canceled,2026-07-30 08:00:23.018000-03:00,2026-07-30 08:06:55.539000-03:00,,False,
G-01046,generado_ia,2026-07-30,Estudiantes,Estudiante de Grado,False,no_show,2026-07-30 08:00:25.810000-03:00,,,False,
G-01047,generado_ia,2026-07-30,Becas Nutrirse,Becas Nutrirse Vianda,False,no_show,2026-07-30 08:00:47.884000-03:00,,,False,
G-01048,generado_ia,2026-07-30,Estudiantes,Estudiante de Grado,False,no_show,2026-07-30 08:01:23.906000-03:00,,,False,
G-01049,generado_ia,2026-07-30,Estudiantes,Estudiante de Grado,False,canceled,2026-07-30 08:02:01.454000-03:00,2026-07-30 09:43:16.965000-03:00,,False,
G-01050,generado_ia,2026-07-30,Estudiantes,Estudiante de Grado,False,no_show,2026-07-30 08:04:47.013000-03:00,,,False,
G-01051,generado_ia,2026-07-30,Becas personal,Becas Docentes,False,canceled,2026-07-30 08:05:32.598000-03:00,2026-07-30 09:25:00.871000-03:00,,False,
G-01052,generado_ia,2026-07-30,Estudiantes,Estudiante de Grado,False,no_show,2026-07-30 08:05:35.855000-03:00,,,False,
G-01053,generado_ia,2026-07-30,Estudiantes,Estudiante de Grado,False,canceled,2026-07-30 08:05:43.092000-03:00,2026-07-30 08:34:32.779000-03:00,,False,
G-01054,generado_ia,2026-07-30,Estudiantes,Estudiante de Grado,False,no_show,2026-07-30 08:06:30.709000-03:00,,,False,
G-01055,generado_ia,2026-07-30,Estudiantes,Estudiante de Grado,False,no_show,2026-07-30 08:07:06.446000-03:00,,,False,
G-01056,generado_ia,2026-07-30,Estudiantes,Estudiante de Grado,False,no_show,2026-07-30 08:07:22.006000-03:00,,,False,
G-01057,generado_ia,2026-07-30,Becas Nutrirse,Becas Nutrirse Vianda,False,canceled,2026-07-30 08:08:56.368000-03:00,2026-07-30 08:58:30.727000-03:00,,False,
G-01058,generado_ia,2026-07-30,Becas Nutrirse,Becas Nutrirse Vianda,False,no_show,2026-07-30 08:09:35.662000-03:00,,,False,
G-01059,generado_ia,2026-07-30,Estudiantes,Estudiante de Grado,False,no_show,2026-07-30 08:11:21.025000-03:00,,,False,
G-01060,generado_ia,2026-07-30,Estudiantes,Estudiante de Grado,False,no_show,2026-07-30 08:11:36.320000-03:00,,,False,
G-01061,generado_ia,2026-07-30,Estudiantes,Estudiante de Grado,False,no_show,2026-07-30 08:11:50.523000-03:00,,,False,
G-01062,generado_ia,2026-07-30,Estudiantes,Estudiante de Grado,False,canceled,2026-07-30 08:15:10.831000-03:00,2026-07-30 10:51:32.506000-03:00,,False,
G-01063,generado_ia,2026-07-30,Estudiantes,Estudiante de Grado,False,no_show,2026-07-30 08:15:17.552000-03:00,,,False,
G-01064,generado_ia,2026-07-30,Becas personal,Becas Docentes,False,canceled,2026-07-30 08:16:11.832000-03:00,2026-07-30 09:57:16.269000-03:00,,False,
G-01065,generado_ia,2026-07-30,Estudiantes,Estudiante de Grado,False,no_show,2026-07-30 08:17:28.408000-03:00,,,False,
G-01066,generado_ia,2026-07-30,Becas Nutrirse,Becas Nutrirse Vianda,False,no_show,2026-07-30 08:18:19.440000-03:00,,,False,
G-01067,generado_ia,2026-07-30,Estudiantes,Estudiante de Grado,False,canceled,2026-07-30 08:18:43.854000-03:00,2026-07-30 10:01:30.705000-03:00,,False,
G-01068,generado_ia,2026-07-30,Estudiantes,Estudiante de Grado,False,no_show,2026-07-30 08:18:59.163000-03:00,,,False,
G-01069,generado_ia,2026-07-30,Becas Nutrirse,Becas Nutrirse Vianda,False,no_show,2026-07-30 08:19:02.736000-03:00,,,False,
G-01070,generado_ia,2026-07-30,Estudiantes,Estudiante de Grado,False,no_show,2026-07-30 08:19:25.671000-03:00,,,False,
G-01071,generado_ia,2026-07-30,Estudiantes,Estudiante de Grado,False,no_show,2026-07-30 08:19:57.196000-03:00,,,False,
G-01072,generado_ia,2026-07-30,Becas Nutrirse,Becas Nutrirse Vianda,False,canceled,2026-07-30 08:20:39.022000-03:00,2026-07-30 10:35:49.300000-03:00,,False,
G-01073,generado_ia,2026-07-30,Estudiantes,Estudiante de Grado,False,no_show,2026-07-30 08:21:51.861000-03:00,,,False,
G-01074,generado_ia,2026-07-30,Becas personal,Becas Docentes,False,canceled,2026-07-30 08:22:22.178000-03:00,2026-07-30 09:45:47.163000-03:00,,False,
G-01075,generado_ia,2026-07-30,Estudiantes,Estudiante de Grado,False,no_show,2026-07-30 08:22:27.646000-03:00,,,False,
G-01076,generado_ia,2026-07-30,Becas personal,Becas Docentes,False,no_show,2026-07-30 08:22:35.953000-03:00,,,False,
G-01077,generado_ia,2026-07-30,Estudiantes,Estudiante de Grado,False,no_show,2026-07-30 08:23:21.366000-03:00,,,False,
G-01078,generado_ia,2026-07-30,Estudiantes,Estudiante de Grado,False,no_show,2026-07-30 08:23:31.210000-03:00,,,False,
G-01079,generado_ia,2026-07-30,Estudiantes,Estudiante de Grado,False,no_show,2026-07-30 08:25:21.614000-03:00,,,False,
G-01080,generado_ia,2026-07-30,Estudiantes,Estudiante de Grado,False,no_show,2026-07-30 08:27:45.822000-03:00,,,False,
G-01081,generado_ia,2026-07-30,Estudiantes,Estudiante de Grado,False,no_show,2026-07-30 08:30:33.686000-03:00,,,False,
G-01082,generado_ia,2026-07-30,Estudiantes,Estudiante de Grado,False,no_show,2026-07-30 08:33:31.910000-03:00,,,False,
G-01083,generado_ia,2026-07-30,Becas Nutrirse,Becas Nutrirse Vianda,False,no_show,2026-07-30 08:36:16.218000-03:00,,,False,
G-01084,generado_ia,2026-07-30,Becas Nutrirse,Becas Nutrirse Vianda,False,no_show,2026-07-30 08:36:42.069000-03:00,,,False,
G-01085,generado_ia,2026-07-30,Estudiantes,Estudiante de Grado,False,no_show,2026-07-30 08:37:09.798000-03:00,,,False,
G-01086,generado_ia,2026-07-30,Becas Nutrirse,Becas Nutrirse Vianda,False,canceled,2026-07-30 08:38:48.458000-03:00,2026-07-30 09:45:42.748000-03:00,,False,
G-01087,generado_ia,2026-07-30,Becas personal,Becas Nodocentes,False,no_show,2026-07-30 08:46:05.103000-03:00,,,False,
G-01088,generado_ia,2026-07-30,Becas Nutrirse,Becas Nutrirse Vianda,False,canceled,2026-07-30 08:48:14.822000-03:00,2026-07-30 10:23:54.374000-03:00,,False,
G-01089,generado_ia,2026-07-30,Estudiantes,Estudiante de Grado,False,no_show,2026-07-30 08:49:46.552000-03:00,,,False,
G-01090,generado_ia,2026-07-30,Estudiantes,Estudiante de Grado,False,no_show,2026-07-30 08:55:29.514000-03:00,,,False,
G-01091,generado_ia,2026-07-30,Becas Nutrirse,Becas Nutrirse Vianda,False,canceled,2026-07-30 08:56:03.141000-03:00,2026-07-30 10:10:14.242000-03:00,,False,
G-01092,generado_ia,2026-07-30,Estudiantes,Estudiante de Grado,False,no_show,2026-07-30 08:57:28.632000-03:00,,,False,
G-01093,generado_ia,2026-07-30,Becas Nutrirse,Becas Nutrirse Vianda,False,no_show,2026-07-30 08:57:43.307000-03:00,,,False,
G-01094,generado_ia,2026-07-30,Becas Nutrirse,Becas Nutrirse Vianda,False,no_show,2026-07-30 08:58:13.169000-03:00,,,False,
G-01095,generado_ia,2026-07-30,Personal,Nodocente,False,no_show,2026-07-30 09:00:17.196000-03:00,,,False,
G-01096,generado_ia,2026-07-30,Becas Nutrirse,Becas Nutrirse Vianda,False,no_show,2026-07-30 09:01:19.085000-03:00,,,False,
G-01097,generado_ia,2026-07-30,Estudiantes,Estudiante de Grado,False,no_show,2026-07-30 09:01:26.625000-03:00,,,False,
G-01098,generado_ia,2026-07-30,Estudiantes,Estudiante de Grado,False,no_show,2026-07-30 09:01:44.333000-03:00,,,False,
G-01099,generado_ia,2026-07-30,Estudiantes,Estudiante de Grado,False,no_show,2026-07-30 09:01:47.784000-03:00,,,False,
G-01100,generado_ia,2026-07-30,Estudiantes,Estudiante de Grado,False,no_show,2026-07-30 09:02:24.859000-03:00,,,False,
G-01101,generado_ia,2026-07-30,Estudiantes,Estudiante de Grado,False,no_show,2026-07-30 09:03:34.945000-03:00,,,False,
G-01102,generado_ia,2026-07-30,Estudiantes,Estudiante de Grado,False,no_show,2026-07-30 09:04:42.619000-03:00,,,False,
G-01103,generado_ia,2026-07-30,Estudiantes,Estudiante de Grado,False,no_show,2026-07-30 09:04:57.730000-03:00,,,False,
G-01104,generado_ia,2026-07-30,Estudiantes,Estudiante de Grado,False,no_show,2026-07-30 09:11:09.586000-03:00,,,False,
G-01105,generado_ia,2026-07-30,Becas Nutrirse,Becas Nutrirse Vianda,False,no_show,2026-07-30 09:13:04.837000-03:00,,,False,
G-01106,generado_ia,2026-07-30,Becas Nutrirse,Becas Nutrirse Vianda,False,no_show,2026-07-30 09:15:48.011000-03:00,,,False,
G-01107,generado_ia,2026-07-30,Estudiantes,Estudiante Preuniversitario Monserrat,False,no_show,2026-07-30 09:16:21.235000-03:00,,,False,
G-01108,generado_ia,2026-07-30,Estudiantes,Estudiante de Grado,False,no_show,2026-07-30 09:16:36.590000-03:00,,,False,
G-01109,generado_ia,2026-07-30,Estudiantes,Estudiante de Grado,False,no_show,2026-07-30 09:18:12.096000-03:00,,,False,
G-01110,generado_ia,2026-07-30,Personal,Nodocente,False,canceled,2026-07-30 09:20:30.959000-03:00,2026-07-30 10:22:11.694000-03:00,,False,
G-01111,generado_ia,2026-07-30,Becas Nutrirse,Becas Nutrirse Vianda,False,no_show,2026-07-30 09:22:45.678000-03:00,,,False,
G-01112,generado_ia,2026-07-30,Estudiantes,Estudiante de Grado,False,no_show,2026-07-30 09:23:29.004000-03:00,,,False,
G-01113,generado_ia,2026-07-30,Becas Nutrirse,Becas Nutrirse Vianda,False,no_show,2026-07-30 09:24:08.988000-03:00,,,False,
G-01114,generado_ia,2026-07-30,Estudiantes,Estudiante de Grado,False,no_show,2026-07-30 09:25:46.308000-03:00,,,False,
G-01115,generado_ia,2026-07-30,Estudiantes,Estudiante de Grado,False,canceled,2026-07-30 09:26:54.611000-03:00,2026-07-30 10:37:02.447000-03:00,,False,
G-01116,generado_ia,2026-07-30,Estudiantes,Estudiante de Grado,False,no_show,2026-07-30 09:29:12.887000-03:00,,,False,
G-01117,generado_ia,2026-07-30,Estudiantes,Estudiante de Grado,False,no_show,2026-07-30 09:31:50.104000-03:00,,,False,
G-01118,generado_ia,2026-07-30,Estudiantes,Estudiante de Grado,False,canceled,2026-07-30 09:32:22.915000-03:00,2026-07-30 10:54:12.636000-03:00,,False,
G-01119,generado_ia,2026-07-30,Estudiantes,Estudiante de Grado,False,no_show,2026-07-30 09:33:22.392000-03:00,,,False,
G-01120,generado_ia,2026-07-30,Estudiantes,Estudiante de Grado,False,no_show,2026-07-30 09:33:38.377000-03:00,,,False,
G-01121,generado_ia,2026-07-30,Estudiantes,Estudiante de Grado,False,no_show,2026-07-30 09:33:50.646000-03:00,,,False,
G-01122,generado_ia,2026-07-30,Becas personal,Becas Nodocentes,False,no_show,2026-07-30 09:34:46.974000-03:00,,,False,
G-01123,generado_ia,2026-07-30,Estudiantes,Estudiante de Grado,False,no_show,2026-07-30 09:36:34.144000-03:00,,,False,
G-01124,generado_ia,2026-07-30,Estudiantes,Estudiante de Grado,False,canceled,2026-07-30 09:37:43.301000-03:00,2026-07-30 09:58:24.917000-03:00,,False,
G-01125,generado_ia,2026-07-30,Estudiantes,Estudiante de Grado,False,no_show,2026-07-30 09:38:05.444000-03:00,,,False,
G-01126,generado_ia,2026-07-30,Becas Nutrirse,Becas Nutrirse Vianda,False,no_show,2026-07-30 09:38:07.701000-03:00,,,False,
G-01127,generado_ia,2026-07-30,Estudiantes,Estudiante de Grado,False,no_show,2026-07-30 09:38:35.793000-03:00,,,False,
G-01128,generado_ia,2026-07-30,Becas Nutrirse,Becas Nutrirse Vianda,False,no_show,2026-07-30 09:38:50.381000-03:00,,,False,
G-01129,generado_ia,2026-07-30,Estudiantes,Estudiante de Grado,False,no_show,2026-07-30 09:39:07.023000-03:00,,,False,
G-01130,generado_ia,2026-07-30,Becas personal,Becas Nodocentes,False,canceled,2026-07-30 09:40:09.108000-03:00,2026-07-30 10:49:53.371000-03:00,,False,
G-01131,generado_ia,2026-07-30,Estudiantes,Estudiante de Grado,False,no_show,2026-07-30 09:46:53.055000-03:00,,,False,
G-01132,generado_ia,2026-07-30,Estudiantes,Estudiante de Grado,False,no_show,2026-07-30 09:51:19.947000-03:00,,,False,
G-01133,generado_ia,2026-07-30,Estudiantes,Estudiante de Grado,False,no_show,2026-07-30 10:00:03.031000-03:00,,,False,
G-01134,generado_ia,2026-07-30,Becas Nutrirse,Becas Nutrirse Vianda,False,no_show,2026-07-30 10:03:16.210000-03:00,,,False,
G-01135,generado_ia,2026-07-30,Becas Nutrirse,Becas Nutrirse Vianda,False,canceled,2026-07-30 10:04:49.423000-03:00,2026-07-30 10:12:13.598000-03:00,,False,
G-01136,generado_ia,2026-07-30,Estudiantes,Estudiante de Grado,False,canceled,2026-07-30 10:07:45.462000-03:00,2026-07-30 10:23:32.435000-03:00,,False,
G-01137,generado_ia,2026-07-30,Estudiantes,Estudiante de Grado sin TACC,True,no_show,2026-07-30 10:13:23.501000-03:00,,,False,
G-01138,generado_ia,2026-07-30,Becas Nutrirse,Becas Nutrirse Vianda,False,canceled,2026-07-30 10:13:54.691000-03:00,2026-07-30 10:21:37.594000-03:00,,False,
G-01139,generado_ia,2026-07-30,Becas Nutrirse,Becas Nutrirse Vianda,False,no_show,2026-07-30 10:16:03.130000-03:00,,,False,
G-01140,generado_ia,2026-07-30,Becas Nutrirse,Becas Nutrirse Vianda,False,no_show,2026-07-30 10:21:38.216000-03:00,,,False,
G-01141,generado_ia,2026-07-30,Becas Nutrirse,Becas Nutrirse Vianda,False,canceled,2026-07-30 10:22:01.762000-03:00,2026-07-30 10:48:14.962000-03:00,,False,
G-01142,generado_ia,2026-07-30,Estudiantes,Estudiante de Grado,False,canceled,2026-07-30 10:22:53.446000-03:00,2026-07-30 10:32:38.104000-03:00,,False,
G-01143,generado_ia,2026-07-30,Becas Nutrirse,Becas Nutrirse Vianda,False,no_show,2026-07-30 10:23:20.224000-03:00,,,False,
G-01144,generado_ia,2026-07-30,Becas Nutrirse,Becas Nutrirse Vianda,False,canceled,2026-07-30 10:24:24.886000-03:00,2026-07-30 10:59:47.100000-03:00,,False,
G-01145,generado_ia,2026-07-30,Becas Nutrirse,Becas Nutrirse Vianda,False,canceled,2026-07-30 10:27:08.685000-03:00,2026-07-30 10:55:37.196000-03:00,,False,
G-01146,generado_ia,2026-07-30,Estudiantes,Estudiante de Grado,False,canceled,2026-07-30 10:28:24.460000-03:00,2026-07-30 10:37:50.834000-03:00,,False,
G-01147,generado_ia,2026-07-30,Estudiantes,Estudiante de Grado,False,no_show,2026-07-30 10:29:30.032000-03:00,,,False,
G-01148,generado_ia,2026-07-30,Estudiantes,Estudiante de Grado,False,no_show,2026-07-30 10:30:53.445000-03:00,,,False,
G-01149,generado_ia,2026-07-30,Personal,Docente,False,no_show,2026-07-30 10:31:09.589000-03:00,,,False,
G-01150,generado_ia,2026-07-30,Becas Nutrirse,Becas Nutrirse Vianda,False,no_show,2026-07-30 10:32:12.658000-03:00,,,False,
G-01151,generado_ia,2026-07-30,Estudiantes,Estudiante de Grado,False,canceled,2026-07-30 10:36:38.930000-03:00,2026-07-30 10:59:11.335000-03:00,,False,
G-01152,generado_ia,2026-07-30,Personal,Docente sin TACC,True,no_show,2026-07-30 10:38:59.842000-03:00,,,False,
G-01153,generado_ia,2026-07-30,Estudiantes,Estudiante de Grado,False,canceled,2026-07-30 10:40:00.129000-03:00,2026-07-30 10:52:48.577000-03:00,,False,
G-01154,generado_ia,2026-07-30,Becas Nutrirse,Becas Nutrirse Vianda,False,canceled,2026-07-30 10:44:38.332000-03:00,2026-07-30 10:56:16.193000-03:00,,False,
G-01155,generado_ia,2026-07-30,Becas Nutrirse,Becas Nutrirse Vianda,False,canceled,2026-07-30 10:45:41.039000-03:00,2026-07-30 10:53:20.935000-03:00,,False,
G-01156,generado_ia,2026-07-30,Becas Nutrirse,Becas Nutrirse Vianda,False,no_show,2026-07-30 10:53:29.814000-03:00,,,False,
G-01157,generado_ia,2026-07-31,Estudiantes,Estudiante de Grado,False,no_show,2026-07-31 08:00:08.535000-03:00,,,False,
G-01158,generado_ia,2026-07-31,Becas Nutrirse,Becas Nutrirse Vianda,False,canceled,2026-07-31 08:00:14.408000-03:00,2026-07-31 10:55:33.164000-03:00,,False,
G-01159,generado_ia,2026-07-31,Becas Nutrirse,Becas Nutrirse Vianda,False,canceled,2026-07-31 08:00:14.465000-03:00,2026-07-31 10:19:28.249000-03:00,,False,
G-01160,generado_ia,2026-07-31,Estudiantes,Estudiante de Grado,False,no_show,2026-07-31 08:00:23.772000-03:00,,,False,
G-01161,generado_ia,2026-07-31,Estudiantes,Estudiante de Grado,False,no_show,2026-07-31 08:00:28.708000-03:00,,,False,
G-01162,generado_ia,2026-07-31,Estudiantes,Estudiante de Grado,False,no_show,2026-07-31 08:00:31.630000-03:00,,,False,
G-01163,generado_ia,2026-07-31,Becas Nutrirse,Becas Nutrirse Vianda,False,no_show,2026-07-31 08:01:16.561000-03:00,,,False,
G-01164,generado_ia,2026-07-31,Estudiantes,Estudiante de Grado,False,no_show,2026-07-31 08:01:22.925000-03:00,,,False,
G-01165,generado_ia,2026-07-31,Estudiantes,Estudiante de Grado,False,no_show,2026-07-31 08:02:16.358000-03:00,,,False,
G-01166,generado_ia,2026-07-31,Estudiantes,Estudiante de Grado,False,canceled,2026-07-31 08:02:33.586000-03:00,2026-07-31 10:19:15.621000-03:00,,False,
G-01167,generado_ia,2026-07-31,Estudiantes,Estudiante de Grado,False,no_show,2026-07-31 08:03:05.459000-03:00,,,False,
G-01168,generado_ia,2026-07-31,Becas Nutrirse,Becas Nutrirse Vianda,False,no_show,2026-07-31 08:03:26.280000-03:00,,,False,
G-01169,generado_ia,2026-07-31,Estudiantes,Estudiante de Grado,False,no_show,2026-07-31 08:03:33.295000-03:00,,,False,
G-01170,generado_ia,2026-07-31,Personal,Nodocente,False,no_show,2026-07-31 08:03:43.652000-03:00,,,False,
G-01171,generado_ia,2026-07-31,Estudiantes,Estudiante de Grado,False,no_show,2026-07-31 08:05:24.996000-03:00,,,False,
G-01172,generado_ia,2026-07-31,Becas personal,Becas Nodocentes,False,no_show,2026-07-31 08:05:33.899000-03:00,,,False,
G-01173,generado_ia,2026-07-31,Becas personal,Becas Nodocentes,False,no_show,2026-07-31 08:05:35.197000-03:00,,,False,
G-01174,generado_ia,2026-07-31,Becas Nutrirse,Becas Nutrirse Vianda,False,canceled,2026-07-31 08:07:01.128000-03:00,2026-07-31 10:46:46.134000-03:00,,False,
G-01175,generado_ia,2026-07-31,Becas Nutrirse,Becas Nutrirse Vianda,False,no_show,2026-07-31 08:08:05.573000-03:00,,,False,
G-01176,generado_ia,2026-07-31,Estudiantes,Estudiante de Grado,False,canceled,2026-07-31 08:08:41.491000-03:00,2026-07-31 10:24:24.423000-03:00,,False,
G-01177,generado_ia,2026-07-31,Estudiantes,Estudiante de Grado,False,canceled,2026-07-31 08:12:43.797000-03:00,2026-07-31 09:17:54.947000-03:00,,False,
G-01178,generado_ia,2026-07-31,Becas Nutrirse,Becas Nutrirse Vianda,False,no_show,2026-07-31 08:13:22.557000-03:00,,,False,
G-01179,generado_ia,2026-07-31,Becas Nutrirse,Becas Nutrirse Vianda,False,no_show,2026-07-31 08:13:36.606000-03:00,,,False,
G-01180,generado_ia,2026-07-31,Estudiantes,Estudiante de Grado,False,no_show,2026-07-31 08:14:30.903000-03:00,,,False,
G-01181,generado_ia,2026-07-31,Becas Nutrirse,Becas Nutrirse Vianda,False,no_show,2026-07-31 08:15:56.937000-03:00,,,False,
G-01182,generado_ia,2026-07-31,Estudiantes,Estudiante de Grado,False,no_show,2026-07-31 08:16:57.273000-03:00,,,False,
G-01183,generado_ia,2026-07-31,Estudiantes,Estudiante de Grado,False,no_show,2026-07-31 08:17:09.353000-03:00,,,False,
G-01184,generado_ia,2026-07-31,Becas Nutrirse,Becas Nutrirse Vianda,False,no_show,2026-07-31 08:19:04.177000-03:00,,,False,
G-01185,generado_ia,2026-07-31,Becas Nutrirse,Becas Nutrirse Vianda,False,no_show,2026-07-31 08:21:11.348000-03:00,,,False,
G-01186,generado_ia,2026-07-31,Becas Nutrirse,Becas Nutrirse Vianda,False,no_show,2026-07-31 08:23:06.681000-03:00,,,False,
G-01187,generado_ia,2026-07-31,Estudiantes,Estudiante de Grado,False,no_show,2026-07-31 08:23:43.369000-03:00,,,False,
G-01188,generado_ia,2026-07-31,Becas Nutrirse,Becas Nutrirse Vianda,False,no_show,2026-07-31 08:23:51.215000-03:00,,,False,
G-01189,generado_ia,2026-07-31,Estudiantes,Estudiante de Grado,False,canceled,2026-07-31 08:24:22.862000-03:00,2026-07-31 09:48:43.579000-03:00,,False,
G-01190,generado_ia,2026-07-31,Becas personal,Becas Docentes,False,no_show,2026-07-31 08:24:41.424000-03:00,,,False,
G-01191,generado_ia,2026-07-31,Estudiantes,Estudiante de Grado,False,no_show,2026-07-31 08:30:14.925000-03:00,,,False,
G-01192,generado_ia,2026-07-31,Estudiantes,Estudiante de Grado,False,canceled,2026-07-31 08:30:17.268000-03:00,2026-07-31 10:47:50.917000-03:00,,False,
G-01193,generado_ia,2026-07-31,Estudiantes,Estudiante de Grado,False,canceled,2026-07-31 08:30:27.837000-03:00,2026-07-31 10:16:05.773000-03:00,,False,
G-01194,generado_ia,2026-07-31,Becas Nutrirse,Becas Nutrirse Vianda,False,canceled,2026-07-31 08:31:07.165000-03:00,2026-07-31 10:06:34.926000-03:00,,False,
G-01195,generado_ia,2026-07-31,Estudiantes,Estudiante de Grado,False,canceled,2026-07-31 08:31:40.036000-03:00,2026-07-31 10:06:37.573000-03:00,,False,
G-01196,generado_ia,2026-07-31,Becas Nutrirse,Becas Nutrirse Vianda,False,no_show,2026-07-31 08:32:27.950000-03:00,,,False,
G-01197,generado_ia,2026-07-31,Estudiantes,Estudiante de Grado,False,no_show,2026-07-31 08:33:34.929000-03:00,,,False,
G-01198,generado_ia,2026-07-31,Becas personal,Becas Docentes,False,canceled,2026-07-31 08:34:43.305000-03:00,2026-07-31 08:52:10.629000-03:00,,False,
G-01199,generado_ia,2026-07-31,Estudiantes,Estudiante de Grado,False,no_show,2026-07-31 08:34:46.151000-03:00,,,False,
G-01200,generado_ia,2026-07-31,Estudiantes,Estudiante de Grado,False,no_show,2026-07-31 08:39:21.018000-03:00,,,False,
G-01201,generado_ia,2026-07-31,Becas Nutrirse,Becas Nutrirse Vianda,False,no_show,2026-07-31 08:39:51.863000-03:00,,,False,
G-01202,generado_ia,2026-07-31,Estudiantes,Estudiante de Grado,False,no_show,2026-07-31 08:40:09.496000-03:00,,,False,
G-01203,generado_ia,2026-07-31,Estudiantes,Estudiante de Grado,False,no_show,2026-07-31 08:42:02.014000-03:00,,,False,
G-01204,generado_ia,2026-07-31,Estudiantes,Estudiante de Grado,False,no_show,2026-07-31 08:44:50.496000-03:00,,,False,
G-01205,generado_ia,2026-07-31,Becas Nutrirse,Becas Nutrirse Vianda,False,no_show,2026-07-31 08:45:24.606000-03:00,,,False,
G-01206,generado_ia,2026-07-31,Estudiantes,Estudiante de Grado,False,no_show,2026-07-31 08:47:44.886000-03:00,,,False,
G-01207,generado_ia,2026-07-31,Estudiantes,Estudiante de Grado,False,no_show,2026-07-31 08:50:07.527000-03:00,,,False,
G-01208,generado_ia,2026-07-31,Personal,Nodocente,False,no_show,2026-07-31 08:58:38.021000-03:00,,,False,
G-01209,generado_ia,2026-07-31,Estudiantes,Estudiante de Grado,False,no_show,2026-07-31 09:00:31.784000-03:00,,,False,
G-01210,generado_ia,2026-07-31,Estudiantes,Estudiante de Grado,False,no_show,2026-07-31 09:00:43.570000-03:00,,,False,
G-01211,generado_ia,2026-07-31,Estudiantes,Estudiante de Grado,False,canceled,2026-07-31 09:02:01.337000-03:00,2026-07-31 10:52:07.609000-03:00,,False,
G-01212,generado_ia,2026-07-31,Estudiantes,Estudiante de Grado,False,no_show,2026-07-31 09:03:08.599000-03:00,,,False,
G-01213,generado_ia,2026-07-31,Estudiantes,Estudiante de Grado,False,no_show,2026-07-31 09:03:23.361000-03:00,,,False,
G-01214,generado_ia,2026-07-31,Estudiantes,Estudiante de Grado,False,no_show,2026-07-31 09:03:40.227000-03:00,,,False,
G-01215,generado_ia,2026-07-31,Estudiantes,Estudiante de Grado,False,canceled,2026-07-31 09:03:48.672000-03:00,2026-07-31 10:43:42.498000-03:00,,False,
G-01216,generado_ia,2026-07-31,Estudiantes,Estudiante de Grado,False,no_show,2026-07-31 09:05:51.550000-03:00,,,False,
G-01217,generado_ia,2026-07-31,Becas Nutrirse,Becas Nutrirse Vianda,False,no_show,2026-07-31 09:07:07.908000-03:00,,,False,
G-01218,generado_ia,2026-07-31,Personal,Docente,False,canceled,2026-07-31 09:10:03.178000-03:00,2026-07-31 09:42:18.591000-03:00,,False,
G-01219,generado_ia,2026-07-31,Estudiantes,Estudiante de Grado,False,no_show,2026-07-31 09:10:14.162000-03:00,,,False,
G-01220,generado_ia,2026-07-31,Estudiantes,Estudiante de Grado,False,canceled,2026-07-31 09:10:57.201000-03:00,2026-07-31 09:20:00.372000-03:00,,False,
G-01221,generado_ia,2026-07-31,Becas personal,Becas Nodocentes,False,no_show,2026-07-31 09:11:50.859000-03:00,,,False,
G-01222,generado_ia,2026-07-31,Estudiantes,Estudiante de Grado,False,no_show,2026-07-31 09:12:52.048000-03:00,,,False,
G-01223,generado_ia,2026-07-31,Becas Nutrirse,Becas Nutrirse Vianda,False,no_show,2026-07-31 09:12:54.357000-03:00,,,False,
G-01224,generado_ia,2026-07-31,Estudiantes,Estudiante de Grado,False,no_show,2026-07-31 09:13:23.802000-03:00,,,False,
G-01225,generado_ia,2026-07-31,Estudiantes,Estudiante de Grado,False,no_show,2026-07-31 09:13:59.131000-03:00,,,False,
G-01226,generado_ia,2026-07-31,Estudiantes,Estudiante de Grado,False,canceled,2026-07-31 09:14:10.798000-03:00,2026-07-31 10:39:30.887000-03:00,,False,
G-01227,generado_ia,2026-07-31,Estudiantes,Estudiante de Grado,False,canceled,2026-07-31 09:16:11.388000-03:00,2026-07-31 09:36:37.743000-03:00,,False,
G-01228,generado_ia,2026-07-31,Becas Nutrirse,Becas Nutrirse Vianda,False,no_show,2026-07-31 09:18:26.017000-03:00,,,False,
G-01229,generado_ia,2026-07-31,Becas Nutrirse,Becas Nutrirse Vianda,False,canceled,2026-07-31 09:18:27.892000-03:00,2026-07-31 10:18:52.939000-03:00,,False,
G-01230,generado_ia,2026-07-31,Estudiantes,Estudiante de Grado,False,canceled,2026-07-31 09:22:41.402000-03:00,2026-07-31 09:56:29.232000-03:00,,False,
G-01231,generado_ia,2026-07-31,Estudiantes,Estudiante de Grado,False,canceled,2026-07-31 09:30:43.279000-03:00,2026-07-31 10:00:52.165000-03:00,,False,
G-01232,generado_ia,2026-07-31,Estudiantes,Estudiante de Grado,False,no_show,2026-07-31 09:31:03.421000-03:00,,,False,
G-01233,generado_ia,2026-07-31,Becas personal,Becas Nodocentes,False,no_show,2026-07-31 09:34:19.355000-03:00,,,False,
G-01234,generado_ia,2026-07-31,Estudiantes,Estudiante de Grado,False,no_show,2026-07-31 09:37:30.082000-03:00,,,False,
G-01235,generado_ia,2026-07-31,Estudiantes,Estudiante de Grado,False,no_show,2026-07-31 09:38:14.992000-03:00,,,False,
G-01236,generado_ia,2026-07-31,Becas Nutrirse,Becas Nutrirse Vianda,False,no_show,2026-07-31 09:42:42.094000-03:00,,,False,
G-01237,generado_ia,2026-07-31,Becas Nutrirse,Becas Nutrirse Vianda,False,no_show,2026-07-31 10:08:35.164000-03:00,,,False,
G-01238,generado_ia,2026-07-31,Estudiantes,Estudiante de Grado,False,no_show,2026-07-31 10:10:45.288000-03:00,,,False,
G-01239,generado_ia,2026-07-31,Estudiantes,Estudiante de Grado,False,no_show,2026-07-31 10:13:52.530000-03:00,,,False,
G-01240,generado_ia,2026-07-31,Becas Nutrirse,Becas Nutrirse Vianda,False,canceled,2026-07-31 10:17:40.802000-03:00,2026-07-31 10:25:50.711000-03:00,,False,
G-01241,generado_ia,2026-07-31,Estudiantes,Estudiante de Grado,False,no_show,2026-07-31 10:21:07.455000-03:00,,,False,
G-01242,generado_ia,2026-07-31,Estudiantes,Estudiante de Grado,False,no_show,2026-07-31 10:21:18.751000-03:00,,,False,
G-01243,generado_ia,2026-07-31,Estudiantes,Estudiante de Grado,False,no_show,2026-07-31 10:25:31.744000-03:00,,,False,
G-01244,generado_ia,2026-07-31,Estudiantes,Estudiante de Grado,False,no_show,2026-07-31 10:25:38.034000-03:00,,,False,
G-01245,generado_ia,2026-07-31,Estudiantes,Estudiante de Grado,False,canceled,2026-07-31 10:26:34.132000-03:00,2026-07-31 10:32:33.932000-03:00,,False,
G-01246,generado_ia,2026-07-31,Estudiantes,Estudiante de Grado,False,canceled,2026-07-31 10:26:42.363000-03:00,2026-07-31 10:46:52.241000-03:00,,False,
G-01247,generado_ia,2026-07-31,Personal,Nodocente,False,canceled,2026-07-31 10:30:47.055000-03:00,2026-07-31 10:58:33.614000-03:00,,False,
G-01248,generado_ia,2026-07-31,Estudiantes,Estudiante de Grado,False,canceled,2026-07-31 10:33:11.141000-03:00,2026-07-31 10:45:42.092000-03:00,,False,
G-01249,generado_ia,2026-07-31,Estudiantes,Estudiante de Grado,False,no_show,2026-07-31 10:34:53.557000-03:00,,,False,
G-01250,generado_ia,2026-07-31,Estudiantes,Estudiante de Grado,False,no_show,2026-07-31 10:35:49.187000-03:00,,,False,
G-01251,generado_ia,2026-07-31,Estudiantes,Estudiante de Grado,False,canceled,2026-07-31 10:35:52.188000-03:00,2026-07-31 10:56:08.639000-03:00,,False,
G-01252,generado_ia,2026-07-31,Estudiantes,Estudiante de Grado,False,no_show,2026-07-31 10:36:08.473000-03:00,,,False,
G-01253,generado_ia,2026-07-31,Estudiantes,Estudiante de Grado,False,canceled,2026-07-31 10:36:26.681000-03:00,2026-07-31 10:43:31.502000-03:00,,False,
G-01254,generado_ia,2026-07-31,Becas Nutrirse,Becas Nutrirse Vianda,False,no_show,2026-07-31 10:39:01.939000-03:00,,,False,
G-01255,generado_ia,2026-07-31,Becas Nutrirse,Becas Nutrirse Vianda,False,canceled,2026-07-31 10:39:52.676000-03:00,2026-07-31 10:46:39.701000-03:00,,False,
G-01256,generado_ia,2026-07-31,Estudiantes,Estudiante de Grado,False,no_show,2026-07-31 10:41:23.348000-03:00,,,False,
G-01257,generado_ia,2026-07-31,Estudiantes,Estudiante de Grado,False,no_show,2026-07-31 10:46:27.304000-03:00,,,False,
G-01258,generado_ia,2026-08-03,Estudiantes,Estudiante de Grado,False,no_show,2026-08-03 08:00:02.558000-03:00,,,False,
G-01259,generado_ia,2026-08-03,Estudiantes,Estudiante de Grado,False,no_show,2026-08-03 08:00:13.566000-03:00,,,False,
G-01260,generado_ia,2026-08-03,Estudiantes,Estudiante de Grado,False,no_show,2026-08-03 08:00:14.309000-03:00,,,False,
G-01261,generado_ia,2026-08-03,Becas Nutrirse,Becas Nutrirse Vianda,False,no_show,2026-08-03 08:01:06.611000-03:00,,,False,
G-01262,generado_ia,2026-08-03,Estudiantes,Estudiante de Grado,False,canceled,2026-08-03 08:01:40.582000-03:00,2026-08-03 08:32:35.474000-03:00,,False,
G-01263,generado_ia,2026-08-03,Estudiantes,Estudiante de Grado,False,no_show,2026-08-03 08:02:05.455000-03:00,,,False,
G-01264,generado_ia,2026-08-03,Becas Nutrirse,Becas Nutrirse Vianda,False,no_show,2026-08-03 08:02:49.402000-03:00,,,False,
G-01265,generado_ia,2026-08-03,Estudiantes,Estudiante de Grado,False,no_show,2026-08-03 08:03:16.108000-03:00,,,False,
G-01266,generado_ia,2026-08-03,Becas Nutrirse,Becas Nutrirse Vianda,False,no_show,2026-08-03 08:03:32.590000-03:00,,,False,
G-01267,generado_ia,2026-08-03,Estudiantes,Estudiante de Grado,False,canceled,2026-08-03 08:03:44.037000-03:00,2026-08-03 10:16:10.683000-03:00,,False,
G-01268,generado_ia,2026-08-03,Estudiantes,Estudiante de Grado,False,no_show,2026-08-03 08:03:46.948000-03:00,,,False,
G-01269,generado_ia,2026-08-03,Estudiantes,Estudiante de Grado,False,no_show,2026-08-03 08:04:01.292000-03:00,,,False,
G-01270,generado_ia,2026-08-03,Becas Nutrirse,Becas Nutrirse Vianda,False,canceled,2026-08-03 08:04:10.585000-03:00,2026-08-03 08:39:01.179000-03:00,,False,
G-01271,generado_ia,2026-08-03,Becas Nutrirse,Becas Nutrirse Vianda,False,no_show,2026-08-03 08:05:07.145000-03:00,,,False,
G-01272,generado_ia,2026-08-03,Becas Nutrirse,Becas Nutrirse Vianda,False,canceled,2026-08-03 08:06:26.936000-03:00,2026-08-03 09:03:07.621000-03:00,,False,
G-01273,generado_ia,2026-08-03,Becas Nutrirse,Becas Nutrirse Vianda,False,no_show,2026-08-03 08:07:33.004000-03:00,,,False,
G-01274,generado_ia,2026-08-03,Estudiantes,Estudiante de Grado,False,no_show,2026-08-03 08:07:39.994000-03:00,,,False,
G-01275,generado_ia,2026-08-03,Estudiantes,Estudiante de Grado,False,canceled,2026-08-03 08:09:11.735000-03:00,2026-08-03 10:13:23.963000-03:00,,False,
G-01276,generado_ia,2026-08-03,Becas Nutrirse,Becas Nutrirse Vianda,False,canceled,2026-08-03 08:10:23.463000-03:00,2026-08-03 10:07:58.173000-03:00,,False,
G-01277,generado_ia,2026-08-03,Becas Nutrirse,Becas Nutrirse Vianda,False,canceled,2026-08-03 08:15:04.387000-03:00,2026-08-03 09:36:59.892000-03:00,,False,
G-01278,generado_ia,2026-08-03,Estudiantes,Estudiante de Grado sin TACC,True,no_show,2026-08-03 08:16:02.019000-03:00,,,False,
G-01279,generado_ia,2026-08-03,Estudiantes,Estudiante de Grado,False,no_show,2026-08-03 08:16:13.015000-03:00,,,False,
G-01280,generado_ia,2026-08-03,Estudiantes,Estudiante de Grado,False,no_show,2026-08-03 08:16:30.001000-03:00,,,False,
G-01281,generado_ia,2026-08-03,Estudiantes,Estudiante de Grado,False,no_show,2026-08-03 08:17:08.888000-03:00,,,False,
G-01282,generado_ia,2026-08-03,Becas personal,Becas Nodocentes,False,canceled,2026-08-03 08:18:40.624000-03:00,2026-08-03 09:17:22.023000-03:00,,False,
G-01283,generado_ia,2026-08-03,Estudiantes,Estudiante de Grado,False,no_show,2026-08-03 08:20:19.245000-03:00,,,False,
G-01284,generado_ia,2026-08-03,Becas personal,Becas Nodocentes,False,no_show,2026-08-03 08:20:55.691000-03:00,,,False,
G-01285,generado_ia,2026-08-03,Becas personal,Becas Nodocentes,False,no_show,2026-08-03 08:20:56.251000-03:00,,,False,
G-01286,generado_ia,2026-08-03,Becas Nutrirse,Becas Nutrirse Vianda,False,no_show,2026-08-03 08:22:19.796000-03:00,,,False,
G-01287,generado_ia,2026-08-03,Becas Nutrirse,Becas Nutrirse Vianda,False,no_show,2026-08-03 08:22:47.419000-03:00,,,False,
G-01288,generado_ia,2026-08-03,Estudiantes,Estudiante de Grado,False,no_show,2026-08-03 08:25:02.347000-03:00,,,False,
G-01289,generado_ia,2026-08-03,Becas Nutrirse,Becas Nutrirse Vianda,False,canceled,2026-08-03 08:25:16.300000-03:00,2026-08-03 09:20:31.002000-03:00,,False,
G-01290,generado_ia,2026-08-03,Becas Nutrirse,Becas Nutrirse Vianda,False,no_show,2026-08-03 08:25:45.504000-03:00,,,False,
G-01291,generado_ia,2026-08-03,Estudiantes,Estudiante de Grado sin TACC,True,no_show,2026-08-03 08:25:54.811000-03:00,,,False,
G-01292,generado_ia,2026-08-03,Estudiantes,Estudiante de Grado,False,no_show,2026-08-03 08:28:37.076000-03:00,,,False,
G-01293,generado_ia,2026-08-03,Becas Nutrirse,Becas Nutrirse Vianda,False,canceled,2026-08-03 08:28:50.766000-03:00,2026-08-03 08:35:08.825000-03:00,,False,
G-01294,generado_ia,2026-08-03,Becas Nutrirse,Becas Nutrirse Vianda,False,no_show,2026-08-03 08:30:38.888000-03:00,,,False,
G-01295,generado_ia,2026-08-03,Estudiantes,Estudiante de Grado,False,no_show,2026-08-03 08:31:09.632000-03:00,,,False,
G-01296,generado_ia,2026-08-03,Estudiantes,Estudiante de Grado,False,canceled,2026-08-03 08:31:45.726000-03:00,2026-08-03 09:37:39.275000-03:00,,False,
G-01297,generado_ia,2026-08-03,Becas Nutrirse,Becas Nutrirse Vianda,False,canceled,2026-08-03 08:32:02.683000-03:00,2026-08-03 09:13:48.864000-03:00,,False,
G-01298,generado_ia,2026-08-03,Becas Nutrirse,Becas Nutrirse Vianda,False,no_show,2026-08-03 08:32:39.565000-03:00,,,False,
G-01299,generado_ia,2026-08-03,Becas Nutrirse,Becas Nutrirse Vianda,False,no_show,2026-08-03 08:32:53.441000-03:00,,,False,
G-01300,generado_ia,2026-08-03,Estudiantes,Estudiante de Grado,False,canceled,2026-08-03 08:34:26.469000-03:00,2026-08-03 08:54:53.100000-03:00,,False,
G-01301,generado_ia,2026-08-03,Estudiantes,Estudiante de Grado,False,canceled,2026-08-03 08:39:21.818000-03:00,2026-08-03 10:05:07.432000-03:00,,False,
G-01302,generado_ia,2026-08-03,Estudiantes,Estudiante de Grado,False,no_show,2026-08-03 08:40:53.522000-03:00,,,False,
G-01303,generado_ia,2026-08-03,Becas Nutrirse,Becas Nutrirse Vianda,False,no_show,2026-08-03 08:41:25.988000-03:00,,,False,
G-01304,generado_ia,2026-08-03,Estudiantes,Estudiante de Grado,False,canceled,2026-08-03 08:42:00.340000-03:00,2026-08-03 09:25:32.160000-03:00,,False,
G-01305,generado_ia,2026-08-03,Estudiantes,Estudiante de Grado,False,no_show,2026-08-03 08:42:37.332000-03:00,,,False,
G-01306,generado_ia,2026-08-03,Becas Nutrirse,Becas Nutrirse Vianda,False,no_show,2026-08-03 08:43:13.255000-03:00,,,False,
G-01307,generado_ia,2026-08-03,Estudiantes,Estudiante de Grado,False,no_show,2026-08-03 08:44:21.703000-03:00,,,False,
G-01308,generado_ia,2026-08-03,Estudiantes,Estudiante de Grado,False,no_show,2026-08-03 08:47:22.499000-03:00,,,False,
G-01309,generado_ia,2026-08-03,Estudiantes,Estudiante de Grado,False,no_show,2026-08-03 08:49:44.294000-03:00,,,False,
G-01310,generado_ia,2026-08-03,Becas Nutrirse,Becas Nutrirse Vianda,False,no_show,2026-08-03 08:51:08.244000-03:00,,,False,
G-01311,generado_ia,2026-08-03,Becas Nutrirse,Becas Nutrirse Vianda,False,no_show,2026-08-03 08:51:29.899000-03:00,,,False,
G-01312,generado_ia,2026-08-03,Estudiantes,Estudiante de Grado,False,no_show,2026-08-03 08:57:20.402000-03:00,,,False,
G-01313,generado_ia,2026-08-03,Estudiantes,Estudiante de Grado,False,no_show,2026-08-03 09:00:41.635000-03:00,,,False,
G-01314,generado_ia,2026-08-03,Becas personal,Becas Nodocentes,False,canceled,2026-08-03 09:08:36.577000-03:00,2026-08-03 10:16:34.392000-03:00,,False,
G-01315,generado_ia,2026-08-03,Estudiantes,Estudiante de Grado,False,no_show,2026-08-03 09:09:08.716000-03:00,,,False,
G-01316,generado_ia,2026-08-03,Becas Nutrirse,Becas Nutrirse Vianda,False,no_show,2026-08-03 09:11:08.063000-03:00,,,False,
G-01317,generado_ia,2026-08-03,Becas Nutrirse,Becas Nutrirse Vianda,False,no_show,2026-08-03 09:14:12.656000-03:00,,,False,
G-01318,generado_ia,2026-08-03,Becas personal,Becas Nodocentes,False,canceled,2026-08-03 09:14:12.735000-03:00,2026-08-03 10:36:57.767000-03:00,,False,
G-01319,generado_ia,2026-08-03,Becas Nutrirse,Becas Nutrirse Vianda,False,no_show,2026-08-03 09:14:38.989000-03:00,,,False,
G-01320,generado_ia,2026-08-03,Estudiantes,Estudiante de Grado,False,no_show,2026-08-03 09:15:38.336000-03:00,,,False,
G-01321,generado_ia,2026-08-03,Becas Nutrirse,Becas Nutrirse Vianda,False,canceled,2026-08-03 09:15:43.598000-03:00,2026-08-03 09:20:26.597000-03:00,,False,
G-01322,generado_ia,2026-08-03,Estudiantes,Estudiante de Grado,False,no_show,2026-08-03 09:16:23.555000-03:00,,,False,
G-01323,generado_ia,2026-08-03,Estudiantes,Estudiante de Grado,False,no_show,2026-08-03 09:18:04.427000-03:00,,,False,
G-01324,generado_ia,2026-08-03,Estudiantes,Estudiante de Grado,False,no_show,2026-08-03 09:18:49.917000-03:00,,,False,
G-01325,generado_ia,2026-08-03,Becas Nutrirse,Becas Nutrirse Vianda,False,no_show,2026-08-03 09:20:35.987000-03:00,,,False,
G-01326,generado_ia,2026-08-03,Estudiantes,Estudiante de Grado,False,no_show,2026-08-03 09:21:54.218000-03:00,,,False,
G-01327,generado_ia,2026-08-03,Becas personal,Becas Docentes,False,no_show,2026-08-03 09:22:09.437000-03:00,,,False,
G-01328,generado_ia,2026-08-03,Estudiantes,Estudiante de Grado,False,no_show,2026-08-03 09:22:42.715000-03:00,,,False,
G-01329,generado_ia,2026-08-03,Estudiantes,Estudiante de Grado,False,no_show,2026-08-03 09:26:22.018000-03:00,,,False,
G-01330,generado_ia,2026-08-03,Estudiantes,Estudiante de Grado,False,no_show,2026-08-03 09:27:28.279000-03:00,,,False,
G-01331,generado_ia,2026-08-03,Becas personal,Becas Nodocentes,False,no_show,2026-08-03 09:28:01.044000-03:00,,,False,
G-01332,generado_ia,2026-08-03,Estudiantes,Estudiante de Grado,False,no_show,2026-08-03 09:30:31.240000-03:00,,,False,
G-01333,generado_ia,2026-08-03,Estudiantes,Estudiante de Grado,False,no_show,2026-08-03 09:32:13.481000-03:00,,,False,
G-01334,generado_ia,2026-08-03,Estudiantes,Estudiante de Grado,False,no_show,2026-08-03 09:38:35.019000-03:00,,,False,
G-01335,generado_ia,2026-08-03,Estudiantes,Estudiante de Grado,False,no_show,2026-08-03 09:39:23.138000-03:00,,,False,
G-01336,generado_ia,2026-08-03,Estudiantes,Estudiante de Grado,False,no_show,2026-08-03 09:42:24.813000-03:00,,,False,
G-01337,generado_ia,2026-08-03,Becas Nutrirse,Becas Nutrirse Vianda,False,no_show,2026-08-03 09:42:42.980000-03:00,,,False,
G-01338,generado_ia,2026-08-03,Becas Nutrirse,Becas Nutrirse Vianda,False,no_show,2026-08-03 09:43:21.223000-03:00,,,False,
G-01339,generado_ia,2026-08-03,Becas personal,Becas Nodocentes,False,no_show,2026-08-03 09:46:09.442000-03:00,,,False,
G-01340,generado_ia,2026-08-03,Becas Nutrirse,Becas Nutrirse Vianda,False,no_show,2026-08-03 09:46:59.885000-03:00,,,False,
G-01341,generado_ia,2026-08-03,Estudiantes,Estudiante de Grado,False,no_show,2026-08-03 09:50:50.004000-03:00,,,False,
G-01342,generado_ia,2026-08-03,Estudiantes,Estudiante de Grado,False,no_show,2026-08-03 09:51:37.561000-03:00,,,False,
G-01343,generado_ia,2026-08-03,Estudiantes,Estudiante de Grado,False,no_show,2026-08-03 09:52:12.728000-03:00,,,False,
G-01344,generado_ia,2026-08-03,Estudiantes,Estudiante de Grado,False,no_show,2026-08-03 09:52:41.252000-03:00,,,False,
G-01345,generado_ia,2026-08-03,Becas Nutrirse,Becas Nutrirse Vianda,False,no_show,2026-08-03 09:53:27.810000-03:00,,,False,
G-01346,generado_ia,2026-08-03,Becas Nutrirse,Becas Nutrirse Vianda,False,no_show,2026-08-03 09:54:07.309000-03:00,,,False,
G-01347,generado_ia,2026-08-03,Estudiantes,Estudiante de Grado,False,no_show,2026-08-03 10:00:32.958000-03:00,,,False,
G-01348,generado_ia,2026-08-03,Estudiantes,Estudiante de Grado,False,no_show,2026-08-03 10:00:41.557000-03:00,,,False,
G-01349,generado_ia,2026-08-03,Estudiantes,Estudiante de Grado,False,no_show,2026-08-03 10:03:09.761000-03:00,,,False,
G-01350,generado_ia,2026-08-03,Estudiantes,Estudiante de Grado,False,no_show,2026-08-03 10:03:14.916000-03:00,,,False,
G-01351,generado_ia,2026-08-03,Estudiantes,Estudiante de Grado,False,no_show,2026-08-03 10:03:31.180000-03:00,,,False,
G-01352,generado_ia,2026-08-03,Estudiantes,Estudiante de Grado,False,no_show,2026-08-03 10:05:56.290000-03:00,,,False,
G-01353,generado_ia,2026-08-03,Becas Nutrirse,Becas Nutrirse Vianda,False,no_show,2026-08-03 10:06:26.486000-03:00,,,False,
G-01354,generado_ia,2026-08-03,Becas Nutrirse,Becas Nutrirse Vianda,False,canceled,2026-08-03 10:10:48.896000-03:00,2026-08-03 10:37:08.457000-03:00,,False,
G-01355,generado_ia,2026-08-03,Estudiantes,Estudiante de Grado,False,no_show,2026-08-03 10:11:17.964000-03:00,,,False,
G-01356,generado_ia,2026-08-03,Becas Nutrirse,Becas Nutrirse Vianda,False,canceled,2026-08-03 10:11:58.617000-03:00,2026-08-03 10:53:08.743000-03:00,,False,
G-01357,generado_ia,2026-08-03,Estudiantes,Estudiante de Grado,False,no_show,2026-08-03 10:12:44.658000-03:00,,,False,
G-01358,generado_ia,2026-08-03,Estudiantes,Estudiante de Grado,False,canceled,2026-08-03 10:19:19.207000-03:00,2026-08-03 10:42:28.868000-03:00,,False,
G-01359,generado_ia,2026-08-03,Becas Nutrirse,Becas Nutrirse Vianda,False,canceled,2026-08-03 10:20:57.861000-03:00,2026-08-03 10:41:27.725000-03:00,,False,
G-01360,generado_ia,2026-08-03,Estudiantes,Estudiante de Grado,False,no_show,2026-08-03 10:28:24.165000-03:00,,,False,
G-01361,generado_ia,2026-08-03,Estudiantes,Estudiante de Grado,False,canceled,2026-08-03 10:28:25.467000-03:00,2026-08-03 10:41:39.525000-03:00,,False,
G-01362,generado_ia,2026-08-03,Estudiantes,Estudiante de Grado,False,canceled,2026-08-03 10:36:08.019000-03:00,2026-08-03 10:37:24.993000-03:00,,False,
G-01363,generado_ia,2026-08-03,Estudiantes,Estudiante de Grado,False,canceled,2026-08-03 10:42:22.905000-03:00,2026-08-03 10:59:13.793000-03:00,,False,
G-01364,generado_ia,2026-08-03,Becas Nutrirse,Becas Nutrirse Vianda,False,no_show,2026-08-03 10:42:40.863000-03:00,,,False,
G-01365,generado_ia,2026-08-03,Estudiantes,Estudiante de Grado,False,no_show,2026-08-03 10:44:51.461000-03:00,,,False,
G-01366,generado_ia,2026-08-03,Personal,Nodocente,False,no_show,2026-08-03 10:47:04.131000-03:00,,,False,
G-01367,generado_ia,2026-08-03,Estudiantes,Estudiante de Grado,False,no_show,2026-08-03 10:51:30.972000-03:00,,,False,
G-01368,generado_ia,2026-08-04,Becas Nutrirse,Becas Nutrirse Vianda,False,no_show,2026-08-04 08:00:04.436000-03:00,,,False,
G-01369,generado_ia,2026-08-04,Becas Nutrirse,Becas Nutrirse Vianda,False,canceled,2026-08-04 08:00:23.235000-03:00,2026-08-04 09:55:52.912000-03:00,,False,
G-01370,generado_ia,2026-08-04,Estudiantes,Estudiante de Grado,False,canceled,2026-08-04 08:00:33.613000-03:00,2026-08-04 09:01:29.885000-03:00,,False,
G-01371,generado_ia,2026-08-04,Becas Nutrirse,Becas Nutrirse Vianda,False,canceled,2026-08-04 08:00:50.816000-03:00,2026-08-04 08:54:32.287000-03:00,,False,
G-01372,generado_ia,2026-08-04,Estudiantes,Estudiante de Grado,False,canceled,2026-08-04 08:00:56.979000-03:00,2026-08-04 08:53:58.140000-03:00,,False,
G-01373,generado_ia,2026-08-04,Estudiantes,Estudiante de Grado,False,no_show,2026-08-04 08:01:18.874000-03:00,,,False,
G-01374,generado_ia,2026-08-04,Becas Nutrirse,Becas Nutrirse Vianda,False,no_show,2026-08-04 08:01:28.452000-03:00,,,False,
G-01375,generado_ia,2026-08-04,Estudiantes,Estudiante de Grado,False,no_show,2026-08-04 08:01:30.708000-03:00,,,False,
G-01376,generado_ia,2026-08-04,Estudiantes,Estudiante de Grado,False,no_show,2026-08-04 08:01:31.007000-03:00,,,False,
G-01377,generado_ia,2026-08-04,Estudiantes,Estudiante de Grado,False,no_show,2026-08-04 08:01:35.025000-03:00,,,False,
G-01378,generado_ia,2026-08-04,Estudiantes,Estudiante de Grado,False,canceled,2026-08-04 08:02:25.285000-03:00,2026-08-04 09:00:50.568000-03:00,,False,
G-01379,generado_ia,2026-08-04,Estudiantes,Estudiante de Grado,False,canceled,2026-08-04 08:02:27.460000-03:00,2026-08-04 10:58:45.835000-03:00,,False,
G-01380,generado_ia,2026-08-04,Estudiantes,Estudiante de Grado,False,no_show,2026-08-04 08:02:38.243000-03:00,,,False,
G-01381,generado_ia,2026-08-04,Estudiantes,Estudiante de Grado,False,no_show,2026-08-04 08:02:49.005000-03:00,,,False,
G-01382,generado_ia,2026-08-04,Becas Nutrirse,Becas Nutrirse Vianda,False,no_show,2026-08-04 08:03:01.228000-03:00,,,False,
G-01383,generado_ia,2026-08-04,Becas personal,Becas Docentes,False,canceled,2026-08-04 08:03:13.334000-03:00,2026-08-04 08:38:44.261000-03:00,,False,
G-01384,generado_ia,2026-08-04,Estudiantes,Estudiante de Grado,False,no_show,2026-08-04 08:03:15.644000-03:00,,,False,
G-01385,generado_ia,2026-08-04,Becas Nutrirse,Becas Nutrirse Vianda,False,canceled,2026-08-04 08:03:19.976000-03:00,2026-08-04 08:33:41.583000-03:00,,False,
G-01386,generado_ia,2026-08-04,Estudiantes,Estudiante de Grado,False,no_show,2026-08-04 08:03:22.515000-03:00,,,False,
G-01387,generado_ia,2026-08-04,Estudiantes,Estudiante de Grado,False,canceled,2026-08-04 08:03:32.186000-03:00,2026-08-04 09:33:02.389000-03:00,,False,
G-01388,generado_ia,2026-08-04,Becas Nutrirse,Becas Nutrirse Vianda,False,canceled,2026-08-04 08:03:42.044000-03:00,2026-08-04 10:17:24.208000-03:00,,False,
G-01389,generado_ia,2026-08-04,Estudiantes,Estudiante de Grado,False,canceled,2026-08-04 08:03:49.221000-03:00,2026-08-04 10:13:07.571000-03:00,,False,
G-01390,generado_ia,2026-08-04,Estudiantes,Estudiante de Grado,False,no_show,2026-08-04 08:04:01.119000-03:00,,,False,
G-01391,generado_ia,2026-08-04,Estudiantes,Estudiante de Grado,False,no_show,2026-08-04 08:04:16.216000-03:00,,,False,
G-01392,generado_ia,2026-08-04,Estudiantes,Estudiante de Grado,False,no_show,2026-08-04 08:05:30.078000-03:00,,,False,
G-01393,generado_ia,2026-08-04,Estudiantes,Estudiante de Grado,False,canceled,2026-08-04 08:05:43.485000-03:00,2026-08-04 09:09:29.817000-03:00,,False,
G-01394,generado_ia,2026-08-04,Becas personal,Becas Nodocentes,False,no_show,2026-08-04 08:06:11.398000-03:00,,,False,
G-01395,generado_ia,2026-08-04,Becas personal,Becas Nodocentes,False,canceled,2026-08-04 08:06:17.503000-03:00,2026-08-04 09:08:36.363000-03:00,,False,
G-01396,generado_ia,2026-08-04,Becas Nutrirse,Becas Nutrirse Vianda,False,canceled,2026-08-04 08:06:28.286000-03:00,2026-08-04 10:18:36.493000-03:00,,False,
G-01397,generado_ia,2026-08-04,Estudiantes,Estudiante de Grado,False,canceled,2026-08-04 08:06:39.651000-03:00,2026-08-04 09:56:38.347000-03:00,,False,
G-01398,generado_ia,2026-08-04,Estudiantes,Estudiante de Grado,False,no_show,2026-08-04 08:06:42.273000-03:00,,,False,
G-01399,generado_ia,2026-08-04,Becas Nutrirse,Becas Nutrirse Vianda,False,canceled,2026-08-04 08:06:46.002000-03:00,2026-08-04 10:24:12.883000-03:00,,False,
G-01400,generado_ia,2026-08-04,Estudiantes,Estudiante de Grado,False,no_show,2026-08-04 08:06:48.173000-03:00,,,False,
G-01401,generado_ia,2026-08-04,Estudiantes,Estudiante de Grado,False,canceled,2026-08-04 08:07:13.794000-03:00,2026-08-04 10:09:30.068000-03:00,,False,
G-01402,generado_ia,2026-08-04,Estudiantes,Estudiante de Grado,False,no_show,2026-08-04 08:07:54.152000-03:00,,,False,
G-01403,generado_ia,2026-08-04,Becas Nutrirse,Becas Nutrirse Vianda,False,canceled,2026-08-04 08:08:19.312000-03:00,2026-08-04 08:24:34.996000-03:00,,False,
G-01404,generado_ia,2026-08-04,Estudiantes,Estudiante de Grado,False,no_show,2026-08-04 08:08:25.224000-03:00,,,False,
G-01405,generado_ia,2026-08-04,Estudiantes,Estudiante de Grado,False,no_show,2026-08-04 08:08:26.770000-03:00,,,False,
G-01406,generado_ia,2026-08-04,Becas Nutrirse,Becas Nutrirse Vianda,False,no_show,2026-08-04 08:08:26.818000-03:00,,,False,
G-01407,generado_ia,2026-08-04,Becas Nutrirse,Becas Nutrirse Vianda,False,no_show,2026-08-04 08:09:15.382000-03:00,,,False,
G-01408,generado_ia,2026-08-04,Estudiantes,Estudiante de Grado,False,no_show,2026-08-04 08:09:43.118000-03:00,,,False,
G-01409,generado_ia,2026-08-04,Becas Nutrirse,Becas Nutrirse Vianda,False,canceled,2026-08-04 08:10:08.533000-03:00,2026-08-04 10:05:55.571000-03:00,,False,
G-01410,generado_ia,2026-08-04,Estudiantes,Estudiante de Grado,False,no_show,2026-08-04 08:10:08.596000-03:00,,,False,
G-01411,generado_ia,2026-08-04,Becas Nutrirse,Becas Nutrirse Vianda,False,no_show,2026-08-04 08:10:15.163000-03:00,,,False,
G-01412,generado_ia,2026-08-04,Personal,Docente,False,canceled,2026-08-04 08:10:31.821000-03:00,2026-08-04 09:26:35.831000-03:00,,False,
G-01413,generado_ia,2026-08-04,Estudiantes,Estudiante de Grado,False,no_show,2026-08-04 08:11:36.688000-03:00,,,False,
G-01414,generado_ia,2026-08-04,Estudiantes,Estudiante de Grado,False,no_show,2026-08-04 08:11:45.371000-03:00,,,False,
G-01415,generado_ia,2026-08-04,Estudiantes,Estudiante de Grado,False,no_show,2026-08-04 08:12:18.800000-03:00,,,False,
G-01416,generado_ia,2026-08-04,Estudiantes,Estudiante de Grado,False,canceled,2026-08-04 08:12:49.299000-03:00,2026-08-04 09:56:46.939000-03:00,,False,
G-01417,generado_ia,2026-08-04,Estudiantes,Estudiante de Grado,False,canceled,2026-08-04 08:14:07.565000-03:00,2026-08-04 08:51:40.413000-03:00,,False,
G-01418,generado_ia,2026-08-04,Estudiantes,Estudiante de Grado,False,no_show,2026-08-04 08:14:37.927000-03:00,,,False,
G-01419,generado_ia,2026-08-04,Estudiantes,Estudiante de Grado,False,no_show,2026-08-04 08:15:29.492000-03:00,,,False,
G-01420,generado_ia,2026-08-04,Estudiantes,Estudiante de Grado,False,no_show,2026-08-04 08:15:31.219000-03:00,,,False,
G-01421,generado_ia,2026-08-04,Estudiantes,Estudiante de Grado,False,canceled,2026-08-04 08:15:36.392000-03:00,2026-08-04 09:00:19.877000-03:00,,False,
G-01422,generado_ia,2026-08-04,Estudiantes,Estudiante de Grado,False,no_show,2026-08-04 08:16:26.698000-03:00,,,False,
G-01423,generado_ia,2026-08-04,Becas Nutrirse,Becas Nutrirse Vianda,False,canceled,2026-08-04 08:16:42.707000-03:00,2026-08-04 08:32:55.200000-03:00,,False,
G-01424,generado_ia,2026-08-04,Becas Nutrirse,Becas Nutrirse Vianda,False,canceled,2026-08-04 08:17:39.668000-03:00,2026-08-04 08:50:58.660000-03:00,,False,
G-01425,generado_ia,2026-08-04,Estudiantes,Estudiante de Grado,False,no_show,2026-08-04 08:18:06.604000-03:00,,,False,
G-01426,generado_ia,2026-08-04,Estudiantes,Estudiante de Grado,False,no_show,2026-08-04 08:18:39.449000-03:00,,,False,
G-01427,generado_ia,2026-08-04,Estudiantes,Estudiante de Grado,False,no_show,2026-08-04 08:18:49.292000-03:00,,,False,
G-01428,generado_ia,2026-08-04,Estudiantes,Estudiante de Grado,False,no_show,2026-08-04 08:24:26.722000-03:00,,,False,
G-01429,generado_ia,2026-08-04,Estudiantes,Estudiante de Grado,False,no_show,2026-08-04 08:24:41.513000-03:00,,,False,
G-01430,generado_ia,2026-08-04,Estudiantes,Estudiante de Grado,False,no_show,2026-08-04 08:25:04.395000-03:00,,,False,
G-01431,generado_ia,2026-08-04,Becas personal,Becas Nodocentes,False,no_show,2026-08-04 08:25:31.338000-03:00,,,False,
G-01432,generado_ia,2026-08-04,Becas Nutrirse,Becas Nutrirse Vianda,False,no_show,2026-08-04 08:26:15.277000-03:00,,,False,
G-01433,generado_ia,2026-08-04,Becas Nutrirse,Becas Nutrirse Vianda,False,canceled,2026-08-04 08:26:52.709000-03:00,2026-08-04 10:58:00.475000-03:00,,False,
G-01434,generado_ia,2026-08-04,Becas Nutrirse,Becas Nutrirse Vianda,False,no_show,2026-08-04 08:28:29.960000-03:00,,,False,
G-01435,generado_ia,2026-08-04,Becas Nutrirse,Becas Nutrirse Vianda,False,canceled,2026-08-04 08:29:02.028000-03:00,2026-08-04 08:34:39.872000-03:00,,False,
G-01436,generado_ia,2026-08-04,Estudiantes,Estudiante de Grado,False,no_show,2026-08-04 08:29:37.356000-03:00,,,False,
G-01437,generado_ia,2026-08-04,Estudiantes,Estudiante de Grado,False,no_show,2026-08-04 08:32:46.876000-03:00,,,False,
G-01438,generado_ia,2026-08-04,Estudiantes,Estudiante de Grado,False,no_show,2026-08-04 08:33:48.733000-03:00,,,False,
G-01439,generado_ia,2026-08-04,Becas Nutrirse,Becas Nutrirse Vianda,False,no_show,2026-08-04 08:34:06.115000-03:00,,,False,
G-01440,generado_ia,2026-08-04,Estudiantes,Estudiante de Grado,False,no_show,2026-08-04 08:36:26.401000-03:00,,,False,
G-01441,generado_ia,2026-08-04,Estudiantes,Estudiante de Grado,False,no_show,2026-08-04 08:37:37.949000-03:00,,,False,
G-01442,generado_ia,2026-08-04,Estudiantes,Estudiante de Grado,False,canceled,2026-08-04 08:38:16.462000-03:00,2026-08-04 10:24:34.275000-03:00,,False,
G-01443,generado_ia,2026-08-04,Estudiantes,Estudiante de Grado,False,no_show,2026-08-04 08:38:46.180000-03:00,,,False,
G-01444,generado_ia,2026-08-04,Estudiantes,Estudiante de Grado,False,canceled,2026-08-04 08:42:13.506000-03:00,2026-08-04 09:49:07.644000-03:00,,False,
G-01445,generado_ia,2026-08-04,Estudiantes,Estudiante de Grado,False,no_show,2026-08-04 08:42:22.553000-03:00,,,False,
G-01446,generado_ia,2026-08-04,Estudiantes,Estudiante de Grado,False,no_show,2026-08-04 08:43:17.456000-03:00,,,False,
G-01447,generado_ia,2026-08-04,Estudiantes,Estudiante de Grado,False,no_show,2026-08-04 08:43:29.428000-03:00,,,False,
G-01448,generado_ia,2026-08-04,Estudiantes,Estudiante de Grado,False,no_show,2026-08-04 08:44:05.018000-03:00,,,False,
G-01449,generado_ia,2026-08-04,Estudiantes,Estudiante de Grado,False,no_show,2026-08-04 08:44:30.932000-03:00,,,False,
G-01450,generado_ia,2026-08-04,Estudiantes,Estudiante de Grado,False,no_show,2026-08-04 08:44:50.883000-03:00,,,False,
G-01451,generado_ia,2026-08-04,Estudiantes,Estudiante de Grado,False,canceled,2026-08-04 08:45:12.892000-03:00,2026-08-04 10:37:11.436000-03:00,,False,
G-01452,generado_ia,2026-08-04,Estudiantes,Estudiante de Grado,False,no_show,2026-08-04 08:45:36.991000-03:00,,,False,
G-01453,generado_ia,2026-08-04,Estudiantes,Estudiante de Grado,False,canceled,2026-08-04 08:46:31.870000-03:00,2026-08-04 10:07:17.702000-03:00,,False,
G-01454,generado_ia,2026-08-04,Estudiantes,Estudiante de Grado,False,no_show,2026-08-04 08:47:40.001000-03:00,,,False,
G-01455,generado_ia,2026-08-04,Estudiantes,Estudiante de Grado,False,no_show,2026-08-04 08:48:08.078000-03:00,,,False,
G-01456,generado_ia,2026-08-04,Estudiantes,Estudiante de Grado,False,no_show,2026-08-04 08:48:23.730000-03:00,,,False,
G-01457,generado_ia,2026-08-04,Estudiantes,Estudiante de Grado,False,no_show,2026-08-04 08:49:08.942000-03:00,,,False,
G-01458,generado_ia,2026-08-04,Estudiantes,Estudiante de Grado,False,no_show,2026-08-04 08:49:20.784000-03:00,,,False,
G-01459,generado_ia,2026-08-04,Becas Nutrirse,Becas Nutrirse Vianda,False,no_show,2026-08-04 08:51:58.466000-03:00,,,False,
G-01460,generado_ia,2026-08-04,Becas Nutrirse,Becas Nutrirse Vianda,False,canceled,2026-08-04 09:02:40.213000-03:00,2026-08-04 10:50:44.417000-03:00,,False,
G-01461,generado_ia,2026-08-04,Becas Nutrirse,Becas Nutrirse Vianda,False,no_show,2026-08-04 09:03:38.517000-03:00,,,False,
G-01462,generado_ia,2026-08-04,Estudiantes,Estudiante de Grado,False,canceled,2026-08-04 09:04:45.362000-03:00,2026-08-04 10:00:02.473000-03:00,,False,
G-01463,generado_ia,2026-08-04,Becas Nutrirse,Becas Nutrirse Vianda,False,canceled,2026-08-04 09:05:34.920000-03:00,2026-08-04 10:42:54.687000-03:00,,False,
G-01464,generado_ia,2026-08-04,Becas Nutrirse,Becas Nutrirse Vianda,False,no_show,2026-08-04 09:11:23.281000-03:00,,,False,
G-01465,generado_ia,2026-08-04,Becas Nutrirse,Becas Nutrirse Vianda,False,no_show,2026-08-04 09:11:30.807000-03:00,,,False,
G-01466,generado_ia,2026-08-04,Becas Nutrirse,Becas Nutrirse Vianda,False,canceled,2026-08-04 09:11:46.531000-03:00,2026-08-04 10:14:25.448000-03:00,,False,
G-01467,generado_ia,2026-08-04,Becas Nutrirse,Becas Nutrirse Vianda,False,no_show,2026-08-04 09:12:02.998000-03:00,,,False,
G-01468,generado_ia,2026-08-04,Personal,Nodocente,False,no_show,2026-08-04 09:12:17.331000-03:00,,,False,
G-01469,generado_ia,2026-08-04,Becas Nutrirse,Becas Nutrirse Vianda,False,canceled,2026-08-04 09:12:57.267000-03:00,2026-08-04 09:34:49.574000-03:00,,False,
G-01470,generado_ia,2026-08-04,Becas Nutrirse,Becas Nutrirse Vianda,False,no_show,2026-08-04 09:26:06.777000-03:00,,,False,
G-01471,generado_ia,2026-08-04,Becas Nutrirse,Becas Nutrirse Vianda,False,no_show,2026-08-04 09:30:35.921000-03:00,,,False,
G-01472,generado_ia,2026-08-04,Becas Nutrirse,Becas Nutrirse Vianda,False,no_show,2026-08-04 09:30:49.824000-03:00,,,False,
G-01473,generado_ia,2026-08-04,Becas Nutrirse,Becas Nutrirse Vianda,False,no_show,2026-08-04 09:31:50.258000-03:00,,,False,
G-01474,generado_ia,2026-08-04,Personal,Nodocente,False,canceled,2026-08-04 09:34:10.909000-03:00,2026-08-04 10:32:12.482000-03:00,,False,
G-01475,generado_ia,2026-08-04,Becas Nutrirse,Becas Nutrirse Vianda,False,canceled,2026-08-04 09:37:20.786000-03:00,2026-08-04 09:41:49.592000-03:00,,False,
G-01476,generado_ia,2026-08-04,Becas Nutrirse,Becas Nutrirse Vianda,False,no_show,2026-08-04 09:42:41.631000-03:00,,,False,
G-01477,generado_ia,2026-08-04,Becas Nutrirse,Becas Nutrirse Vianda,False,canceled,2026-08-04 09:43:42.174000-03:00,2026-08-04 09:50:24.324000-03:00,,False,
G-01478,generado_ia,2026-08-04,Becas Nutrirse,Becas Nutrirse Vianda,False,no_show,2026-08-04 09:44:34.915000-03:00,,,False,
G-01479,generado_ia,2026-08-04,Becas Nutrirse,Becas Nutrirse Vianda,False,no_show,2026-08-04 09:46:32.968000-03:00,,,False,
G-01480,generado_ia,2026-08-04,Becas Nutrirse,Becas Nutrirse Vianda,False,no_show,2026-08-04 09:48:16.649000-03:00,,,False,
G-01481,generado_ia,2026-08-04,Becas Nutrirse,Becas Nutrirse Vianda,False,no_show,2026-08-04 09:48:17.773000-03:00,,,False,
G-01482,generado_ia,2026-08-04,Personal,Docente,False,no_show,2026-08-04 09:48:26.482000-03:00,,,False,
G-01483,generado_ia,2026-08-04,Personal,Nodocente,False,canceled,2026-08-04 09:49:40.221000-03:00,2026-08-04 10:04:56.518000-03:00,,False,
G-01484,generado_ia,2026-08-04,Becas Nutrirse,Becas Nutrirse Vianda,False,canceled,2026-08-04 10:00:51.220000-03:00,2026-08-04 10:38:07.389000-03:00,,False,
G-01485,generado_ia,2026-08-04,Becas Nutrirse,Becas Nutrirse Vianda,False,no_show,2026-08-04 10:03:44.604000-03:00,,,False,
G-01486,generado_ia,2026-08-04,Becas Nutrirse,Becas Nutrirse Vianda,False,canceled,2026-08-04 10:03:49.428000-03:00,2026-08-04 10:22:15.144000-03:00,,False,
G-01487,generado_ia,2026-08-04,Becas Nutrirse,Becas Nutrirse Vianda,False,no_show,2026-08-04 10:04:25.416000-03:00,,,False,
G-01488,generado_ia,2026-08-04,Becas Nutrirse,Becas Nutrirse Vianda,False,canceled,2026-08-04 10:06:21.717000-03:00,2026-08-04 10:54:22.816000-03:00,,False,
G-01489,generado_ia,2026-08-04,Estudiantes,Estudiante de Grado,False,no_show,2026-08-04 10:08:10.092000-03:00,,,False,
G-01490,generado_ia,2026-08-04,Becas Nutrirse,Becas Nutrirse Vianda,False,no_show,2026-08-04 10:23:12.627000-03:00,,,False,
G-01491,generado_ia,2026-08-04,Becas Nutrirse,Becas Nutrirse Vianda,False,no_show,2026-08-04 10:23:54.235000-03:00,,,False,
G-01492,generado_ia,2026-08-04,Becas Nutrirse,Becas Nutrirse Vianda,False,canceled,2026-08-04 10:25:33.590000-03:00,2026-08-04 10:42:35.953000-03:00,,False,
G-01493,generado_ia,2026-08-04,Becas Nutrirse,Becas Nutrirse Vianda,False,canceled,2026-08-04 10:30:47.617000-03:00,2026-08-04 10:48:32.089000-03:00,,False,
G-01494,generado_ia,2026-08-04,Becas Nutrirse,Becas Nutrirse Vianda,False,no_show,2026-08-04 10:30:50.080000-03:00,,,False,
G-01495,generado_ia,2026-08-04,Becas Nutrirse,Becas Nutrirse Vianda sin TACC,True,canceled,2026-08-04 10:42:51.925000-03:00,2026-08-04 10:59:52.299000-03:00,,False,
G-01496,generado_ia,2026-08-04,Becas Nutrirse,Becas Nutrirse Vianda,False,canceled,2026-08-04 10:50:38.577000-03:00,2026-08-04 10:55:43.658000-03:00,,False,
G-01497,generado_ia,2026-08-04,Becas Nutrirse,Becas Nutrirse Vianda,False,no_show,2026-08-04 10:51:32.777000-03:00,,,False,
G-01498,generado_ia,2026-08-05,Estudiantes,Estudiante de Grado,False,no_show,2026-08-05 08:00:12.902000-03:00,,,False,
G-01499,generado_ia,2026-08-05,Estudiantes,Estudiante de Grado,False,no_show,2026-08-05 08:00:13.343000-03:00,,,False,
G-01500,generado_ia,2026-08-05,Estudiantes,Estudiante de Grado,False,no_show,2026-08-05 08:00:31.066000-03:00,,,False,
G-01501,generado_ia,2026-08-05,Becas Nutrirse,Becas Nutrirse Vianda,False,no_show,2026-08-05 08:00:34.255000-03:00,,,False,
G-01502,generado_ia,2026-08-05,Estudiantes,Estudiante de Grado,False,no_show,2026-08-05 08:01:07.719000-03:00,,,False,
G-01503,generado_ia,2026-08-05,Becas Nutrirse,Becas Nutrirse Vianda,False,no_show,2026-08-05 08:01:30.701000-03:00,,,False,
G-01504,generado_ia,2026-08-05,Estudiantes,Estudiante de Grado,False,no_show,2026-08-05 08:01:43.422000-03:00,,,False,
G-01505,generado_ia,2026-08-05,Becas Nutrirse,Becas Nutrirse Vianda,False,no_show,2026-08-05 08:01:54.015000-03:00,,,False,
G-01506,generado_ia,2026-08-05,Estudiantes,Estudiante de Grado,False,canceled,2026-08-05 08:02:26.888000-03:00,2026-08-05 09:08:54.910000-03:00,,False,
G-01507,generado_ia,2026-08-05,Personal,Nodocente,False,no_show,2026-08-05 08:02:26.949000-03:00,,,False,
G-01508,generado_ia,2026-08-05,Estudiantes,Estudiante de Grado,False,canceled,2026-08-05 08:02:50.159000-03:00,2026-08-05 08:44:15.590000-03:00,,False,
G-01509,generado_ia,2026-08-05,Becas Nutrirse,Becas Nutrirse Vianda,False,canceled,2026-08-05 08:02:52.590000-03:00,2026-08-05 08:40:59.840000-03:00,,False,
G-01510,generado_ia,2026-08-05,Becas Nutrirse,Becas Nutrirse Vianda,False,no_show,2026-08-05 08:03:08.524000-03:00,,,False,
G-01511,generado_ia,2026-08-05,Estudiantes,Estudiante de Grado,False,no_show,2026-08-05 08:03:12.202000-03:00,,,False,
G-01512,generado_ia,2026-08-05,Estudiantes,Estudiante de Grado,False,no_show,2026-08-05 08:03:16.092000-03:00,,,False,
G-01513,generado_ia,2026-08-05,Becas personal,Becas Docentes,False,no_show,2026-08-05 08:03:17.993000-03:00,,,False,
G-01514,generado_ia,2026-08-05,Estudiantes,Estudiante de Grado,False,no_show,2026-08-05 08:03:26.484000-03:00,,,False,
G-01515,generado_ia,2026-08-05,Estudiantes,Estudiante de Grado,False,no_show,2026-08-05 08:03:29.335000-03:00,,,False,
G-01516,generado_ia,2026-08-05,Estudiantes,Estudiante de Grado,False,canceled,2026-08-05 08:03:46.370000-03:00,2026-08-05 08:17:43.447000-03:00,,False,
G-01517,generado_ia,2026-08-05,Estudiantes,Estudiante de Grado,False,no_show,2026-08-05 08:04:09.337000-03:00,,,False,
G-01518,generado_ia,2026-08-05,Becas Nutrirse,Becas Nutrirse Vianda,False,no_show,2026-08-05 08:04:37.837000-03:00,,,False,
G-01519,generado_ia,2026-08-05,Estudiantes,Estudiante de Grado,False,no_show,2026-08-05 08:04:43.793000-03:00,,,False,
G-01520,generado_ia,2026-08-05,Becas Nutrirse,Becas Nutrirse Vianda,False,canceled,2026-08-05 08:05:00.452000-03:00,2026-08-05 10:59:24.767000-03:00,,False,
G-01521,generado_ia,2026-08-05,Estudiantes,Estudiante de Grado,False,no_show,2026-08-05 08:05:25.665000-03:00,,,False,
G-01522,generado_ia,2026-08-05,Estudiantes,Estudiante de Grado,False,no_show,2026-08-05 08:05:32.219000-03:00,,,False,
G-01523,generado_ia,2026-08-05,Becas Nutrirse,Becas Nutrirse Vianda,False,canceled,2026-08-05 08:05:40.418000-03:00,2026-08-05 08:48:10.754000-03:00,,False,
G-01524,generado_ia,2026-08-05,Becas personal,Becas Nodocentes,False,no_show,2026-08-05 08:05:41.105000-03:00,,,False,
G-01525,generado_ia,2026-08-05,Becas Nutrirse,Becas Nutrirse Vianda,False,no_show,2026-08-05 08:06:05.676000-03:00,,,False,
G-01526,generado_ia,2026-08-05,Estudiantes,Estudiante de Grado,False,no_show,2026-08-05 08:06:08.703000-03:00,,,False,
G-01527,generado_ia,2026-08-05,Estudiantes,Estudiante de Grado,False,canceled,2026-08-05 08:06:53.244000-03:00,2026-08-05 08:55:17.082000-03:00,,False,
G-01528,generado_ia,2026-08-05,Estudiantes,Estudiante de Grado,False,no_show,2026-08-05 08:06:58.169000-03:00,,,False,
G-01529,generado_ia,2026-08-05,Estudiantes,Estudiante de Grado,False,canceled,2026-08-05 08:07:27.963000-03:00,2026-08-05 09:08:27.411000-03:00,,False,
G-01530,generado_ia,2026-08-05,Estudiantes,Estudiante de Grado,False,canceled,2026-08-05 08:07:33.086000-03:00,2026-08-05 09:25:03.829000-03:00,,False,
G-01531,generado_ia,2026-08-05,Estudiantes,Estudiante de Grado,False,no_show,2026-08-05 08:07:36.155000-03:00,,,False,
G-01532,generado_ia,2026-08-05,Estudiantes,Estudiante de Grado,False,no_show,2026-08-05 08:07:54.217000-03:00,,,False,
G-01533,generado_ia,2026-08-05,Estudiantes,Estudiante de Grado,False,no_show,2026-08-05 08:08:20.253000-03:00,,,False,
G-01534,generado_ia,2026-08-05,Becas Nutrirse,Becas Nutrirse Vianda,False,no_show,2026-08-05 08:08:23.850000-03:00,,,False,
G-01535,generado_ia,2026-08-05,Becas Nutrirse,Becas Nutrirse Vianda,False,no_show,2026-08-05 08:08:35.214000-03:00,,,False,
G-01536,generado_ia,2026-08-05,Estudiantes,Estudiante de Grado,False,no_show,2026-08-05 08:08:39.232000-03:00,,,False,
G-01537,generado_ia,2026-08-05,Becas personal,Becas Nodocentes,False,no_show,2026-08-05 08:09:05.290000-03:00,,,False,
G-01538,generado_ia,2026-08-05,Estudiantes,Estudiante de Grado,False,no_show,2026-08-05 08:09:20.370000-03:00,,,False,
G-01539,generado_ia,2026-08-05,Estudiantes,Estudiante de Grado,False,canceled,2026-08-05 08:10:10.591000-03:00,2026-08-05 08:33:21.766000-03:00,,False,
G-01540,generado_ia,2026-08-05,Estudiantes,Estudiante de Grado,False,no_show,2026-08-05 08:10:29.233000-03:00,,,False,
G-01541,generado_ia,2026-08-05,Estudiantes,Estudiante de Grado,False,no_show,2026-08-05 08:10:29.828000-03:00,,,False,
G-01542,generado_ia,2026-08-05,Estudiantes,Estudiante de Grado,False,no_show,2026-08-05 08:10:41.161000-03:00,,,False,
G-01543,generado_ia,2026-08-05,Estudiantes,Estudiante de Grado,False,canceled,2026-08-05 08:11:23.914000-03:00,2026-08-05 09:29:41.922000-03:00,,False,
G-01544,generado_ia,2026-08-05,Estudiantes,Estudiante de Grado,False,no_show,2026-08-05 08:11:47.454000-03:00,,,False,
G-01545,generado_ia,2026-08-05,Becas Nutrirse,Becas Nutrirse Vianda,False,no_show,2026-08-05 08:11:53.796000-03:00,,,False,
G-01546,generado_ia,2026-08-05,Estudiantes,Estudiante de Grado,False,canceled,2026-08-05 08:11:56.664000-03:00,2026-08-05 08:30:33.640000-03:00,,False,
G-01547,generado_ia,2026-08-05,Estudiantes,Estudiante de Grado,False,no_show,2026-08-05 08:12:04.225000-03:00,,,False,
G-01548,generado_ia,2026-08-05,Becas Nutrirse,Becas Nutrirse Vianda,False,no_show,2026-08-05 08:12:30.048000-03:00,,,False,
G-01549,generado_ia,2026-08-05,Estudiantes,Estudiante de Grado,False,no_show,2026-08-05 08:12:38.056000-03:00,,,False,
G-01550,generado_ia,2026-08-05,Becas Nutrirse,Becas Nutrirse Vianda,False,no_show,2026-08-05 08:12:40.434000-03:00,,,False,
G-01551,generado_ia,2026-08-05,Estudiantes,Estudiante de Grado,False,no_show,2026-08-05 08:13:24.324000-03:00,,,False,
G-01552,generado_ia,2026-08-05,Estudiantes,Estudiante de Grado,False,no_show,2026-08-05 08:13:25.516000-03:00,,,False,
G-01553,generado_ia,2026-08-05,Estudiantes,Estudiante de Grado,False,canceled,2026-08-05 08:13:56.222000-03:00,2026-08-05 08:17:30.334000-03:00,,False,
G-01554,generado_ia,2026-08-05,Estudiantes,Estudiante de Grado,False,canceled,2026-08-05 08:13:59.613000-03:00,2026-08-05 09:24:21.312000-03:00,,False,
G-01555,generado_ia,2026-08-05,Estudiantes,Estudiante de Grado,False,canceled,2026-08-05 08:14:32.513000-03:00,2026-08-05 10:53:45.805000-03:00,,False,
G-01556,generado_ia,2026-08-05,Estudiantes,Estudiante de Grado,False,no_show,2026-08-05 08:14:33.493000-03:00,,,False,
G-01557,generado_ia,2026-08-05,Becas personal,Becas Nodocentes,False,no_show,2026-08-05 08:15:21.034000-03:00,,,False,
G-01558,generado_ia,2026-08-05,Estudiantes,Estudiante de Grado,False,no_show,2026-08-05 08:15:27.152000-03:00,,,False,
G-01559,generado_ia,2026-08-05,Becas Nutrirse,Becas Nutrirse Vianda,False,no_show,2026-08-05 08:15:52.228000-03:00,,,False,
G-01560,generado_ia,2026-08-05,Estudiantes,Estudiante de Grado,False,no_show,2026-08-05 08:16:28.101000-03:00,,,False,
G-01561,generado_ia,2026-08-05,Estudiantes,Estudiante de Grado,False,no_show,2026-08-05 08:16:52.900000-03:00,,,False,
G-01562,generado_ia,2026-08-05,Estudiantes,Estudiante de Grado,False,no_show,2026-08-05 08:17:24.730000-03:00,,,False,
G-01563,generado_ia,2026-08-05,Becas Nutrirse,Becas Nutrirse Vianda,False,no_show,2026-08-05 08:17:30.062000-03:00,,,False,
G-01564,generado_ia,2026-08-05,Estudiantes,Estudiante de Grado,False,no_show,2026-08-05 08:17:35.250000-03:00,,,False,
G-01565,generado_ia,2026-08-05,Estudiantes,Estudiante de Grado,False,no_show,2026-08-05 08:17:57.565000-03:00,,,False,
G-01566,generado_ia,2026-08-05,Estudiantes,Estudiante de Grado,False,canceled,2026-08-05 08:19:24.199000-03:00,2026-08-05 08:28:29.124000-03:00,,False,
G-01567,generado_ia,2026-08-05,Estudiantes,Estudiante de Grado,False,canceled,2026-08-05 08:19:24.489000-03:00,2026-08-05 09:24:43.623000-03:00,,False,
G-01568,generado_ia,2026-08-05,Estudiantes,Estudiante de Grado,False,no_show,2026-08-05 08:20:18.926000-03:00,,,False,
G-01569,generado_ia,2026-08-05,Estudiantes,Estudiante de Grado,False,no_show,2026-08-05 08:21:04.214000-03:00,,,False,
G-01570,generado_ia,2026-08-05,Estudiantes,Estudiante de Grado,False,no_show,2026-08-05 08:21:18.836000-03:00,,,False,
G-01571,generado_ia,2026-08-05,Estudiantes,Estudiante de Grado,False,no_show,2026-08-05 08:21:28.355000-03:00,,,False,
G-01572,generado_ia,2026-08-05,Estudiantes,Estudiante de Grado,False,no_show,2026-08-05 08:21:44.695000-03:00,,,False,
G-01573,generado_ia,2026-08-05,Estudiantes,Estudiante de Grado,False,no_show,2026-08-05 08:21:45.004000-03:00,,,False,
G-01574,generado_ia,2026-08-05,Estudiantes,Estudiante de Grado,False,no_show,2026-08-05 08:23:18.170000-03:00,,,False,
G-01575,generado_ia,2026-08-05,Estudiantes,Estudiante de Grado,False,no_show,2026-08-05 08:23:21.308000-03:00,,,False,
G-01576,generado_ia,2026-08-05,Becas Nutrirse,Becas Nutrirse Vianda,False,no_show,2026-08-05 08:23:25.554000-03:00,,,False,
G-01577,generado_ia,2026-08-05,Estudiantes,Estudiante de Grado,False,no_show,2026-08-05 08:23:46.961000-03:00,,,False,
G-01578,generado_ia,2026-08-05,Becas Nutrirse,Becas Nutrirse Vianda,False,no_show,2026-08-05 08:25:23.836000-03:00,,,False,
G-01579,generado_ia,2026-08-05,Becas Nutrirse,Becas Nutrirse Vianda,False,canceled,2026-08-05 08:25:56.360000-03:00,2026-08-05 08:58:38.055000-03:00,,False,
G-01580,generado_ia,2026-08-05,Becas Nutrirse,Becas Nutrirse Vianda,False,no_show,2026-08-05 08:27:42.609000-03:00,,,False,
G-01581,generado_ia,2026-08-05,Becas Nutrirse,Becas Nutrirse Vianda,False,no_show,2026-08-05 08:32:32.375000-03:00,,,False,
G-01582,generado_ia,2026-08-05,Becas Nutrirse,Becas Nutrirse Vianda,False,canceled,2026-08-05 08:49:56.123000-03:00,2026-08-05 10:32:59.701000-03:00,,False,
G-01583,generado_ia,2026-08-05,Becas Nutrirse,Becas Nutrirse Vianda,False,no_show,2026-08-05 08:53:25.810000-03:00,,,False,
G-01584,generado_ia,2026-08-05,Becas personal,Becas Docentes,False,no_show,2026-08-05 08:54:02.275000-03:00,,,False,
G-01585,generado_ia,2026-08-05,Becas Nutrirse,Becas Nutrirse Vianda,False,canceled,2026-08-05 09:01:18.879000-03:00,2026-08-05 10:14:21.244000-03:00,,False,
G-01586,generado_ia,2026-08-05,Becas Nutrirse,Becas Nutrirse Vianda,False,canceled,2026-08-05 09:01:37.165000-03:00,2026-08-05 09:43:04.474000-03:00,,False,
G-01587,generado_ia,2026-08-05,Becas Nutrirse,Becas Nutrirse Vianda,False,no_show,2026-08-05 09:02:56.526000-03:00,,,False,
G-01588,generado_ia,2026-08-05,Becas Nutrirse,Becas Nutrirse Vianda,False,canceled,2026-08-05 09:03:44.103000-03:00,2026-08-05 09:52:54.150000-03:00,,False,
G-01589,generado_ia,2026-08-05,Estudiantes,Estudiante de Grado,False,no_show,2026-08-05 09:04:13.776000-03:00,,,False,
G-01590,generado_ia,2026-08-05,Becas Nutrirse,Becas Nutrirse Vianda,False,no_show,2026-08-05 09:04:39.782000-03:00,,,False,
G-01591,generado_ia,2026-08-05,Becas Nutrirse,Becas Nutrirse Vianda,False,no_show,2026-08-05 09:08:24.268000-03:00,,,False,
G-01592,generado_ia,2026-08-05,Becas Nutrirse,Becas Nutrirse Vianda,False,no_show,2026-08-05 09:09:59.477000-03:00,,,False,
G-01593,generado_ia,2026-08-05,Becas Nutrirse,Becas Nutrirse Vianda,False,canceled,2026-08-05 09:14:12.262000-03:00,2026-08-05 10:51:02.544000-03:00,,False,
G-01594,generado_ia,2026-08-05,Becas Nutrirse,Becas Nutrirse Vianda,False,no_show,2026-08-05 09:14:58.986000-03:00,,,False,
G-01595,generado_ia,2026-08-05,Becas Nutrirse,Becas Nutrirse Vianda,False,no_show,2026-08-05 09:15:56.066000-03:00,,,False,
G-01596,generado_ia,2026-08-05,Becas Nutrirse,Becas Nutrirse Vianda,False,canceled,2026-08-05 09:17:19.347000-03:00,2026-08-05 10:45:19.139000-03:00,,False,
G-01597,generado_ia,2026-08-05,Becas personal,Becas Nodocentes,False,no_show,2026-08-05 09:20:35.494000-03:00,,,False,
G-01598,generado_ia,2026-08-05,Becas personal,Becas Docentes,False,canceled,2026-08-05 09:23:05.701000-03:00,2026-08-05 10:56:05.639000-03:00,,False,
G-01599,generado_ia,2026-08-05,Becas Nutrirse,Becas Nutrirse Vianda,False,no_show,2026-08-05 09:31:19.231000-03:00,,,False,
G-01600,generado_ia,2026-08-05,Personal,Docente,False,canceled,2026-08-05 09:32:14.892000-03:00,2026-08-05 10:25:46.507000-03:00,,False,
G-01601,generado_ia,2026-08-05,Estudiantes,Estudiante de Grado,False,no_show,2026-08-05 09:34:27.896000-03:00,,,False,
G-01602,generado_ia,2026-08-05,Becas Nutrirse,Becas Nutrirse Vianda,False,canceled,2026-08-05 09:36:39.407000-03:00,2026-08-05 10:48:21.508000-03:00,,False,
G-01603,generado_ia,2026-08-05,Becas Nutrirse,Becas Nutrirse Vianda,False,no_show,2026-08-05 09:43:39.055000-03:00,,,False,
G-01604,generado_ia,2026-08-05,Personal,Nodocente,False,no_show,2026-08-05 09:44:37.054000-03:00,,,False,
G-01605,generado_ia,2026-08-05,Becas Nutrirse,Becas Nutrirse Vianda,False,no_show,2026-08-05 09:44:51.551000-03:00,,,False,
G-01606,generado_ia,2026-08-05,Becas Nutrirse,Becas Nutrirse Vianda,False,no_show,2026-08-05 09:47:07.097000-03:00,,,False,
G-01607,generado_ia,2026-08-05,Personal,Nodocente,False,canceled,2026-08-05 09:47:21.436000-03:00,2026-08-05 10:51:08.019000-03:00,,False,
G-01608,generado_ia,2026-08-05,Becas Nutrirse,Becas Nutrirse Vianda,False,no_show,2026-08-05 10:02:21.442000-03:00,,,False,
G-01609,generado_ia,2026-08-05,Becas Nutrirse,Becas Nutrirse Vianda,False,no_show,2026-08-05 10:03:25.617000-03:00,,,False,
G-01610,generado_ia,2026-08-05,Becas Nutrirse,Becas Nutrirse Vianda,False,canceled,2026-08-05 10:05:01.048000-03:00,2026-08-05 10:23:13.540000-03:00,,False,
G-01611,generado_ia,2026-08-05,Becas Nutrirse,Becas Nutrirse Vianda,False,canceled,2026-08-05 10:05:06.841000-03:00,2026-08-05 10:25:08.011000-03:00,,False,
G-01612,generado_ia,2026-08-05,Becas Nutrirse,Becas Nutrirse Vianda,False,no_show,2026-08-05 10:05:47.034000-03:00,,,False,
G-01613,generado_ia,2026-08-05,Becas Nutrirse,Becas Nutrirse Vianda,False,no_show,2026-08-05 10:12:26.306000-03:00,,,False,
G-01614,generado_ia,2026-08-05,Becas Nutrirse,Becas Nutrirse Vianda,False,canceled,2026-08-05 10:28:32.423000-03:00,2026-08-05 10:50:10.779000-03:00,,False,
G-01615,generado_ia,2026-08-05,Becas personal,Becas Nodocentes,False,canceled,2026-08-05 10:30:59.714000-03:00,2026-08-05 10:56:11.248000-03:00,,False,
G-01616,generado_ia,2026-08-05,Estudiantes,Estudiante de Grado,False,no_show,2026-08-05 10:31:54.949000-03:00,,,False,
G-01617,generado_ia,2026-08-05,Becas personal,Becas Nodocentes,False,no_show,2026-08-05 10:33:46.894000-03:00,,,False,
G-01618,generado_ia,2026-08-05,Becas personal,Becas Nodocentes,False,canceled,2026-08-05 10:34:47.297000-03:00,2026-08-05 10:47:41.546000-03:00,,False,
G-01619,generado_ia,2026-08-05,Becas Nutrirse,Becas Nutrirse Vianda,False,no_show,2026-08-05 10:35:55.389000-03:00,,,False,
G-01620,generado_ia,2026-08-05,Becas Nutrirse,Becas Nutrirse Vianda,False,canceled,2026-08-05 10:43:26.815000-03:00,2026-08-05 10:47:14.557000-03:00,,False,
G-01621,generado_ia,2026-08-05,Estudiantes,Estudiante de Grado,False,no_show,2026-08-05 10:47:27.474000-03:00,,,False,
G-01622,generado_ia,2026-08-05,Estudiantes,Estudiante de Grado,False,no_show,2026-08-05 10:48:36.892000-03:00,,,False,
G-01623,generado_ia,2026-08-05,Estudiantes,Estudiante de Grado,False,no_show,2026-08-05 10:48:54.282000-03:00,,,False,
G-01624,generado_ia,2026-08-05,Estudiantes,Estudiante de Grado,False,no_show,2026-08-05 10:48:56.007000-03:00,,,False,
G-01625,generado_ia,2026-08-05,Estudiantes,Estudiante de Grado,False,no_show,2026-08-05 10:49:33.976000-03:00,,,False,
G-01626,generado_ia,2026-08-05,Estudiantes,Estudiante de Grado,False,canceled,2026-08-05 10:49:44.497000-03:00,2026-08-05 10:59:27.062000-03:00,,False,
G-01627,generado_ia,2026-08-05,Estudiantes,Estudiante Preuniversitario Monserrat,False,no_show,2026-08-05 12:29:51.050000-03:00,,,False,
G-01628,generado_ia,2026-08-06,Estudiantes,Estudiante de Grado,False,no_show,2026-08-06 08:00:00.180000-03:00,,,False,
G-01629,generado_ia,2026-08-06,Estudiantes,Estudiante de Grado,False,no_show,2026-08-06 08:00:00.193000-03:00,,,False,
G-01630,generado_ia,2026-08-06,Estudiantes,Estudiante de Grado,False,no_show,2026-08-06 08:00:01.782000-03:00,,,False,
G-01631,generado_ia,2026-08-06,Estudiantes,Estudiante de Grado,False,no_show,2026-08-06 08:00:09.633000-03:00,,,False,
G-01632,generado_ia,2026-08-06,Estudiantes,Estudiante de Grado,False,no_show,2026-08-06 08:00:34.842000-03:00,,,False,
G-01633,generado_ia,2026-08-06,Estudiantes,Estudiante de Grado,False,no_show,2026-08-06 08:00:39.254000-03:00,,,False,
G-01634,generado_ia,2026-08-06,Estudiantes,Estudiante de Grado,False,no_show,2026-08-06 08:01:16.705000-03:00,,,False,
G-01635,generado_ia,2026-08-06,Estudiantes,Estudiante de Grado,False,canceled,2026-08-06 08:01:21.348000-03:00,2026-08-06 10:25:31.636000-03:00,,False,
G-01636,generado_ia,2026-08-06,Estudiantes,Estudiante de Grado,False,canceled,2026-08-06 08:01:24.975000-03:00,2026-08-06 09:09:02.767000-03:00,,False,
G-01637,generado_ia,2026-08-06,Estudiantes,Estudiante de Grado,False,no_show,2026-08-06 08:01:32.834000-03:00,,,False,
G-01638,generado_ia,2026-08-06,Estudiantes,Estudiante de Grado,False,no_show,2026-08-06 08:02:09.827000-03:00,,,False,
G-01639,generado_ia,2026-08-06,Estudiantes,Estudiante de Grado,False,no_show,2026-08-06 08:02:12.797000-03:00,,,False,
G-01640,generado_ia,2026-08-06,Becas Nutrirse,Becas Nutrirse Vianda,False,no_show,2026-08-06 08:02:41.460000-03:00,,,False,
G-01641,generado_ia,2026-08-06,Estudiantes,Estudiante de Grado,False,no_show,2026-08-06 08:02:41.565000-03:00,,,False,
G-01642,generado_ia,2026-08-06,Estudiantes,Estudiante de Grado,False,no_show,2026-08-06 08:02:44.916000-03:00,,,False,
G-01643,generado_ia,2026-08-06,Estudiantes,Estudiante de Grado,False,no_show,2026-08-06 08:03:04.798000-03:00,,,False,
G-01644,generado_ia,2026-08-06,Estudiantes,Estudiante de Grado,False,canceled,2026-08-06 08:03:09.129000-03:00,2026-08-06 10:43:27.715000-03:00,,False,
G-01645,generado_ia,2026-08-06,Estudiantes,Estudiante de Grado,False,no_show,2026-08-06 08:03:16.537000-03:00,,,False,
G-01646,generado_ia,2026-08-06,Estudiantes,Estudiante de Grado,False,no_show,2026-08-06 08:03:46.788000-03:00,,,False,
G-01647,generado_ia,2026-08-06,Becas Nutrirse,Becas Nutrirse Vianda,False,canceled,2026-08-06 08:03:54.578000-03:00,2026-08-06 09:55:11.908000-03:00,,False,
G-01648,generado_ia,2026-08-06,Estudiantes,Estudiante de Grado,False,no_show,2026-08-06 08:04:45.161000-03:00,,,False,
G-01649,generado_ia,2026-08-06,Estudiantes,Estudiante de Grado,False,no_show,2026-08-06 08:05:37.194000-03:00,,,False,
G-01650,generado_ia,2026-08-06,Becas Nutrirse,Becas Nutrirse Vianda,False,canceled,2026-08-06 08:05:45.669000-03:00,2026-08-06 09:22:52.859000-03:00,,False,
G-01651,generado_ia,2026-08-06,Becas Nutrirse,Becas Nutrirse Vianda,False,canceled,2026-08-06 08:05:46.120000-03:00,2026-08-06 08:55:10.020000-03:00,,False,
G-01652,generado_ia,2026-08-06,Becas Nutrirse,Becas Nutrirse Vianda,False,no_show,2026-08-06 08:06:10.655000-03:00,,,False,
G-01653,generado_ia,2026-08-06,Estudiantes,Estudiante de Grado,False,no_show,2026-08-06 08:06:15.238000-03:00,,,False,
G-01654,generado_ia,2026-08-06,Estudiantes,Estudiante de Grado,False,no_show,2026-08-06 08:06:21.212000-03:00,,,False,
G-01655,generado_ia,2026-08-06,Becas Nutrirse,Becas Nutrirse Vianda,False,no_show,2026-08-06 08:06:28.499000-03:00,,,False,
G-01656,generado_ia,2026-08-06,Becas Nutrirse,Becas Nutrirse Vianda,False,no_show,2026-08-06 08:06:31.034000-03:00,,,False,
G-01657,generado_ia,2026-08-06,Becas Nutrirse,Becas Nutrirse Vianda,False,no_show,2026-08-06 08:07:05.289000-03:00,,,False,
G-01658,generado_ia,2026-08-06,Estudiantes,Estudiante de Grado,False,canceled,2026-08-06 08:07:06.148000-03:00,2026-08-06 09:28:18.211000-03:00,,False,
G-01659,generado_ia,2026-08-06,Becas Nutrirse,Becas Nutrirse Vianda,False,no_show,2026-08-06 08:07:31.065000-03:00,,,False,
G-01660,generado_ia,2026-08-06,Becas Nutrirse,Becas Nutrirse Vianda,False,canceled,2026-08-06 08:07:33.848000-03:00,2026-08-06 10:00:20.222000-03:00,,False,
G-01661,generado_ia,2026-08-06,Becas Nutrirse,Becas Nutrirse Vianda,False,no_show,2026-08-06 08:08:02.602000-03:00,,,False,
G-01662,generado_ia,2026-08-06,Becas personal,Becas Nodocentes,False,no_show,2026-08-06 08:08:11.942000-03:00,,,False,
G-01663,generado_ia,2026-08-06,Estudiantes,Estudiante de Grado,False,no_show,2026-08-06 08:08:17.150000-03:00,,,False,
G-01664,generado_ia,2026-08-06,Estudiantes,Estudiante de Grado,False,canceled,2026-08-06 08:08:29.534000-03:00,2026-08-06 09:56:00.706000-03:00,,False,
G-01665,generado_ia,2026-08-06,Estudiantes,Estudiante de Grado,False,no_show,2026-08-06 08:08:32.972000-03:00,,,False,
G-01666,generado_ia,2026-08-06,Estudiantes,Estudiante de Grado,False,canceled,2026-08-06 08:08:53.702000-03:00,2026-08-06 08:36:31.326000-03:00,,False,
G-01667,generado_ia,2026-08-06,Estudiantes,Estudiante de Grado,False,canceled,2026-08-06 08:09:23.048000-03:00,2026-08-06 09:44:39.989000-03:00,,False,
G-01668,generado_ia,2026-08-06,Becas Nutrirse,Becas Nutrirse Vianda,False,no_show,2026-08-06 08:10:47.658000-03:00,,,False,
G-01669,generado_ia,2026-08-06,Estudiantes,Estudiante de Grado,False,no_show,2026-08-06 08:11:21.758000-03:00,,,False,
G-01670,generado_ia,2026-08-06,Estudiantes,Estudiante de Grado,False,canceled,2026-08-06 08:11:38.347000-03:00,2026-08-06 10:14:33.750000-03:00,,False,
G-01671,generado_ia,2026-08-06,Estudiantes,Estudiante de Grado,False,canceled,2026-08-06 08:11:45.729000-03:00,2026-08-06 10:01:12.756000-03:00,,False,
G-01672,generado_ia,2026-08-06,Estudiantes,Estudiante de Grado,False,no_show,2026-08-06 08:11:57.898000-03:00,,,False,
G-01673,generado_ia,2026-08-06,Estudiantes,Estudiante de Grado,False,no_show,2026-08-06 08:11:58.002000-03:00,,,False,
G-01674,generado_ia,2026-08-06,Becas Nutrirse,Becas Nutrirse Vianda,False,no_show,2026-08-06 08:11:58.999000-03:00,,,False,
G-01675,generado_ia,2026-08-06,Becas Nutrirse,Becas Nutrirse Vianda,False,canceled,2026-08-06 08:12:59.303000-03:00,2026-08-06 08:33:10.754000-03:00,,False,
G-01676,generado_ia,2026-08-06,Estudiantes,Estudiante de Grado,False,canceled,2026-08-06 08:13:10.404000-03:00,2026-08-06 09:44:10.468000-03:00,,False,
G-01677,generado_ia,2026-08-06,Estudiantes,Estudiante de Grado,False,no_show,2026-08-06 08:13:21.479000-03:00,,,False,
G-01678,generado_ia,2026-08-06,Becas personal,Becas Nodocentes,False,no_show,2026-08-06 08:14:01.596000-03:00,,,False,
G-01679,generado_ia,2026-08-06,Becas personal,Becas Nodocentes,False,no_show,2026-08-06 08:16:34.601000-03:00,,,False,
G-01680,generado_ia,2026-08-06,Estudiantes,Estudiante de Grado,False,no_show,2026-08-06 08:16:50.075000-03:00,,,False,
G-01681,generado_ia,2026-08-06,Becas Nutrirse,Becas Nutrirse Vianda,False,no_show,2026-08-06 08:17:02.372000-03:00,,,False,
G-01682,generado_ia,2026-08-06,Estudiantes,Estudiante de Grado,False,no_show,2026-08-06 08:17:40.660000-03:00,,,False,
G-01683,generado_ia,2026-08-06,Becas Nutrirse,Becas Nutrirse Vianda,False,no_show,2026-08-06 08:19:14.512000-03:00,,,False,
G-01684,generado_ia,2026-08-06,Becas personal,Becas Nodocentes,False,canceled,2026-08-06 08:19:54.601000-03:00,2026-08-06 08:44:39.004000-03:00,,False,
G-01685,generado_ia,2026-08-06,Estudiantes,Estudiante de Grado,False,no_show,2026-08-06 08:20:38.360000-03:00,,,False,
G-01686,generado_ia,2026-08-06,Estudiantes,Estudiante de Grado,False,no_show,2026-08-06 08:20:56.977000-03:00,,,False,
G-01687,generado_ia,2026-08-06,Estudiantes,Estudiante de Grado,False,no_show,2026-08-06 08:21:09.546000-03:00,,,False,
G-01688,generado_ia,2026-08-06,Becas Nutrirse,Becas Nutrirse Vianda,False,no_show,2026-08-06 08:22:13.546000-03:00,,,False,
G-01689,generado_ia,2026-08-06,Estudiantes,Estudiante de Grado,False,no_show,2026-08-06 08:22:37.550000-03:00,,,False,
G-01690,generado_ia,2026-08-06,Estudiantes,Estudiante de Grado,False,no_show,2026-08-06 08:23:11.862000-03:00,,,False,
G-01691,generado_ia,2026-08-06,Estudiantes,Estudiante de Grado,False,no_show,2026-08-06 08:23:47.537000-03:00,,,False,
G-01692,generado_ia,2026-08-06,Becas Nutrirse,Becas Nutrirse Vianda,False,canceled,2026-08-06 08:24:28.855000-03:00,2026-08-06 08:54:17.836000-03:00,,False,
G-01693,generado_ia,2026-08-06,Estudiantes,Estudiante de Grado,False,no_show,2026-08-06 08:24:41.117000-03:00,,,False,
G-01694,generado_ia,2026-08-06,Estudiantes,Estudiante de Grado,False,no_show,2026-08-06 08:25:50.500000-03:00,,,False,
G-01695,generado_ia,2026-08-06,Estudiantes,Estudiante de Grado,False,no_show,2026-08-06 08:25:56.955000-03:00,,,False,
G-01696,generado_ia,2026-08-06,Estudiantes,Estudiante de Grado,False,no_show,2026-08-06 08:26:02.173000-03:00,,,False,
G-01697,generado_ia,2026-08-06,Estudiantes,Estudiante de Grado,False,canceled,2026-08-06 08:26:22.407000-03:00,2026-08-06 09:59:13.839000-03:00,,False,
G-01698,generado_ia,2026-08-06,Estudiantes,Estudiante de Grado,False,no_show,2026-08-06 08:27:08.482000-03:00,,,False,
G-01699,generado_ia,2026-08-06,Estudiantes,Estudiante de Grado,False,no_show,2026-08-06 08:29:16.459000-03:00,,,False,
G-01700,generado_ia,2026-08-06,Estudiantes,Estudiante de Grado,False,no_show,2026-08-06 08:30:45.508000-03:00,,,False,
G-01701,generado_ia,2026-08-06,Estudiantes,Estudiante de Grado,False,no_show,2026-08-06 08:31:00.068000-03:00,,,False,
G-01702,generado_ia,2026-08-06,Estudiantes,Estudiante de Grado,False,canceled,2026-08-06 08:31:08.994000-03:00,2026-08-06 09:33:19.101000-03:00,,False,
G-01703,generado_ia,2026-08-06,Becas personal,Becas Nodocentes,False,no_show,2026-08-06 08:31:53.179000-03:00,,,False,
G-01704,generado_ia,2026-08-06,Estudiantes,Estudiante de Grado,False,no_show,2026-08-06 08:35:39.606000-03:00,,,False,
G-01705,generado_ia,2026-08-06,Becas Nutrirse,Becas Nutrirse Vianda,False,no_show,2026-08-06 08:36:02.899000-03:00,,,False,
G-01706,generado_ia,2026-08-06,Estudiantes,Estudiante de Grado,False,canceled,2026-08-06 08:36:17.397000-03:00,2026-08-06 10:16:08.298000-03:00,,False,
G-01707,generado_ia,2026-08-06,Becas Nutrirse,Becas Nutrirse Vianda,False,no_show,2026-08-06 08:41:44.306000-03:00,,,False,
G-01708,generado_ia,2026-08-06,Becas Nutrirse,Becas Nutrirse Vianda,False,canceled,2026-08-06 08:43:10.125000-03:00,2026-08-06 09:25:05.492000-03:00,,False,
G-01709,generado_ia,2026-08-06,Estudiantes,Estudiante de Grado sin TACC,True,no_show,2026-08-06 08:44:27.312000-03:00,,,False,
G-01710,generado_ia,2026-08-06,Estudiantes,Estudiante de Grado sin TACC,True,canceled,2026-08-06 08:45:20.356000-03:00,2026-08-06 09:23:49.624000-03:00,,False,
G-01711,generado_ia,2026-08-06,Becas Nutrirse,Becas Nutrirse Vianda,False,canceled,2026-08-06 08:46:06.685000-03:00,2026-08-06 09:58:01.976000-03:00,,False,
G-01712,generado_ia,2026-08-06,Becas Nutrirse,Becas Nutrirse Vianda,False,canceled,2026-08-06 08:46:23.861000-03:00,2026-08-06 10:03:55.088000-03:00,,False,
G-01713,generado_ia,2026-08-06,Becas Nutrirse,Becas Nutrirse Vianda,False,canceled,2026-08-06 08:47:10.624000-03:00,2026-08-06 09:20:54.008000-03:00,,False,
G-01714,generado_ia,2026-08-06,Becas Nutrirse,Becas Nutrirse Vianda,False,canceled,2026-08-06 08:47:15.532000-03:00,2026-08-06 09:18:25.536000-03:00,,False,
G-01715,generado_ia,2026-08-06,Becas personal,Becas Nodocentes,False,no_show,2026-08-06 08:49:07.794000-03:00,,,False,
G-01716,generado_ia,2026-08-06,Becas personal,Becas Nodocentes,False,canceled,2026-08-06 08:53:56.724000-03:00,2026-08-06 09:42:12.662000-03:00,,False,
G-01717,generado_ia,2026-08-06,Becas Nutrirse,Becas Nutrirse Vianda,False,canceled,2026-08-06 09:06:08.201000-03:00,2026-08-06 09:33:06.856000-03:00,,False,
G-01718,generado_ia,2026-08-06,Becas Nutrirse,Becas Nutrirse Vianda,False,canceled,2026-08-06 09:08:18.811000-03:00,2026-08-06 10:15:25.305000-03:00,,False,
G-01719,generado_ia,2026-08-06,Becas personal,Becas Docentes,False,no_show,2026-08-06 09:08:19.717000-03:00,,,False,
G-01720,generado_ia,2026-08-06,Becas Nutrirse,Becas Nutrirse Vianda,False,no_show,2026-08-06 09:09:34.197000-03:00,,,False,
G-01721,generado_ia,2026-08-06,Becas Nutrirse,Becas Nutrirse Vianda,False,no_show,2026-08-06 09:24:08.120000-03:00,,,False,
G-01722,generado_ia,2026-08-06,Becas Nutrirse,Becas Nutrirse Vianda,False,no_show,2026-08-06 09:27:47.222000-03:00,,,False,
G-01723,generado_ia,2026-08-06,Becas Nutrirse,Becas Nutrirse Vianda,False,no_show,2026-08-06 09:28:30.961000-03:00,,,False,
G-01724,generado_ia,2026-08-06,Becas Nutrirse,Becas Nutrirse Vianda,False,canceled,2026-08-06 09:28:36.904000-03:00,2026-08-06 09:54:57.969000-03:00,,False,
G-01725,generado_ia,2026-08-06,Becas Nutrirse,Becas Nutrirse Vianda,False,no_show,2026-08-06 09:30:38.510000-03:00,,,False,
G-01726,generado_ia,2026-08-06,Becas Nutrirse,Becas Nutrirse Vianda,False,no_show,2026-08-06 09:40:34.288000-03:00,,,False,
G-01727,generado_ia,2026-08-06,Estudiantes,Estudiante de Grado sin TACC,True,canceled,2026-08-06 09:45:09.282000-03:00,2026-08-06 10:27:48.900000-03:00,,False,
G-01728,generado_ia,2026-08-06,Becas Nutrirse,Becas Nutrirse Vianda,False,no_show,2026-08-06 09:51:15.102000-03:00,,,False,
G-01729,generado_ia,2026-08-06,Becas personal,Becas Nodocentes,False,no_show,2026-08-06 09:53:13.581000-03:00,,,False,
G-01730,generado_ia,2026-08-06,Personal,Nodocente,False,canceled,2026-08-06 09:53:15.274000-03:00,2026-08-06 09:58:52.946000-03:00,,False,
G-01731,generado_ia,2026-08-06,Becas Nutrirse,Becas Nutrirse Vianda,False,canceled,2026-08-06 09:53:30.400000-03:00,2026-08-06 10:32:30.504000-03:00,,False,
G-01732,generado_ia,2026-08-06,Becas Nutrirse,Becas Nutrirse Vianda,False,canceled,2026-08-06 09:54:18.558000-03:00,2026-08-06 10:37:25.553000-03:00,,False,
G-01733,generado_ia,2026-08-06,Becas Nutrirse,Becas Nutrirse Vianda,False,canceled,2026-08-06 09:55:21.012000-03:00,2026-08-06 10:20:21.714000-03:00,,False,
G-01734,generado_ia,2026-08-06,Becas personal,Becas Docentes,False,no_show,2026-08-06 09:56:08.215000-03:00,,,False,
G-01735,generado_ia,2026-08-06,Personal,Nodocente,False,no_show,2026-08-06 10:04:20.392000-03:00,,,False,
G-01736,generado_ia,2026-08-06,Becas Nutrirse,Becas Nutrirse Vianda,False,no_show,2026-08-06 10:04:33.872000-03:00,,,False,
G-01737,generado_ia,2026-08-06,Becas Nutrirse,Becas Nutrirse Vianda,False,no_show,2026-08-06 10:05:01.609000-03:00,,,False,
G-01738,generado_ia,2026-08-06,Estudiantes,Estudiante de Grado,False,no_show,2026-08-06 10:05:39.032000-03:00,,,False,
G-01739,generado_ia,2026-08-06,Estudiantes,Estudiante de Grado,False,no_show,2026-08-06 10:05:42.070000-03:00,,,False,
G-01740,generado_ia,2026-08-06,Estudiantes,Estudiante de Grado,False,no_show,2026-08-06 10:06:10.843000-03:00,,,False,
G-01741,generado_ia,2026-08-06,Becas Nutrirse,Becas Nutrirse Vianda,False,no_show,2026-08-06 10:06:18.889000-03:00,,,False,
G-01742,generado_ia,2026-08-06,Estudiantes,Estudiante de Grado,False,canceled,2026-08-06 10:07:11.354000-03:00,2026-08-06 10:12:24.558000-03:00,,False,
G-01743,generado_ia,2026-08-06,Estudiantes,Estudiante de Grado,False,no_show,2026-08-06 10:07:15.588000-03:00,,,False,
G-01744,generado_ia,2026-08-06,Estudiantes,Estudiante de Grado,False,canceled,2026-08-06 10:07:42.538000-03:00,2026-08-06 10:31:38.605000-03:00,,False,
G-01745,generado_ia,2026-08-06,Estudiantes,Estudiante de Grado,False,no_show,2026-08-06 10:07:56.440000-03:00,,,False,
G-01746,generado_ia,2026-08-06,Becas Nutrirse,Becas Nutrirse Vianda,False,canceled,2026-08-06 10:08:05.152000-03:00,2026-08-06 10:56:23.042000-03:00,,False,
G-01747,generado_ia,2026-08-06,Estudiantes,Estudiante de Grado,False,no_show,2026-08-06 10:08:33.735000-03:00,,,False,
G-01748,generado_ia,2026-08-06,Estudiantes,Estudiante de Grado,False,no_show,2026-08-06 10:09:20.885000-03:00,,,False,
G-01749,generado_ia,2026-08-06,Estudiantes,Estudiante de Grado,False,canceled,2026-08-06 10:10:49.266000-03:00,2026-08-06 10:25:17.095000-03:00,,False,
G-01750,generado_ia,2026-08-06,Becas Nutrirse,Becas Nutrirse Vianda,False,no_show,2026-08-06 10:12:31.845000-03:00,,,False,
G-01751,generado_ia,2026-08-06,Estudiantes,Estudiante de Grado,False,canceled,2026-08-06 10:13:53.932000-03:00,2026-08-06 10:20:09.067000-03:00,,False,
G-01752,generado_ia,2026-08-06,Estudiantes,Estudiante de Grado,False,no_show,2026-08-06 10:14:32.743000-03:00,,,False,
G-01753,generado_ia,2026-08-06,Becas Nutrirse,Becas Nutrirse Vianda,False,no_show,2026-08-06 10:15:50.013000-03:00,,,False,
G-01754,generado_ia,2026-08-06,Becas personal,Becas Nodocentes,False,canceled,2026-08-06 10:19:40.201000-03:00,2026-08-06 10:32:11.855000-03:00,,False,
G-01755,generado_ia,2026-08-06,Becas personal,Becas Nodocentes,False,canceled,2026-08-06 10:20:05.809000-03:00,2026-08-06 10:54:46.231000-03:00,,False,
G-01756,generado_ia,2026-08-06,Becas Nutrirse,Becas Nutrirse Vianda,False,canceled,2026-08-06 10:24:52.085000-03:00,2026-08-06 10:32:01.867000-03:00,,False,
G-01757,generado_ia,2026-08-06,Personal,Docente,False,canceled,2026-08-06 10:35:46.004000-03:00,2026-08-06 10:42:09.505000-03:00,,False,
G-01758,generado_ia,2026-08-06,Becas Nutrirse,Becas Nutrirse Vianda,False,no_show,2026-08-06 10:36:02.008000-03:00,,,False,
G-01759,generado_ia,2026-08-06,Estudiantes,Estudiante de Grado,False,no_show,2026-08-06 10:42:51.389000-03:00,,,False,
G-01760,generado_ia,2026-08-06,Estudiantes,Estudiante de Grado,False,no_show,2026-08-06 10:43:16.967000-03:00,,,False,
G-01761,generado_ia,2026-08-06,Estudiantes,Estudiante de Grado,False,no_show,2026-08-06 10:43:27.943000-03:00,,,False,
G-01762,generado_ia,2026-08-06,Estudiantes,Estudiante de Grado,False,no_show,2026-08-06 10:43:51.314000-03:00,,,False,
G-01763,generado_ia,2026-08-06,Estudiantes,Estudiante de Grado,False,canceled,2026-08-06 10:54:51.814000-03:00,2026-08-06 10:57:36.367000-03:00,,False,
G-01764,generado_ia,2026-08-06,Estudiantes,Estudiante de Grado,False,no_show,2026-08-06 10:54:56.823000-03:00,,,False,
G-01765,generado_ia,2026-08-06,Estudiantes,Estudiante de Grado,False,no_show,2026-08-06 10:55:58.089000-03:00,,,False,
G-01766,generado_ia,2026-08-06,Estudiantes,Estudiante de Grado,False,no_show,2026-08-06 10:56:07.535000-03:00,,,False,
G-01767,generado_ia,2026-08-06,Personal,Docente,False,no_show,2026-08-06 10:59:47.427000-03:00,,,False,
G-01768,generado_ia,2026-08-06,Estudiantes,Estudiante de Grado,False,no_show,2026-08-06 11:19:52.377000-03:00,,,False,
G-01769,generado_ia,2026-08-07,Estudiantes,Estudiante de Grado,False,no_show,2026-08-07 08:00:06.206000-03:00,,,False,
G-01770,generado_ia,2026-08-07,Becas Nutrirse,Becas Nutrirse Vianda,False,canceled,2026-08-07 08:00:06.680000-03:00,2026-08-07 08:06:20.221000-03:00,,False,
G-01771,generado_ia,2026-08-07,Estudiantes,Estudiante de Grado,False,no_show,2026-08-07 08:00:17.401000-03:00,,,False,
G-01772,generado_ia,2026-08-07,Estudiantes,Estudiante de Grado,False,no_show,2026-08-07 08:00:19.611000-03:00,,,False,
G-01773,generado_ia,2026-08-07,Estudiantes,Estudiante de Grado,False,no_show,2026-08-07 08:00:21.970000-03:00,,,False,
G-01774,generado_ia,2026-08-07,Estudiantes,Estudiante de Grado,False,no_show,2026-08-07 08:00:25.293000-03:00,,,False,
G-01775,generado_ia,2026-08-07,Estudiantes,Estudiante de Grado,False,no_show,2026-08-07 08:00:27.857000-03:00,,,False,
G-01776,generado_ia,2026-08-07,Becas Nutrirse,Becas Nutrirse Vianda,False,no_show,2026-08-07 08:00:28.283000-03:00,,,False,
G-01777,generado_ia,2026-08-07,Estudiantes,Estudiante de Grado,False,no_show,2026-08-07 08:00:31.214000-03:00,,,False,
G-01778,generado_ia,2026-08-07,Estudiantes,Estudiante de Grado,False,no_show,2026-08-07 08:00:32.376000-03:00,,,False,
G-01779,generado_ia,2026-08-07,Estudiantes,Estudiante de Grado,False,no_show,2026-08-07 08:00:33.689000-03:00,,,False,
G-01780,generado_ia,2026-08-07,Estudiantes,Estudiante de Grado,False,canceled,2026-08-07 08:00:42.177000-03:00,2026-08-07 09:30:59.840000-03:00,,False,
G-01781,generado_ia,2026-08-07,Estudiantes,Estudiante de Grado,False,no_show,2026-08-07 08:00:43.464000-03:00,,,False,
G-01782,generado_ia,2026-08-07,Estudiantes,Estudiante de Grado,False,no_show,2026-08-07 08:00:45.808000-03:00,,,False,
G-01783,generado_ia,2026-08-07,Estudiantes,Estudiante de Grado,False,no_show,2026-08-07 08:00:48.896000-03:00,,,False,
G-01784,generado_ia,2026-08-07,Estudiantes,Estudiante de Grado,False,no_show,2026-08-07 08:01:32.362000-03:00,,,False,
G-01785,generado_ia,2026-08-07,Estudiantes,Estudiante de Grado,False,no_show,2026-08-07 08:02:23.719000-03:00,,,False,
G-01786,generado_ia,2026-08-07,Estudiantes,Estudiante de Grado,False,no_show,2026-08-07 08:02:41.081000-03:00,,,False,
G-01787,generado_ia,2026-08-07,Estudiantes,Estudiante de Grado,False,no_show,2026-08-07 08:02:45.437000-03:00,,,False,
G-01788,generado_ia,2026-08-07,Estudiantes,Estudiante de Grado,False,no_show,2026-08-07 08:02:48.978000-03:00,,,False,
G-01789,generado_ia,2026-08-07,Estudiantes,Estudiante de Grado,False,no_show,2026-08-07 08:02:56.539000-03:00,,,False,
G-01790,generado_ia,2026-08-07,Estudiantes,Estudiante de Grado,False,no_show,2026-08-07 08:03:19.437000-03:00,,,False,
G-01791,generado_ia,2026-08-07,Estudiantes,Estudiante de Grado,False,no_show,2026-08-07 08:03:19.891000-03:00,,,False,
G-01792,generado_ia,2026-08-07,Estudiantes,Estudiante de Grado,False,no_show,2026-08-07 08:03:46.595000-03:00,,,False,
G-01793,generado_ia,2026-08-07,Estudiantes,Estudiante de Grado,False,canceled,2026-08-07 08:03:56.750000-03:00,2026-08-07 09:23:48.079000-03:00,,False,
G-01794,generado_ia,2026-08-07,Estudiantes,Estudiante de Grado,False,no_show,2026-08-07 08:04:29.527000-03:00,,,False,
G-01795,generado_ia,2026-08-07,Becas Nutrirse,Becas Nutrirse Vianda,False,canceled,2026-08-07 08:05:15.777000-03:00,2026-08-07 10:12:35.856000-03:00,,False,
G-01796,generado_ia,2026-08-07,Estudiantes,Estudiante de Grado,False,no_show,2026-08-07 08:05:28.140000-03:00,,,False,
G-01797,generado_ia,2026-08-07,Estudiantes,Estudiante de Grado,False,no_show,2026-08-07 08:05:47.161000-03:00,,,False,
G-01798,generado_ia,2026-08-07,Becas Nutrirse,Becas Nutrirse Vianda,False,no_show,2026-08-07 08:05:49.985000-03:00,,,False,
G-01799,generado_ia,2026-08-07,Estudiantes,Estudiante de Grado,False,no_show,2026-08-07 08:06:16.608000-03:00,,,False,
G-01800,generado_ia,2026-08-07,Estudiantes,Estudiante de Grado,False,no_show,2026-08-07 08:07:01.551000-03:00,,,False,
G-01801,generado_ia,2026-08-07,Estudiantes,Estudiante de Grado,False,no_show,2026-08-07 08:07:15.053000-03:00,,,False,
G-01802,generado_ia,2026-08-07,Becas personal,Becas Nodocentes,False,no_show,2026-08-07 08:07:21.587000-03:00,,,False,
G-01803,generado_ia,2026-08-07,Estudiantes,Estudiante de Grado,False,no_show,2026-08-07 08:07:46.839000-03:00,,,False,
G-01804,generado_ia,2026-08-07,Becas Nutrirse,Becas Nutrirse Vianda,False,no_show,2026-08-07 08:07:50.361000-03:00,,,False,
G-01805,generado_ia,2026-08-07,Estudiantes,Estudiante de Grado,False,no_show,2026-08-07 08:07:56.751000-03:00,,,False,
G-01806,generado_ia,2026-08-07,Becas Nutrirse,Becas Nutrirse Vianda,False,no_show,2026-08-07 08:08:08.072000-03:00,,,False,
G-01807,generado_ia,2026-08-07,Estudiantes,Estudiante de Grado,False,no_show,2026-08-07 08:08:44.773000-03:00,,,False,
G-01808,generado_ia,2026-08-07,Estudiantes,Estudiante de Grado,False,canceled,2026-08-07 08:08:50.714000-03:00,2026-08-07 09:51:25.702000-03:00,,False,
G-01809,generado_ia,2026-08-07,Estudiantes,Estudiante de Grado,False,no_show,2026-08-07 08:08:52.162000-03:00,,,False,
G-01810,generado_ia,2026-08-07,Estudiantes,Estudiante de Grado,False,canceled,2026-08-07 08:09:07.081000-03:00,2026-08-07 08:56:13.634000-03:00,,False,
G-01811,generado_ia,2026-08-07,Estudiantes,Estudiante de Grado,False,canceled,2026-08-07 08:09:12.168000-03:00,2026-08-07 09:18:54.037000-03:00,,False,
G-01812,generado_ia,2026-08-07,Becas Nutrirse,Becas Nutrirse Vianda,False,no_show,2026-08-07 08:09:19.598000-03:00,,,False,
G-01813,generado_ia,2026-08-07,Estudiantes,Estudiante de Grado,False,no_show,2026-08-07 08:09:28.526000-03:00,,,False,
G-01814,generado_ia,2026-08-07,Estudiantes,Estudiante de Grado,False,no_show,2026-08-07 08:09:31.758000-03:00,,,False,
G-01815,generado_ia,2026-08-07,Estudiantes,Estudiante de Grado,False,canceled,2026-08-07 08:09:57.248000-03:00,2026-08-07 09:21:56.700000-03:00,,False,
G-01816,generado_ia,2026-08-07,Estudiantes,Estudiante de Grado,False,no_show,2026-08-07 08:10:07.145000-03:00,,,False,
G-01817,generado_ia,2026-08-07,Estudiantes,Estudiante de Grado,False,no_show,2026-08-07 08:10:43.856000-03:00,,,False,
G-01818,generado_ia,2026-08-07,Estudiantes,Estudiante de Grado,False,no_show,2026-08-07 08:11:00.098000-03:00,,,False,
G-01819,generado_ia,2026-08-07,Estudiantes,Estudiante de Grado,False,no_show,2026-08-07 08:11:08.149000-03:00,,,False,
G-01820,generado_ia,2026-08-07,Estudiantes,Estudiante de Grado,False,no_show,2026-08-07 08:12:04.281000-03:00,,,False,
G-01821,generado_ia,2026-08-07,Estudiantes,Estudiante de Grado,False,no_show,2026-08-07 08:12:10.571000-03:00,,,False,
G-01822,generado_ia,2026-08-07,Estudiantes,Estudiante de Grado,False,no_show,2026-08-07 08:13:41.483000-03:00,,,False,
G-01823,generado_ia,2026-08-07,Becas Nutrirse,Becas Nutrirse Vianda,False,no_show,2026-08-07 08:14:13.792000-03:00,,,False,
G-01824,generado_ia,2026-08-07,Estudiantes,Estudiante de Grado,False,no_show,2026-08-07 08:15:15.465000-03:00,,,False,
G-01825,generado_ia,2026-08-07,Estudiantes,Estudiante de Grado,False,no_show,2026-08-07 08:15:35.522000-03:00,,,False,
G-01826,generado_ia,2026-08-07,Estudiantes,Estudiante de Grado,False,no_show,2026-08-07 08:15:46.343000-03:00,,,False,
G-01827,generado_ia,2026-08-07,Estudiantes,Estudiante de Grado,False,no_show,2026-08-07 08:15:54.252000-03:00,,,False,
G-01828,generado_ia,2026-08-07,Estudiantes,Estudiante de Grado,False,canceled,2026-08-07 08:16:41.075000-03:00,2026-08-07 09:02:18.924000-03:00,,False,
G-01829,generado_ia,2026-08-07,Becas Nutrirse,Becas Nutrirse Vianda,False,canceled,2026-08-07 08:16:53.508000-03:00,2026-08-07 09:18:44.567000-03:00,,False,
G-01830,generado_ia,2026-08-07,Becas personal,Becas Nodocentes,False,no_show,2026-08-07 08:17:10.505000-03:00,,,False,
G-01831,generado_ia,2026-08-07,Becas Nutrirse,Becas Nutrirse Vianda,False,no_show,2026-08-07 08:17:31.168000-03:00,,,False,
G-01832,generado_ia,2026-08-07,Becas personal,Becas Nodocentes,False,no_show,2026-08-07 08:17:44.358000-03:00,,,False,
G-01833,generado_ia,2026-08-07,Estudiantes,Estudiante de Grado,False,no_show,2026-08-07 08:17:57.283000-03:00,,,False,
G-01834,generado_ia,2026-08-07,Becas Nutrirse,Becas Nutrirse Vianda,False,no_show,2026-08-07 08:19:22.594000-03:00,,,False,
G-01835,generado_ia,2026-08-07,Estudiantes,Estudiante de Grado,False,no_show,2026-08-07 08:20:02.734000-03:00,,,False,
G-01836,generado_ia,2026-08-07,Becas Nutrirse,Becas Nutrirse Vianda,False,no_show,2026-08-07 08:21:13.357000-03:00,,,False,
G-01837,generado_ia,2026-08-07,Estudiantes,Estudiante de Grado,False,no_show,2026-08-07 08:21:21.193000-03:00,,,False,
G-01838,generado_ia,2026-08-07,Becas personal,Becas Nodocentes,False,no_show,2026-08-07 08:21:32.375000-03:00,,,False,
G-01839,generado_ia,2026-08-07,Estudiantes,Estudiante de Grado,False,no_show,2026-08-07 08:22:24.402000-03:00,,,False,
G-01840,generado_ia,2026-08-07,Personal,Nodocente,False,canceled,2026-08-07 08:23:05.425000-03:00,2026-08-07 10:18:56.445000-03:00,,False,
G-01841,generado_ia,2026-08-07,Becas Nutrirse,Becas Nutrirse Vianda sin TACC,True,no_show,2026-08-07 08:26:02.160000-03:00,,,False,
G-01842,generado_ia,2026-08-07,Becas Nutrirse,Becas Nutrirse Vianda sin TACC,True,no_show,2026-08-07 08:26:43.242000-03:00,,,False,
G-01843,generado_ia,2026-08-07,Becas Nutrirse,Becas Nutrirse Vianda sin TACC,True,canceled,2026-08-07 08:26:44.336000-03:00,2026-08-07 09:29:03.447000-03:00,,False,
G-01844,generado_ia,2026-08-07,Becas personal,Becas Nodocentes,False,canceled,2026-08-07 08:27:37.042000-03:00,2026-08-07 08:55:13.769000-03:00,,False,
G-01845,generado_ia,2026-08-07,Becas Nutrirse,Becas Nutrirse Vianda sin TACC,True,no_show,2026-08-07 08:27:39.094000-03:00,,,False,
G-01846,generado_ia,2026-08-07,Becas Nutrirse,Becas Nutrirse Vianda,False,no_show,2026-08-07 08:30:03.574000-03:00,,,False,
G-01847,generado_ia,2026-08-07,Personal,Docente,False,no_show,2026-08-07 08:30:16.090000-03:00,,,False,
G-01848,generado_ia,2026-08-07,Becas Nutrirse,Becas Nutrirse Vianda,False,canceled,2026-08-07 08:30:19.886000-03:00,2026-08-07 10:49:28.949000-03:00,,False,
G-01849,generado_ia,2026-08-07,Becas Nutrirse,Becas Nutrirse Vianda,False,canceled,2026-08-07 08:31:11.262000-03:00,2026-08-07 10:58:52.636000-03:00,,False,
G-01850,generado_ia,2026-08-07,Becas Nutrirse,Becas Nutrirse Vianda,False,canceled,2026-08-07 08:31:42.596000-03:00,2026-08-07 09:14:08.085000-03:00,,False,
G-01851,generado_ia,2026-08-07,Becas Nutrirse,Becas Nutrirse Vianda,False,no_show,2026-08-07 08:32:53.498000-03:00,,,False,
G-01852,generado_ia,2026-08-07,Estudiantes,Estudiante de Grado sin TACC,True,no_show,2026-08-07 08:32:58.552000-03:00,,,False,
G-01853,generado_ia,2026-08-07,Becas Nutrirse,Becas Nutrirse Vianda,False,no_show,2026-08-07 08:37:22.476000-03:00,,,False,
G-01854,generado_ia,2026-08-07,Becas Nutrirse,Becas Nutrirse Vianda,False,no_show,2026-08-07 08:39:30.713000-03:00,,,False,
G-01855,generado_ia,2026-08-07,Becas Nutrirse,Becas Nutrirse Vianda,False,no_show,2026-08-07 08:45:57.025000-03:00,,,False,
G-01856,generado_ia,2026-08-07,Becas Nutrirse,Becas Nutrirse Vianda,False,no_show,2026-08-07 08:47:17.928000-03:00,,,False,
G-01857,generado_ia,2026-08-07,Becas Nutrirse,Becas Nutrirse Vianda,False,no_show,2026-08-07 08:47:45.258000-03:00,,,False,
G-01858,generado_ia,2026-08-07,Becas Nutrirse,Becas Nutrirse Vianda,False,no_show,2026-08-07 08:49:58.890000-03:00,,,False,
G-01859,generado_ia,2026-08-07,Becas Nutrirse,Becas Nutrirse Vianda,False,no_show,2026-08-07 08:50:58.231000-03:00,,,False,
G-01860,generado_ia,2026-08-07,Becas Nutrirse,Becas Nutrirse Vianda,False,canceled,2026-08-07 08:53:19.805000-03:00,2026-08-07 10:54:09.312000-03:00,,False,
G-01861,generado_ia,2026-08-07,Becas Nutrirse,Becas Nutrirse Vianda,False,no_show,2026-08-07 08:53:49.807000-03:00,,,False,
G-01862,generado_ia,2026-08-07,Becas Nutrirse,Becas Nutrirse Vianda,False,canceled,2026-08-07 09:01:37.527000-03:00,2026-08-07 09:52:42.699000-03:00,,False,
G-01863,generado_ia,2026-08-07,Becas Nutrirse,Becas Nutrirse Vianda,False,no_show,2026-08-07 09:03:27.027000-03:00,,,False,
G-01864,generado_ia,2026-08-07,Becas Nutrirse,Becas Nutrirse Vianda,False,no_show,2026-08-07 09:04:59.413000-03:00,,,False,
G-01865,generado_ia,2026-08-07,Becas Nutrirse,Becas Nutrirse Vianda,False,no_show,2026-08-07 09:10:13.675000-03:00,,,False,
G-01866,generado_ia,2026-08-07,Becas Nutrirse,Becas Nutrirse Vianda,False,canceled,2026-08-07 09:16:33.016000-03:00,2026-08-07 09:25:44.262000-03:00,,False,
G-01867,generado_ia,2026-08-07,Becas personal,Becas Nodocentes,False,no_show,2026-08-07 09:21:52.574000-03:00,,,False,
G-01868,generado_ia,2026-08-07,Becas personal,Becas Docentes,False,no_show,2026-08-07 09:23:51.777000-03:00,,,False,
G-01869,generado_ia,2026-08-07,Becas Nutrirse,Becas Nutrirse Vianda,False,no_show,2026-08-07 09:26:40.316000-03:00,,,False,
G-01870,generado_ia,2026-08-07,Becas Nutrirse,Becas Nutrirse Vianda,False,canceled,2026-08-07 09:32:59.353000-03:00,2026-08-07 09:57:33.699000-03:00,,False,
G-01871,generado_ia,2026-08-07,Personal,Docente,False,no_show,2026-08-07 09:51:43.334000-03:00,,,False,
G-01872,generado_ia,2026-08-07,Becas Nutrirse,Becas Nutrirse Vianda,False,no_show,2026-08-07 09:55:08.493000-03:00,,,False,
G-01873,generado_ia,2026-08-07,Becas Nutrirse,Becas Nutrirse Vianda,False,canceled,2026-08-07 10:03:13.959000-03:00,2026-08-07 10:06:25.879000-03:00,,False,
G-01874,generado_ia,2026-08-07,Becas Nutrirse,Becas Nutrirse Vianda,False,no_show,2026-08-07 10:05:55.190000-03:00,,,False,
G-01875,generado_ia,2026-08-07,Becas Nutrirse,Becas Nutrirse Vianda,False,no_show,2026-08-07 10:19:10.564000-03:00,,,False,
G-01876,generado_ia,2026-08-07,Becas Nutrirse,Becas Nutrirse Vianda,False,canceled,2026-08-07 10:19:50.197000-03:00,2026-08-07 10:22:14.726000-03:00,,False,
G-01877,generado_ia,2026-08-07,Becas Nutrirse,Becas Nutrirse Vianda,False,canceled,2026-08-07 10:23:47.328000-03:00,2026-08-07 10:27:28.897000-03:00,,False,
G-01878,generado_ia,2026-08-07,Becas Nutrirse,Becas Nutrirse Vianda,False,canceled,2026-08-07 10:26:51.676000-03:00,2026-08-07 10:49:45.403000-03:00,,False,
G-01879,generado_ia,2026-08-07,Estudiantes,Estudiante de Grado,False,canceled,2026-08-07 10:29:50.731000-03:00,2026-08-07 10:54:22.792000-03:00,,False,
G-01880,generado_ia,2026-08-07,Estudiantes,Estudiante de Grado,False,no_show,2026-08-07 10:30:04.517000-03:00,,,False,
G-01881,generado_ia,2026-08-07,Estudiantes,Estudiante de Grado,False,no_show,2026-08-07 10:30:36.701000-03:00,,,False,
G-01882,generado_ia,2026-08-07,Estudiantes,Estudiante de Grado,False,no_show,2026-08-07 10:30:51.075000-03:00,,,False,
G-01883,generado_ia,2026-08-07,Estudiantes,Estudiante de Grado,False,canceled,2026-08-07 10:32:05.500000-03:00,2026-08-07 10:58:57.994000-03:00,,False,
G-01884,generado_ia,2026-08-07,Estudiantes,Estudiante de Grado,False,canceled,2026-08-07 10:32:15.980000-03:00,2026-08-07 10:43:53.944000-03:00,,False,
G-01885,generado_ia,2026-08-07,Estudiantes,Estudiante de Grado,False,no_show,2026-08-07 10:32:36.336000-03:00,,,False,
G-01886,generado_ia,2026-08-07,Estudiantes,Estudiante de Grado,False,canceled,2026-08-07 10:34:56.122000-03:00,2026-08-07 10:48:14.374000-03:00,,False,
G-01887,generado_ia,2026-08-07,Estudiantes,Estudiante de Grado,False,no_show,2026-08-07 10:34:56.270000-03:00,,,False,
G-01888,generado_ia,2026-08-07,Estudiantes,Estudiante de Grado,False,no_show,2026-08-07 10:35:40.861000-03:00,,,False,
G-01889,generado_ia,2026-08-07,Estudiantes,Estudiante de Grado,False,no_show,2026-08-07 10:36:20.211000-03:00,,,False,
G-01890,generado_ia,2026-08-07,Estudiantes,Estudiante de Grado,False,no_show,2026-08-07 10:36:50.944000-03:00,,,False,
G-01891,generado_ia,2026-08-07,Becas Nutrirse,Becas Nutrirse Vianda,False,canceled,2026-08-07 10:37:55.298000-03:00,2026-08-07 10:47:09.729000-03:00,,False,
G-01892,generado_ia,2026-08-07,Estudiantes,Estudiante de Grado,False,no_show,2026-08-07 10:37:58.349000-03:00,,,False,
G-01893,generado_ia,2026-08-07,Estudiantes,Estudiante de Grado,False,no_show,2026-08-07 10:38:14.299000-03:00,,,False,
G-01894,generado_ia,2026-08-07,Estudiantes,Estudiante de Grado,False,no_show,2026-08-07 10:39:20.359000-03:00,,,False,
G-01895,generado_ia,2026-08-07,Becas Nutrirse,Becas Nutrirse Vianda,False,no_show,2026-08-07 10:40:40.394000-03:00,,,False,
G-01896,generado_ia,2026-08-07,Becas Nutrirse,Becas Nutrirse Vianda,False,canceled,2026-08-07 10:41:20.827000-03:00,2026-08-07 10:42:14.186000-03:00,,False,
G-01897,generado_ia,2026-08-07,Estudiantes,Estudiante de Grado,False,no_show,2026-08-07 10:42:07.244000-03:00,,,False,
G-01898,generado_ia,2026-08-07,Estudiantes,Estudiante de Grado,False,no_show,2026-08-07 10:42:07.618000-03:00,,,False,
G-01899,generado_ia,2026-08-07,Estudiantes,Estudiante de Grado,False,canceled,2026-08-07 10:42:38.545000-03:00,2026-08-07 10:53:54.427000-03:00,,False,
G-01900,generado_ia,2026-08-07,Estudiantes,Estudiante de Grado,False,canceled,2026-08-07 10:43:08.581000-03:00,2026-08-07 10:45:38.133000-03:00,,False,
G-01901,generado_ia,2026-08-07,Estudiantes,Estudiante de Grado,False,no_show,2026-08-07 10:43:39.889000-03:00,,,False,
G-01902,generado_ia,2026-08-07,Estudiantes,Estudiante de Grado,False,no_show,2026-08-07 10:47:27.918000-03:00,,,False,
G-01903,generado_ia,2026-08-07,Estudiantes,Estudiante de Grado,False,canceled,2026-08-07 10:51:41.444000-03:00,2026-08-07 10:53:47.585000-03:00,,False,
G-01904,generado_ia,2026-08-07,Estudiantes,Estudiante de Grado,False,no_show,2026-08-07 10:52:14.665000-03:00,,,False,
G-01905,generado_ia,2026-08-07,Estudiantes,Estudiante de Grado,False,no_show,2026-08-07 10:53:12.810000-03:00,,,False,
G-01906,generado_ia,2026-08-07,Estudiantes,Estudiante de Grado,False,no_show,2026-08-07 10:53:49.633000-03:00,,,False,
G-01907,generado_ia,2026-08-07,Becas personal,Becas Nodocentes,False,canceled,2026-08-07 10:55:57.701000-03:00,2026-08-07 10:56:54.225000-03:00,,False,
G-01908,generado_ia,2026-08-07,Estudiantes,Estudiante de Grado,False,no_show,2026-08-07 10:58:23.412000-03:00,,,False,
G-01909,generado_ia,2026-08-07,Estudiantes,Estudiante de Grado,False,no_show,2026-08-07 10:58:50.642000-03:00,,,False,
G-01910,generado_ia,2026-08-07,Becas personal,Becas Nodocentes,False,canceled,2026-08-07 11:18:14.585000-03:00,2026-08-07 11:24:19.894000-03:00,,False,
G-01911,generado_ia,2026-08-10,Becas Nutrirse,Becas Nutrirse Vianda,False,no_show,2026-08-10 08:00:18.440000-03:00,,,False,
G-01912,generado_ia,2026-08-10,Estudiantes,Estudiante de Grado,False,no_show,2026-08-10 08:00:39.286000-03:00,,,False,
G-01913,generado_ia,2026-08-10,Estudiantes,Estudiante de Grado,False,no_show,2026-08-10 08:00:42.244000-03:00,,,False,
G-01914,generado_ia,2026-08-10,Estudiantes,Estudiante de Grado,False,no_show,2026-08-10 08:01:13.883000-03:00,,,False,
G-01915,generado_ia,2026-08-10,Becas Nutrirse,Becas Nutrirse Vianda,False,canceled,2026-08-10 08:01:31.781000-03:00,2026-08-10 08:28:44.034000-03:00,,False,
G-01916,generado_ia,2026-08-10,Estudiantes,Estudiante de Grado,False,no_show,2026-08-10 08:01:32.425000-03:00,,,False,
G-01917,generado_ia,2026-08-10,Estudiantes,Estudiante de Grado,False,canceled,2026-08-10 08:01:51.297000-03:00,2026-08-10 10:36:12.997000-03:00,,False,
G-01918,generado_ia,2026-08-10,Estudiantes,Estudiante de Grado,False,canceled,2026-08-10 08:01:54.962000-03:00,2026-08-10 09:55:33.255000-03:00,,False,
G-01919,generado_ia,2026-08-10,Estudiantes,Estudiante de Grado,False,no_show,2026-08-10 08:01:59.016000-03:00,,,False,
G-01920,generado_ia,2026-08-10,Estudiantes,Estudiante de Grado,False,no_show,2026-08-10 08:02:06.660000-03:00,,,False,
G-01921,generado_ia,2026-08-10,Estudiantes,Estudiante de Grado,False,no_show,2026-08-10 08:02:09.007000-03:00,,,False,
G-01922,generado_ia,2026-08-10,Estudiantes,Estudiante de Grado,False,no_show,2026-08-10 08:02:14.256000-03:00,,,False,
G-01923,generado_ia,2026-08-10,Estudiantes,Estudiante de Grado,False,canceled,2026-08-10 08:02:15.010000-03:00,2026-08-10 09:34:10.122000-03:00,,False,
G-01924,generado_ia,2026-08-10,Becas personal,Becas Docentes,False,no_show,2026-08-10 08:02:23.270000-03:00,,,False,
G-01925,generado_ia,2026-08-10,Estudiantes,Estudiante de Grado,False,no_show,2026-08-10 08:02:32.164000-03:00,,,False,
G-01926,generado_ia,2026-08-10,Estudiantes,Estudiante de Grado,False,no_show,2026-08-10 08:02:36.106000-03:00,,,False,
G-01927,generado_ia,2026-08-10,Estudiantes,Estudiante de Grado,False,no_show,2026-08-10 08:02:50.164000-03:00,,,False,
G-01928,generado_ia,2026-08-10,Estudiantes,Estudiante de Grado,False,no_show,2026-08-10 08:02:57.009000-03:00,,,False,
G-01929,generado_ia,2026-08-10,Becas Nutrirse,Becas Nutrirse Vianda,False,canceled,2026-08-10 08:03:00.289000-03:00,2026-08-10 10:19:32.190000-03:00,,False,
G-01930,generado_ia,2026-08-10,Estudiantes,Estudiante de Grado,False,no_show,2026-08-10 08:03:09.101000-03:00,,,False,
G-01931,generado_ia,2026-08-10,Becas Nutrirse,Becas Nutrirse Vianda,False,canceled,2026-08-10 08:03:11.665000-03:00,2026-08-10 09:37:57.579000-03:00,,False,
G-01932,generado_ia,2026-08-10,Becas Nutrirse,Becas Nutrirse Vianda,False,canceled,2026-08-10 08:03:33.444000-03:00,2026-08-10 10:59:26.692000-03:00,,False,
G-01933,generado_ia,2026-08-10,Estudiantes,Estudiante de Grado,False,no_show,2026-08-10 08:03:38.136000-03:00,,,False,
G-01934,generado_ia,2026-08-10,Estudiantes,Estudiante de Grado,False,no_show,2026-08-10 08:03:42.841000-03:00,,,False,
G-01935,generado_ia,2026-08-10,Becas Nutrirse,Becas Nutrirse Vianda,False,canceled,2026-08-10 08:03:43.053000-03:00,2026-08-10 10:17:17.034000-03:00,,False,
G-01936,generado_ia,2026-08-10,Estudiantes,Estudiante de Grado,False,no_show,2026-08-10 08:03:45.136000-03:00,,,False,
G-01937,generado_ia,2026-08-10,Estudiantes,Estudiante de Grado,False,no_show,2026-08-10 08:04:07.754000-03:00,,,False,
G-01938,generado_ia,2026-08-10,Becas Nutrirse,Becas Nutrirse Vianda,False,no_show,2026-08-10 08:04:15.070000-03:00,,,False,
G-01939,generado_ia,2026-08-10,Becas Nutrirse,Becas Nutrirse Vianda,False,canceled,2026-08-10 08:04:22.514000-03:00,2026-08-10 08:55:53.102000-03:00,,False,
G-01940,generado_ia,2026-08-10,Estudiantes,Estudiante de Grado,False,no_show,2026-08-10 08:04:29.907000-03:00,,,False,
G-01941,generado_ia,2026-08-10,Estudiantes,Estudiante de Grado,False,no_show,2026-08-10 08:04:45.268000-03:00,,,False,
G-01942,generado_ia,2026-08-10,Estudiantes,Estudiante de Grado,False,canceled,2026-08-10 08:05:00.874000-03:00,2026-08-10 09:54:23.189000-03:00,,False,
G-01943,generado_ia,2026-08-10,Estudiantes,Estudiante de Grado,False,canceled,2026-08-10 08:05:29.571000-03:00,2026-08-10 08:21:20.461000-03:00,,False,
G-01944,generado_ia,2026-08-10,Estudiantes,Estudiante de Grado,False,no_show,2026-08-10 08:05:39.754000-03:00,,,False,
G-01945,generado_ia,2026-08-10,Estudiantes,Estudiante de Grado,False,no_show,2026-08-10 08:05:45.174000-03:00,,,False,
G-01946,generado_ia,2026-08-10,Becas Nutrirse,Becas Nutrirse Vianda,False,canceled,2026-08-10 08:05:56.237000-03:00,2026-08-10 09:41:00.743000-03:00,,False,
G-01947,generado_ia,2026-08-10,Becas Nutrirse,Becas Nutrirse Vianda,False,canceled,2026-08-10 08:06:03.354000-03:00,2026-08-10 09:58:04.101000-03:00,,False,
G-01948,generado_ia,2026-08-10,Estudiantes,Estudiante de Grado,False,no_show,2026-08-10 08:06:11.062000-03:00,,,False,
G-01949,generado_ia,2026-08-10,Becas Nutrirse,Becas Nutrirse Vianda,False,no_show,2026-08-10 08:06:17.051000-03:00,,,False,
G-01950,generado_ia,2026-08-10,Becas Nutrirse,Becas Nutrirse Vianda,False,no_show,2026-08-10 08:06:50.189000-03:00,,,False,
G-01951,generado_ia,2026-08-10,Estudiantes,Estudiante de Grado,False,no_show,2026-08-10 08:06:55.915000-03:00,,,False,
G-01952,generado_ia,2026-08-10,Estudiantes,Estudiante de Grado,False,no_show,2026-08-10 08:06:58.256000-03:00,,,False,
G-01953,generado_ia,2026-08-10,Becas Nutrirse,Becas Nutrirse Vianda,False,no_show,2026-08-10 08:07:03.470000-03:00,,,False,
G-01954,generado_ia,2026-08-10,Estudiantes,Estudiante de Grado,False,no_show,2026-08-10 08:07:27.156000-03:00,,,False,
G-01955,generado_ia,2026-08-10,Becas Nutrirse,Becas Nutrirse Vianda,False,canceled,2026-08-10 08:07:27.719000-03:00,2026-08-10 08:25:59.216000-03:00,,False,
G-01956,generado_ia,2026-08-10,Estudiantes,Estudiante de Grado,False,no_show,2026-08-10 08:08:11.826000-03:00,,,False,
G-01957,generado_ia,2026-08-10,Estudiantes,Estudiante de Grado sin TACC,True,no_show,2026-08-10 08:08:34.419000-03:00,,,False,
G-01958,generado_ia,2026-08-10,Estudiantes,Estudiante de Grado,False,no_show,2026-08-10 08:08:39.599000-03:00,,,False,
G-01959,generado_ia,2026-08-10,Estudiantes,Estudiante de Grado,False,no_show,2026-08-10 08:09:08.604000-03:00,,,False,
G-01960,generado_ia,2026-08-10,Becas personal,Becas Nodocentes,False,no_show,2026-08-10 08:09:41.187000-03:00,,,False,
G-01961,generado_ia,2026-08-10,Becas Nutrirse,Becas Nutrirse Vianda,False,no_show,2026-08-10 08:10:34.471000-03:00,,,False,
G-01962,generado_ia,2026-08-10,Estudiantes,Estudiante de Grado,False,no_show,2026-08-10 08:10:34.768000-03:00,,,False,
G-01963,generado_ia,2026-08-10,Estudiantes,Estudiante de Grado,False,no_show,2026-08-10 08:10:50.630000-03:00,,,False,
G-01964,generado_ia,2026-08-10,Estudiantes,Estudiante de Grado,False,canceled,2026-08-10 08:10:59.475000-03:00,2026-08-10 09:43:24.544000-03:00,,False,
G-01965,generado_ia,2026-08-10,Estudiantes,Estudiante de Grado,False,canceled,2026-08-10 08:11:19.755000-03:00,2026-08-10 09:32:55.049000-03:00,,False,
G-01966,generado_ia,2026-08-10,Estudiantes,Estudiante de Grado,False,canceled,2026-08-10 08:12:22.274000-03:00,2026-08-10 09:21:56.742000-03:00,,False,
G-01967,generado_ia,2026-08-10,Estudiantes,Estudiante de Grado,False,no_show,2026-08-10 08:12:24.105000-03:00,,,False,
G-01968,generado_ia,2026-08-10,Estudiantes,Estudiante de Grado,False,no_show,2026-08-10 08:12:46.554000-03:00,,,False,
G-01969,generado_ia,2026-08-10,Estudiantes,Estudiante de Grado,False,no_show,2026-08-10 08:12:46.661000-03:00,,,False,
G-01970,generado_ia,2026-08-10,Estudiantes,Estudiante de Grado,False,canceled,2026-08-10 08:12:57.245000-03:00,2026-08-10 10:24:29.974000-03:00,,False,
G-01971,generado_ia,2026-08-10,Estudiantes,Estudiante de Grado,False,no_show,2026-08-10 08:13:04.290000-03:00,,,False,
G-01972,generado_ia,2026-08-10,Estudiantes,Estudiante de Grado,False,no_show,2026-08-10 08:13:21.095000-03:00,,,False,
G-01973,generado_ia,2026-08-10,Estudiantes,Estudiante de Grado,False,canceled,2026-08-10 08:13:36.851000-03:00,2026-08-10 09:53:38.110000-03:00,,False,
G-01974,generado_ia,2026-08-10,Estudiantes,Estudiante de Grado,False,canceled,2026-08-10 08:15:28.528000-03:00,2026-08-10 09:11:50.346000-03:00,,False,
G-01975,generado_ia,2026-08-10,Estudiantes,Estudiante de Grado,False,no_show,2026-08-10 08:15:34.313000-03:00,,,False,
G-01976,generado_ia,2026-08-10,Estudiantes,Estudiante de Grado,False,no_show,2026-08-10 08:15:40.012000-03:00,,,False,
G-01977,generado_ia,2026-08-10,Estudiantes,Estudiante de Grado,False,no_show,2026-08-10 08:15:45.330000-03:00,,,False,
G-01978,generado_ia,2026-08-10,Becas personal,Becas Nodocentes,False,no_show,2026-08-10 08:15:58.028000-03:00,,,False,
G-01979,generado_ia,2026-08-10,Estudiantes,Estudiante de Grado,False,no_show,2026-08-10 08:16:06.827000-03:00,,,False,
G-01980,generado_ia,2026-08-10,Estudiantes,Estudiante de Grado,False,no_show,2026-08-10 08:16:24.780000-03:00,,,False,
G-01981,generado_ia,2026-08-10,Estudiantes,Estudiante de Grado,False,no_show,2026-08-10 08:16:25.642000-03:00,,,False,
G-01982,generado_ia,2026-08-10,Becas personal,Becas Nodocentes,False,no_show,2026-08-10 08:16:45.625000-03:00,,,False,
G-01983,generado_ia,2026-08-10,Estudiantes,Estudiante de Grado,False,no_show,2026-08-10 08:16:54.527000-03:00,,,False,
G-01984,generado_ia,2026-08-10,Estudiantes,Estudiante de Grado,False,no_show,2026-08-10 08:17:14.395000-03:00,,,False,
G-01985,generado_ia,2026-08-10,Becas Nutrirse,Becas Nutrirse Vianda,False,canceled,2026-08-10 08:17:28.779000-03:00,2026-08-10 09:27:08.190000-03:00,,False,
G-01986,generado_ia,2026-08-10,Estudiantes,Estudiante de Grado,False,no_show,2026-08-10 08:17:59.775000-03:00,,,False,
G-01987,generado_ia,2026-08-10,Estudiantes,Estudiante de Grado,False,no_show,2026-08-10 08:18:19.039000-03:00,,,False,
G-01988,generado_ia,2026-08-10,Becas personal,Becas Nodocentes,False,canceled,2026-08-10 08:18:28.282000-03:00,2026-08-10 10:38:31.587000-03:00,,False,
G-01989,generado_ia,2026-08-10,Becas Nutrirse,Becas Nutrirse Vianda,False,no_show,2026-08-10 08:18:43.870000-03:00,,,False,
G-01990,generado_ia,2026-08-10,Estudiantes,Estudiante de Grado,False,no_show,2026-08-10 08:18:56.297000-03:00,,,False,
G-01991,generado_ia,2026-08-10,Becas personal,Becas Nodocentes,False,no_show,2026-08-10 08:19:02.428000-03:00,,,False,
G-01992,generado_ia,2026-08-10,Estudiantes,Estudiante de Grado,False,no_show,2026-08-10 08:19:41.766000-03:00,,,False,
G-01993,generado_ia,2026-08-10,Estudiantes,Estudiante de Grado,False,no_show,2026-08-10 08:19:49.078000-03:00,,,False,
G-01994,generado_ia,2026-08-10,Estudiantes,Estudiante de Grado,False,no_show,2026-08-10 08:20:29.293000-03:00,,,False,
G-01995,generado_ia,2026-08-10,Estudiantes,Estudiante de Grado,False,no_show,2026-08-10 08:20:30.258000-03:00,,,False,
G-01996,generado_ia,2026-08-10,Estudiantes,Estudiante de Grado,False,canceled,2026-08-10 08:20:56.701000-03:00,2026-08-10 09:40:51.176000-03:00,,False,
G-01997,generado_ia,2026-08-10,Estudiantes,Estudiante de Grado,False,no_show,2026-08-10 08:21:34.743000-03:00,,,False,
G-01998,generado_ia,2026-08-10,Becas Nutrirse,Becas Nutrirse Vianda,False,no_show,2026-08-10 08:22:00.287000-03:00,,,False,
G-01999,generado_ia,2026-08-10,Estudiantes,Estudiante de Grado,False,no_show,2026-08-10 08:22:34.504000-03:00,,,False,
G-02000,generado_ia,2026-08-10,Estudiantes,Estudiante de Grado,False,no_show,2026-08-10 08:24:42.708000-03:00,,,False,
G-02001,generado_ia,2026-08-10,Becas personal,Becas Docentes,False,canceled,2026-08-10 08:25:00.831000-03:00,2026-08-10 10:47:58.325000-03:00,,False,
G-02002,generado_ia,2026-08-10,Estudiantes,Estudiante de Grado,False,canceled,2026-08-10 08:25:05.793000-03:00,2026-08-10 09:16:31.020000-03:00,,False,
G-02003,generado_ia,2026-08-10,Becas Nutrirse,Becas Nutrirse Vianda,False,no_show,2026-08-10 08:25:44.480000-03:00,,,False,
G-02004,generado_ia,2026-08-10,Estudiantes,Estudiante de Grado,False,canceled,2026-08-10 08:26:14.217000-03:00,2026-08-10 10:53:09.427000-03:00,,False,
G-02005,generado_ia,2026-08-10,Estudiantes,Estudiante de Grado,False,no_show,2026-08-10 08:26:33.642000-03:00,,,False,
G-02006,generado_ia,2026-08-10,Estudiantes,Estudiante de Grado,False,canceled,2026-08-10 08:26:58.301000-03:00,2026-08-10 09:37:27.911000-03:00,,False,
G-02007,generado_ia,2026-08-10,Estudiantes,Estudiante de Grado,False,no_show,2026-08-10 08:27:03.511000-03:00,,,False,
G-02008,generado_ia,2026-08-10,Estudiantes,Estudiante de Grado,False,canceled,2026-08-10 08:27:11.806000-03:00,2026-08-10 08:59:24.654000-03:00,,False,
G-02009,generado_ia,2026-08-10,Becas Nutrirse,Becas Nutrirse Vianda,False,no_show,2026-08-10 08:28:00.677000-03:00,,,False,
G-02010,generado_ia,2026-08-10,Becas Nutrirse,Becas Nutrirse Vianda,False,no_show,2026-08-10 08:28:29.919000-03:00,,,False,
G-02011,generado_ia,2026-08-10,Estudiantes,Estudiante de Grado,False,canceled,2026-08-10 08:28:32.274000-03:00,2026-08-10 08:55:40.164000-03:00,,False,
G-02012,generado_ia,2026-08-10,Estudiantes,Estudiante de Grado,False,no_show,2026-08-10 08:28:35.133000-03:00,,,False,
G-02013,generado_ia,2026-08-10,Becas Nutrirse,Becas Nutrirse Vianda,False,canceled,2026-08-10 08:28:44.900000-03:00,2026-08-10 09:19:45.658000-03:00,,False,
G-02014,generado_ia,2026-08-10,Estudiantes,Estudiante de Grado,False,no_show,2026-08-10 08:29:08.485000-03:00,,,False,
G-02015,generado_ia,2026-08-10,Estudiantes,Estudiante de Grado,False,no_show,2026-08-10 08:29:09.879000-03:00,,,False,
G-02016,generado_ia,2026-08-10,Becas Nutrirse,Becas Nutrirse Vianda,False,no_show,2026-08-10 08:30:21.437000-03:00,,,False,
G-02017,generado_ia,2026-08-10,Estudiantes,Estudiante de Grado,False,no_show,2026-08-10 08:32:09.639000-03:00,,,False,
G-02018,generado_ia,2026-08-10,Estudiantes,Estudiante de Grado,False,canceled,2026-08-10 08:32:11.080000-03:00,2026-08-10 10:07:01.011000-03:00,,False,
G-02019,generado_ia,2026-08-10,Estudiantes,Estudiante de Grado,False,no_show,2026-08-10 08:32:12.154000-03:00,,,False,
G-02020,generado_ia,2026-08-10,Becas Nutrirse,Becas Nutrirse Vianda,False,no_show,2026-08-10 08:32:46.128000-03:00,,,False,
G-02021,generado_ia,2026-08-10,Estudiantes,Estudiante de Grado,False,no_show,2026-08-10 08:33:19.187000-03:00,,,False,
G-02022,generado_ia,2026-08-10,Becas personal,Becas Nodocentes,False,canceled,2026-08-10 08:34:10.975000-03:00,2026-08-10 09:12:00.318000-03:00,,False,
G-02023,generado_ia,2026-08-10,Estudiantes,Estudiante de Grado,False,no_show,2026-08-10 08:34:28.021000-03:00,,,False,
G-02024,generado_ia,2026-08-10,Becas Nutrirse,Becas Nutrirse Vianda,False,no_show,2026-08-10 08:34:30.837000-03:00,,,False,
G-02025,generado_ia,2026-08-10,Becas Nutrirse,Becas Nutrirse Vianda sin TACC,True,no_show,2026-08-10 08:34:49.186000-03:00,,,False,
G-02026,generado_ia,2026-08-10,Estudiantes,Estudiante de Grado,False,no_show,2026-08-10 08:37:21.200000-03:00,,,False,
G-02027,generado_ia,2026-08-10,Estudiantes,Estudiante de Grado,False,no_show,2026-08-10 08:39:30.197000-03:00,,,False,
G-02028,generado_ia,2026-08-10,Estudiantes,Estudiante de Grado,False,no_show,2026-08-10 08:40:54.639000-03:00,,,False,
G-02029,generado_ia,2026-08-10,Becas Nutrirse,Becas Nutrirse Vianda,False,canceled,2026-08-10 08:42:42.287000-03:00,2026-08-10 10:19:34.705000-03:00,,False,
G-02030,generado_ia,2026-08-10,Estudiantes,Estudiante de Grado,False,no_show,2026-08-10 08:42:49.551000-03:00,,,False,
G-02031,generado_ia,2026-08-10,Becas Nutrirse,Becas Nutrirse Vianda,False,no_show,2026-08-10 08:43:27.798000-03:00,,,False,
G-02032,generado_ia,2026-08-10,Estudiantes,Estudiante de Grado,False,no_show,2026-08-10 08:45:30.693000-03:00,,,False,
G-02033,generado_ia,2026-08-10,Estudiantes,Estudiante de Grado,False,no_show,2026-08-10 08:45:46.601000-03:00,,,False,
G-02034,generado_ia,2026-08-10,Estudiantes,Estudiante de Grado,False,no_show,2026-08-10 08:46:13.242000-03:00,,,False,
G-02035,generado_ia,2026-08-10,Estudiantes,Estudiante de Grado,False,no_show,2026-08-10 08:46:18.203000-03:00,,,False,
G-02036,generado_ia,2026-08-10,Becas Nutrirse,Becas Nutrirse Vianda,False,canceled,2026-08-10 08:46:19.973000-03:00,2026-08-10 10:06:46.229000-03:00,,False,
G-02037,generado_ia,2026-08-10,Estudiantes,Estudiante de Grado,False,canceled,2026-08-10 08:46:38.464000-03:00,2026-08-10 09:22:23.305000-03:00,,False,
G-02038,generado_ia,2026-08-10,Estudiantes,Estudiante de Grado,False,no_show,2026-08-10 08:46:51.323000-03:00,,,False,
G-02039,generado_ia,2026-08-10,Estudiantes,Estudiante de Grado,False,no_show,2026-08-10 08:47:51.981000-03:00,,,False,
G-02040,generado_ia,2026-08-10,Estudiantes,Estudiante de Grado,False,canceled,2026-08-10 08:47:59.544000-03:00,2026-08-10 10:59:03.805000-03:00,,False,
G-02041,generado_ia,2026-08-10,Estudiantes,Estudiante de Grado,False,no_show,2026-08-10 08:48:06.596000-03:00,,,False,
G-02042,generado_ia,2026-08-10,Estudiantes,Estudiante de Grado,False,no_show,2026-08-10 08:48:20.612000-03:00,,,False,
G-02043,generado_ia,2026-08-10,Estudiantes,Estudiante de Grado,False,no_show,2026-08-10 08:48:43.422000-03:00,,,False,
G-02044,generado_ia,2026-08-10,Estudiantes,Estudiante de Grado,False,no_show,2026-08-10 08:51:49.245000-03:00,,,False,
G-02045,generado_ia,2026-08-10,Estudiantes,Estudiante de Grado,False,no_show,2026-08-10 08:52:12.144000-03:00,,,False,
G-02046,generado_ia,2026-08-10,Estudiantes,Estudiante de Grado,False,canceled,2026-08-10 08:52:23.658000-03:00,2026-08-10 10:17:36.918000-03:00,,False,
G-02047,generado_ia,2026-08-10,Estudiantes,Estudiante de Grado,False,canceled,2026-08-10 08:52:37.218000-03:00,2026-08-10 09:35:57.668000-03:00,,False,
G-02048,generado_ia,2026-08-10,Estudiantes,Estudiante de Grado,False,canceled,2026-08-10 08:53:02.764000-03:00,2026-08-10 10:18:04.732000-03:00,,False,
G-02049,generado_ia,2026-08-10,Estudiantes,Estudiante de Grado,False,no_show,2026-08-10 08:53:08.447000-03:00,,,False,
G-02050,generado_ia,2026-08-10,Becas Nutrirse,Becas Nutrirse Vianda,False,no_show,2026-08-10 08:55:57.239000-03:00,,,False,
G-02051,generado_ia,2026-08-10,Estudiantes,Estudiante de Grado,False,no_show,2026-08-10 08:59:44.126000-03:00,,,False,
G-02052,generado_ia,2026-08-10,Estudiantes,Estudiante de Grado,False,no_show,2026-08-10 09:00:32.839000-03:00,,,False,
G-02053,generado_ia,2026-08-10,Becas personal,Becas Nodocentes,False,canceled,2026-08-10 09:01:18.045000-03:00,2026-08-10 09:27:51.531000-03:00,,False,
G-02054,generado_ia,2026-08-10,Becas Nutrirse,Becas Nutrirse Vianda,False,canceled,2026-08-10 09:01:24.019000-03:00,2026-08-10 10:16:46.148000-03:00,,False,
G-02055,generado_ia,2026-08-10,Becas Nutrirse,Becas Nutrirse Vianda,False,no_show,2026-08-10 09:02:08.712000-03:00,,,False,
G-02056,generado_ia,2026-08-10,Becas Nutrirse,Becas Nutrirse Vianda,False,canceled,2026-08-10 09:02:42.564000-03:00,2026-08-10 10:02:14.350000-03:00,,False,
G-02057,generado_ia,2026-08-10,Estudiantes,Estudiante de Grado,False,no_show,2026-08-10 09:05:41.404000-03:00,,,False,
G-02058,generado_ia,2026-08-10,Estudiantes,Estudiante de Grado,False,no_show,2026-08-10 09:07:07.654000-03:00,,,False,
G-02059,generado_ia,2026-08-10,Estudiantes,Estudiante de Grado,False,canceled,2026-08-10 09:07:51.389000-03:00,2026-08-10 09:33:55.272000-03:00,,False,
G-02060,generado_ia,2026-08-10,Estudiantes,Estudiante de Grado,False,no_show,2026-08-10 09:08:32.279000-03:00,,,False,
G-02061,generado_ia,2026-08-10,Becas Nutrirse,Becas Nutrirse Vianda,False,no_show,2026-08-10 09:09:20.535000-03:00,,,False,
G-02062,generado_ia,2026-08-10,Becas Nutrirse,Becas Nutrirse Vianda,False,canceled,2026-08-10 09:09:23.340000-03:00,2026-08-10 10:46:08.932000-03:00,,False,
G-02063,generado_ia,2026-08-10,Estudiantes,Estudiante de Grado,False,no_show,2026-08-10 09:09:31.267000-03:00,,,False,
G-02064,generado_ia,2026-08-10,Estudiantes,Estudiante de Grado,False,canceled,2026-08-10 09:09:46.143000-03:00,2026-08-10 10:44:54.258000-03:00,,False,
G-02065,generado_ia,2026-08-10,Estudiantes,Estudiante de Grado,False,no_show,2026-08-10 09:11:55.692000-03:00,,,False,
G-02066,generado_ia,2026-08-10,Estudiantes,Estudiante de Grado,False,canceled,2026-08-10 09:11:57.579000-03:00,2026-08-10 10:19:46.587000-03:00,,False,
G-02067,generado_ia,2026-08-10,Becas Nutrirse,Becas Nutrirse Vianda,False,no_show,2026-08-10 09:12:19.451000-03:00,,,False,
G-02068,generado_ia,2026-08-10,Estudiantes,Estudiante de Grado,False,no_show,2026-08-10 09:12:31.093000-03:00,,,False,
G-02069,generado_ia,2026-08-10,Estudiantes,Estudiante de Grado,False,no_show,2026-08-10 09:13:25.731000-03:00,,,False,
G-02070,generado_ia,2026-08-10,Estudiantes,Estudiante de Grado,False,no_show,2026-08-10 09:13:45.649000-03:00,,,False,
G-02071,generado_ia,2026-08-10,Estudiantes,Estudiante de Grado,False,canceled,2026-08-10 09:17:07.454000-03:00,2026-08-10 09:55:51.814000-03:00,,False,
G-02072,generado_ia,2026-08-10,Estudiantes,Estudiante de Grado,False,no_show,2026-08-10 09:17:27.256000-03:00,,,False,
G-02073,generado_ia,2026-08-10,Estudiantes,Estudiante de Grado,False,no_show,2026-08-10 09:17:54.782000-03:00,,,False,
G-02074,generado_ia,2026-08-10,Estudiantes,Estudiante de Grado,False,no_show,2026-08-10 09:18:34.081000-03:00,,,False,
G-02075,generado_ia,2026-08-10,Estudiantes,Estudiante de Grado,False,no_show,2026-08-10 09:20:40.684000-03:00,,,False,
G-02076,generado_ia,2026-08-10,Estudiantes,Estudiante de Grado,False,no_show,2026-08-10 09:20:55.582000-03:00,,,False,
G-02077,generado_ia,2026-08-10,Estudiantes,Estudiante de Grado,False,no_show,2026-08-10 09:21:17.588000-03:00,,,False,
G-02078,generado_ia,2026-08-10,Becas Nutrirse,Becas Nutrirse Vianda,False,no_show,2026-08-10 09:24:09.745000-03:00,,,False,
G-02079,generado_ia,2026-08-10,Estudiantes,Estudiante de Grado,False,no_show,2026-08-10 09:26:55.567000-03:00,,,False,
G-02080,generado_ia,2026-08-10,Becas Nutrirse,Becas Nutrirse Vianda,False,no_show,2026-08-10 09:26:58.359000-03:00,,,False,
G-02081,generado_ia,2026-08-10,Estudiantes,Estudiante de Grado,False,canceled,2026-08-10 09:28:13.330000-03:00,2026-08-10 10:35:38.870000-03:00,,False,
G-02082,generado_ia,2026-08-10,Estudiantes,Estudiante de Grado,False,no_show,2026-08-10 09:29:51.944000-03:00,,,False,
G-02083,generado_ia,2026-08-10,Estudiantes,Estudiante de Grado,False,no_show,2026-08-10 09:30:43.365000-03:00,,,False,
G-02084,generado_ia,2026-08-10,Becas Nutrirse,Becas Nutrirse Vianda,False,no_show,2026-08-10 09:32:16.239000-03:00,,,False,
G-02085,generado_ia,2026-08-10,Estudiantes,Estudiante de Grado,False,no_show,2026-08-10 09:33:34.323000-03:00,,,False,
G-02086,generado_ia,2026-08-10,Becas Nutrirse,Becas Nutrirse Vianda,False,no_show,2026-08-10 09:33:37.122000-03:00,,,False,
G-02087,generado_ia,2026-08-10,Personal,Docente,False,canceled,2026-08-10 09:33:48.295000-03:00,2026-08-10 10:29:38.211000-03:00,,False,
G-02088,generado_ia,2026-08-10,Becas Nutrirse,Becas Nutrirse Vianda,False,no_show,2026-08-10 09:34:35.107000-03:00,,,False,
G-02089,generado_ia,2026-08-10,Personal,Docente,False,no_show,2026-08-10 09:35:13.744000-03:00,,,False,
G-02090,generado_ia,2026-08-10,Estudiantes,Estudiante de Grado,False,canceled,2026-08-10 09:36:03.405000-03:00,2026-08-10 10:24:43.608000-03:00,,False,
G-02091,generado_ia,2026-08-10,Estudiantes,Estudiante de Grado,False,canceled,2026-08-10 09:36:17.470000-03:00,2026-08-10 09:46:03.549000-03:00,,False,
G-02092,generado_ia,2026-08-10,Estudiantes,Estudiante de Grado,False,no_show,2026-08-10 09:37:27.052000-03:00,,,False,
G-02093,generado_ia,2026-08-10,Estudiantes,Estudiante de Grado,False,no_show,2026-08-10 09:37:39.546000-03:00,,,False,
G-02094,generado_ia,2026-08-10,Becas Nutrirse,Becas Nutrirse Vianda,False,no_show,2026-08-10 09:38:43.958000-03:00,,,False,
G-02095,generado_ia,2026-08-10,Becas Nutrirse,Becas Nutrirse Vianda,False,no_show,2026-08-10 09:38:48.247000-03:00,,,False,
G-02096,generado_ia,2026-08-10,Becas Nutrirse,Becas Nutrirse Vianda,False,canceled,2026-08-10 09:39:30.906000-03:00,2026-08-10 10:44:34.729000-03:00,,False,
G-02097,generado_ia,2026-08-10,Estudiantes,Estudiante de Grado,False,canceled,2026-08-10 09:40:54.314000-03:00,2026-08-10 10:02:34.336000-03:00,,False,
G-02098,generado_ia,2026-08-10,Becas Nutrirse,Becas Nutrirse Vianda,False,no_show,2026-08-10 09:41:56.389000-03:00,,,False,
G-02099,generado_ia,2026-08-10,Estudiantes,Estudiante de Grado,False,no_show,2026-08-10 09:45:27.653000-03:00,,,False,
G-02100,generado_ia,2026-08-10,Estudiantes,Estudiante de Grado,False,no_show,2026-08-10 09:47:44.494000-03:00,,,False,
G-02101,generado_ia,2026-08-10,Estudiantes,Estudiante de Grado,False,no_show,2026-08-10 09:50:29.522000-03:00,,,False,
G-02102,generado_ia,2026-08-10,Becas Nutrirse,Becas Nutrirse Vianda,False,no_show,2026-08-10 09:53:38.409000-03:00,,,False,
G-02103,generado_ia,2026-08-10,Becas Nutrirse,Becas Nutrirse Vianda,False,no_show,2026-08-10 10:02:10.462000-03:00,,,False,
G-02104,generado_ia,2026-08-10,Becas Nutrirse,Becas Nutrirse Vianda,False,no_show,2026-08-10 10:04:03.332000-03:00,,,False,
G-02105,generado_ia,2026-08-10,Becas Nutrirse,Becas Nutrirse Vianda,False,no_show,2026-08-10 10:06:20.822000-03:00,,,False,
G-02106,generado_ia,2026-08-10,Becas Nutrirse,Becas Nutrirse Vianda,False,no_show,2026-08-10 10:08:01.425000-03:00,,,False,
G-02107,generado_ia,2026-08-10,Becas Nutrirse,Becas Nutrirse Vianda,False,canceled,2026-08-10 10:17:39.949000-03:00,2026-08-10 10:45:49.909000-03:00,,False,
G-02108,generado_ia,2026-08-10,Estudiantes,Estudiante de Grado,False,no_show,2026-08-10 10:22:57.036000-03:00,,,False,
G-02109,generado_ia,2026-08-10,Becas Nutrirse,Becas Nutrirse Vianda,False,canceled,2026-08-10 10:23:13.594000-03:00,2026-08-10 10:48:26.630000-03:00,,False,
G-02110,generado_ia,2026-08-10,Becas personal,Becas Nodocentes,False,canceled,2026-08-10 10:24:46.321000-03:00,2026-08-10 10:44:16.668000-03:00,,False,
G-02111,generado_ia,2026-08-10,Becas Nutrirse,Becas Nutrirse Vianda,False,no_show,2026-08-10 10:27:46.311000-03:00,,,False,
G-02112,generado_ia,2026-08-10,Personal,Nodocente,False,canceled,2026-08-10 10:29:43.979000-03:00,2026-08-10 10:33:58.333000-03:00,,False,
G-02113,generado_ia,2026-08-10,Becas Nutrirse,Becas Nutrirse Vianda,False,canceled,2026-08-10 10:33:00.754000-03:00,2026-08-10 10:46:35.278000-03:00,,False,
G-02114,generado_ia,2026-08-10,Becas Nutrirse,Becas Nutrirse Vianda,False,no_show,2026-08-10 10:34:38.355000-03:00,,,False,
G-02115,generado_ia,2026-08-10,Becas personal,Becas Nodocentes,False,canceled,2026-08-10 10:37:39.772000-03:00,2026-08-10 10:59:37.692000-03:00,,False,
G-02116,generado_ia,2026-08-11,Estudiantes,Estudiante de Grado,False,canceled,2026-08-11 08:00:08.039000-03:00,2026-08-11 09:50:59.255000-03:00,,False,
G-02117,generado_ia,2026-08-11,Estudiantes,Estudiante de Grado,False,no_show,2026-08-11 08:00:22.792000-03:00,,,False,
G-02118,generado_ia,2026-08-11,Estudiantes,Estudiante de Grado,False,no_show,2026-08-11 08:00:23.330000-03:00,,,False,
G-02119,generado_ia,2026-08-11,Estudiantes,Estudiante de Grado,False,canceled,2026-08-11 08:00:33.049000-03:00,2026-08-11 08:33:22.684000-03:00,,False,
G-02120,generado_ia,2026-08-11,Estudiantes,Estudiante de Grado,False,no_show,2026-08-11 08:00:36.554000-03:00,,,False,
G-02121,generado_ia,2026-08-11,Estudiantes,Estudiante de Grado,False,no_show,2026-08-11 08:01:10.908000-03:00,,,False,
G-02122,generado_ia,2026-08-11,Becas Nutrirse,Becas Nutrirse Vianda,False,no_show,2026-08-11 08:01:20.099000-03:00,,,False,
G-02123,generado_ia,2026-08-11,Estudiantes,Estudiante de Grado,False,canceled,2026-08-11 08:01:21.537000-03:00,2026-08-11 10:27:25.083000-03:00,,False,
G-02124,generado_ia,2026-08-11,Estudiantes,Estudiante de Grado,False,no_show,2026-08-11 08:01:25.682000-03:00,,,False,
G-02125,generado_ia,2026-08-11,Becas Nutrirse,Becas Nutrirse Vianda,False,no_show,2026-08-11 08:01:33.412000-03:00,,,False,
G-02126,generado_ia,2026-08-11,Becas Nutrirse,Becas Nutrirse Vianda,False,no_show,2026-08-11 08:01:33.876000-03:00,,,False,
G-02127,generado_ia,2026-08-11,Becas Nutrirse,Becas Nutrirse Vianda,False,no_show,2026-08-11 08:01:35.676000-03:00,,,False,
G-02128,generado_ia,2026-08-11,Estudiantes,Estudiante de Grado,False,no_show,2026-08-11 08:01:39.936000-03:00,,,False,
G-02129,generado_ia,2026-08-11,Estudiantes,Estudiante de Grado,False,no_show,2026-08-11 08:01:59.207000-03:00,,,False,
G-02130,generado_ia,2026-08-11,Estudiantes,Estudiante de Grado,False,no_show,2026-08-11 08:02:17.085000-03:00,,,False,
G-02131,generado_ia,2026-08-11,Estudiantes,Estudiante de Grado,False,no_show,2026-08-11 08:02:18.066000-03:00,,,False,
G-02132,generado_ia,2026-08-11,Estudiantes,Estudiante de Grado,False,no_show,2026-08-11 08:02:18.257000-03:00,,,False,
G-02133,generado_ia,2026-08-11,Becas Nutrirse,Becas Nutrirse Vianda,False,no_show,2026-08-11 08:02:26.939000-03:00,,,False,
G-02134,generado_ia,2026-08-11,Estudiantes,Estudiante de Grado,False,no_show,2026-08-11 08:02:27.034000-03:00,,,False,
G-02135,generado_ia,2026-08-11,Becas Nutrirse,Becas Nutrirse Vianda,False,canceled,2026-08-11 08:02:30.840000-03:00,2026-08-11 10:04:36.093000-03:00,,False,
G-02136,generado_ia,2026-08-11,Estudiantes,Estudiante de Grado,False,no_show,2026-08-11 08:02:33.385000-03:00,,,False,
G-02137,generado_ia,2026-08-11,Estudiantes,Estudiante de Grado,False,canceled,2026-08-11 08:02:35.267000-03:00,2026-08-11 10:00:33.306000-03:00,,False,
G-02138,generado_ia,2026-08-11,Estudiantes,Estudiante de Grado,False,no_show,2026-08-11 08:02:44.668000-03:00,,,False,
G-02139,generado_ia,2026-08-11,Estudiantes,Estudiante de Grado,False,no_show,2026-08-11 08:02:47.385000-03:00,,,False,
G-02140,generado_ia,2026-08-11,Estudiantes,Estudiante de Grado,False,no_show,2026-08-11 08:02:51.358000-03:00,,,False,
G-02141,generado_ia,2026-08-11,Estudiantes,Estudiante de Grado,False,no_show,2026-08-11 08:03:00.861000-03:00,,,False,
G-02142,generado_ia,2026-08-11,Estudiantes,Estudiante de Grado,False,no_show,2026-08-11 08:03:03.288000-03:00,,,False,
G-02143,generado_ia,2026-08-11,Estudiantes,Estudiante de Grado,False,canceled,2026-08-11 08:03:04.464000-03:00,2026-08-11 09:26:59.592000-03:00,,False,
G-02144,generado_ia,2026-08-11,Estudiantes,Estudiante de Grado,False,canceled,2026-08-11 08:03:14.638000-03:00,2026-08-11 10:15:19.827000-03:00,,False,
G-02145,generado_ia,2026-08-11,Becas Nutrirse,Becas Nutrirse Vianda,False,no_show,2026-08-11 08:03:16.269000-03:00,,,False,
G-02146,generado_ia,2026-08-11,Estudiantes,Estudiante de Grado,False,no_show,2026-08-11 08:03:20.473000-03:00,,,False,
G-02147,generado_ia,2026-08-11,Estudiantes,Estudiante de Grado,False,no_show,2026-08-11 08:03:25.538000-03:00,,,False,
G-02148,generado_ia,2026-08-11,Estudiantes,Estudiante de Grado,False,no_show,2026-08-11 08:03:28.899000-03:00,,,False,
G-02149,generado_ia,2026-08-11,Estudiantes,Estudiante de Grado,False,canceled,2026-08-11 08:03:31.635000-03:00,2026-08-11 10:56:41.513000-03:00,,False,
G-02150,generado_ia,2026-08-11,Becas Nutrirse,Becas Nutrirse Vianda,False,canceled,2026-08-11 08:03:53.262000-03:00,2026-08-11 08:14:08.525000-03:00,,False,
G-02151,generado_ia,2026-08-11,Estudiantes,Estudiante de Grado,False,canceled,2026-08-11 08:03:57.134000-03:00,2026-08-11 09:53:33.456000-03:00,,False,
G-02152,generado_ia,2026-08-11,Estudiantes,Estudiante de Grado,False,no_show,2026-08-11 08:03:59.107000-03:00,,,False,
G-02153,generado_ia,2026-08-11,Becas personal,Becas Nodocentes,False,no_show,2026-08-11 08:04:06.090000-03:00,,,False,
G-02154,generado_ia,2026-08-11,Estudiantes,Estudiante de Grado,False,no_show,2026-08-11 08:04:14.054000-03:00,,,False,
G-02155,generado_ia,2026-08-11,Becas Nutrirse,Becas Nutrirse Vianda,False,canceled,2026-08-11 08:04:33.135000-03:00,2026-08-11 10:29:35.797000-03:00,,False,
G-02156,generado_ia,2026-08-11,Estudiantes,Estudiante de Grado,False,no_show,2026-08-11 08:04:59.071000-03:00,,,False,
G-02157,generado_ia,2026-08-11,Estudiantes,Estudiante de Grado,False,no_show,2026-08-11 08:05:19.563000-03:00,,,False,
G-02158,generado_ia,2026-08-11,Estudiantes,Estudiante de Grado,False,no_show,2026-08-11 08:05:23.569000-03:00,,,False,
G-02159,generado_ia,2026-08-11,Estudiantes,Estudiante de Grado,False,no_show,2026-08-11 08:05:51.278000-03:00,,,False,
G-02160,generado_ia,2026-08-11,Becas Nutrirse,Becas Nutrirse Vianda,False,no_show,2026-08-11 08:05:53.418000-03:00,,,False,
G-02161,generado_ia,2026-08-11,Estudiantes,Estudiante de Grado,False,no_show,2026-08-11 08:05:56.271000-03:00,,,False,
G-02162,generado_ia,2026-08-11,Estudiantes,Estudiante de Grado,False,no_show,2026-08-11 08:06:07.600000-03:00,,,False,
G-02163,generado_ia,2026-08-11,Estudiantes,Estudiante de Grado,False,canceled,2026-08-11 08:06:18.154000-03:00,2026-08-11 10:46:34.720000-03:00,,False,
G-02164,generado_ia,2026-08-11,Estudiantes,Estudiante de Grado,False,no_show,2026-08-11 08:06:20.221000-03:00,,,False,
G-02165,generado_ia,2026-08-11,Estudiantes,Estudiante de Grado,False,canceled,2026-08-11 08:06:24.067000-03:00,2026-08-11 10:46:19.761000-03:00,,False,
G-02166,generado_ia,2026-08-11,Estudiantes,Estudiante de Grado,False,no_show,2026-08-11 08:06:31.040000-03:00,,,False,
G-02167,generado_ia,2026-08-11,Estudiantes,Estudiante de Grado,False,no_show,2026-08-11 08:06:40.040000-03:00,,,False,
G-02168,generado_ia,2026-08-11,Becas Nutrirse,Becas Nutrirse Vianda,False,no_show,2026-08-11 08:06:50.099000-03:00,,,False,
G-02169,generado_ia,2026-08-11,Estudiantes,Estudiante de Grado,False,no_show,2026-08-11 08:07:06.421000-03:00,,,False,
G-02170,generado_ia,2026-08-11,Estudiantes,Estudiante de Grado,False,no_show,2026-08-11 08:07:13.233000-03:00,,,False,
G-02171,generado_ia,2026-08-11,Estudiantes,Estudiante de Grado,False,no_show,2026-08-11 08:07:13.508000-03:00,,,False,
G-02172,generado_ia,2026-08-11,Estudiantes,Estudiante de Grado,False,no_show,2026-08-11 08:08:19.436000-03:00,,,False,
G-02173,generado_ia,2026-08-11,Estudiantes,Estudiante de Grado,False,no_show,2026-08-11 08:08:46.955000-03:00,,,False,
G-02174,generado_ia,2026-08-11,Becas Nutrirse,Becas Nutrirse Vianda,False,no_show,2026-08-11 08:09:35.245000-03:00,,,False,
G-02175,generado_ia,2026-08-11,Estudiantes,Estudiante de Grado,False,no_show,2026-08-11 08:09:50.481000-03:00,,,False,
G-02176,generado_ia,2026-08-11,Estudiantes,Estudiante de Grado,False,no_show,2026-08-11 08:10:03.477000-03:00,,,False,
G-02177,generado_ia,2026-08-11,Estudiantes,Estudiante de Grado,False,canceled,2026-08-11 08:10:18.570000-03:00,2026-08-11 08:30:37.229000-03:00,,False,
G-02178,generado_ia,2026-08-11,Estudiantes,Estudiante de Grado,False,no_show,2026-08-11 08:10:24.776000-03:00,,,False,
G-02179,generado_ia,2026-08-11,Estudiantes,Estudiante de Grado,False,canceled,2026-08-11 08:10:35.977000-03:00,2026-08-11 08:39:04.421000-03:00,,False,
G-02180,generado_ia,2026-08-11,Estudiantes,Estudiante de Grado,False,canceled,2026-08-11 08:10:54.480000-03:00,2026-08-11 08:42:47.789000-03:00,,False,
G-02181,generado_ia,2026-08-11,Estudiantes,Estudiante de Grado,False,no_show,2026-08-11 08:11:03.842000-03:00,,,False,
G-02182,generado_ia,2026-08-11,Becas Nutrirse,Becas Nutrirse Vianda,False,no_show,2026-08-11 08:11:16.668000-03:00,,,False,
G-02183,generado_ia,2026-08-11,Estudiantes,Estudiante de Grado,False,no_show,2026-08-11 08:11:20.034000-03:00,,,False,
G-02184,generado_ia,2026-08-11,Estudiantes,Estudiante de Grado,False,canceled,2026-08-11 08:11:47.823000-03:00,2026-08-11 09:51:38.208000-03:00,,False,
G-02185,generado_ia,2026-08-11,Estudiantes,Estudiante de Grado,False,no_show,2026-08-11 08:11:53.285000-03:00,,,False,
G-02186,generado_ia,2026-08-11,Estudiantes,Estudiante de Grado,False,no_show,2026-08-11 08:11:58.257000-03:00,,,False,
G-02187,generado_ia,2026-08-11,Estudiantes,Estudiante de Grado,False,no_show,2026-08-11 08:11:59.054000-03:00,,,False,
G-02188,generado_ia,2026-08-11,Estudiantes,Estudiante de Grado,False,no_show,2026-08-11 08:12:16.056000-03:00,,,False,
G-02189,generado_ia,2026-08-11,Estudiantes,Estudiante de Grado,False,no_show,2026-08-11 08:12:24.724000-03:00,,,False,
G-02190,generado_ia,2026-08-11,Estudiantes,Estudiante de Grado,False,no_show,2026-08-11 08:12:34.931000-03:00,,,False,
G-02191,generado_ia,2026-08-11,Estudiantes,Estudiante de Grado,False,no_show,2026-08-11 08:12:41.875000-03:00,,,False,
G-02192,generado_ia,2026-08-11,Estudiantes,Estudiante de Grado,False,no_show,2026-08-11 08:12:49.272000-03:00,,,False,
G-02193,generado_ia,2026-08-11,Becas Nutrirse,Becas Nutrirse Vianda,False,no_show,2026-08-11 08:13:14.930000-03:00,,,False,
G-02194,generado_ia,2026-08-11,Estudiantes,Estudiante de Grado,False,no_show,2026-08-11 08:13:17.030000-03:00,,,False,
G-02195,generado_ia,2026-08-11,Estudiantes,Estudiante de Grado,False,canceled,2026-08-11 08:13:42.772000-03:00,2026-08-11 09:51:36.299000-03:00,,False,
G-02196,generado_ia,2026-08-11,Estudiantes,Estudiante de Grado,False,canceled,2026-08-11 08:13:51.774000-03:00,2026-08-11 09:54:52.142000-03:00,,False,
G-02197,generado_ia,2026-08-11,Estudiantes,Estudiante de Grado,False,no_show,2026-08-11 08:14:46.827000-03:00,,,False,
G-02198,generado_ia,2026-08-11,Becas personal,Becas Nodocentes,False,no_show,2026-08-11 08:14:56.050000-03:00,,,False,
G-02199,generado_ia,2026-08-11,Estudiantes,Estudiante de Grado,False,canceled,2026-08-11 08:15:16.817000-03:00,2026-08-11 10:41:31.703000-03:00,,False,
G-02200,generado_ia,2026-08-11,Estudiantes,Estudiante de Grado,False,no_show,2026-08-11 08:15:24.167000-03:00,,,False,
G-02201,generado_ia,2026-08-11,Estudiantes,Estudiante de Grado,False,no_show,2026-08-11 08:15:59.256000-03:00,,,False,
G-02202,generado_ia,2026-08-11,Estudiantes,Estudiante de Grado,False,no_show,2026-08-11 08:16:16.817000-03:00,,,False,
G-02203,generado_ia,2026-08-11,Estudiantes,Estudiante de Grado,False,no_show,2026-08-11 08:16:20.049000-03:00,,,False,
G-02204,generado_ia,2026-08-11,Estudiantes,Estudiante de Grado,False,no_show,2026-08-11 08:16:41.835000-03:00,,,False,
G-02205,generado_ia,2026-08-11,Estudiantes,Estudiante de Grado,False,no_show,2026-08-11 08:17:23.754000-03:00,,,False,
G-02206,generado_ia,2026-08-11,Estudiantes,Estudiante de Grado,False,no_show,2026-08-11 08:17:38.642000-03:00,,,False,
G-02207,generado_ia,2026-08-11,Becas Nutrirse,Becas Nutrirse Vianda,False,canceled,2026-08-11 08:19:17.073000-03:00,2026-08-11 10:47:34.356000-03:00,,False,
G-02208,generado_ia,2026-08-11,Becas Nutrirse,Becas Nutrirse Vianda,False,canceled,2026-08-11 08:19:25.481000-03:00,2026-08-11 10:02:59.528000-03:00,,False,
G-02209,generado_ia,2026-08-11,Estudiantes,Estudiante de Grado,False,no_show,2026-08-11 08:19:29.337000-03:00,,,False,
G-02210,generado_ia,2026-08-11,Estudiantes,Estudiante de Grado,False,no_show,2026-08-11 08:19:44.978000-03:00,,,False,
G-02211,generado_ia,2026-08-11,Estudiantes,Estudiante de Grado,False,no_show,2026-08-11 08:20:11.655000-03:00,,,False,
G-02212,generado_ia,2026-08-11,Estudiantes,Estudiante de Grado,False,no_show,2026-08-11 08:20:11.762000-03:00,,,False,
G-02213,generado_ia,2026-08-11,Estudiantes,Estudiante de Grado,False,no_show,2026-08-11 08:20:51.142000-03:00,,,False,
G-02214,generado_ia,2026-08-11,Estudiantes,Estudiante de Grado,False,canceled,2026-08-11 08:21:09.582000-03:00,2026-08-11 09:26:04.010000-03:00,,False,
G-02215,generado_ia,2026-08-11,Estudiantes,Estudiante de Grado,False,no_show,2026-08-11 08:21:12.796000-03:00,,,False,
G-02216,generado_ia,2026-08-11,Estudiantes,Estudiante de Grado,False,no_show,2026-08-11 08:21:17.685000-03:00,,,False,
G-02217,generado_ia,2026-08-11,Estudiantes,Estudiante de Grado,False,no_show,2026-08-11 08:21:35.332000-03:00,,,False,
G-02218,generado_ia,2026-08-11,Becas Nutrirse,Becas Nutrirse Vianda,False,no_show,2026-08-11 08:21:58.950000-03:00,,,False,
G-02219,generado_ia,2026-08-11,Estudiantes,Estudiante de Grado,False,no_show,2026-08-11 08:22:09.789000-03:00,,,False,
G-02220,generado_ia,2026-08-11,Estudiantes,Estudiante de Grado,False,no_show,2026-08-11 08:22:26.461000-03:00,,,False,
G-02221,generado_ia,2026-08-11,Becas Nutrirse,Becas Nutrirse Vianda,False,canceled,2026-08-11 08:22:28.535000-03:00,2026-08-11 10:24:43.599000-03:00,,False,
G-02222,generado_ia,2026-08-11,Becas personal,Becas Nodocentes,False,no_show,2026-08-11 08:23:37.748000-03:00,,,False,
G-02223,generado_ia,2026-08-11,Estudiantes,Estudiante de Grado,False,no_show,2026-08-11 08:23:40.382000-03:00,,,False,
G-02224,generado_ia,2026-08-11,Estudiantes,Estudiante de Grado,False,canceled,2026-08-11 08:23:51.534000-03:00,2026-08-11 08:40:32.061000-03:00,,False,
G-02225,generado_ia,2026-08-11,Estudiantes,Estudiante de Grado,False,no_show,2026-08-11 08:24:09.632000-03:00,,,False,
G-02226,generado_ia,2026-08-11,Estudiantes,Estudiante de Grado,False,no_show,2026-08-11 08:24:33.441000-03:00,,,False,
G-02227,generado_ia,2026-08-11,Estudiantes,Estudiante de Grado,False,no_show,2026-08-11 08:24:48.110000-03:00,,,False,
G-02228,generado_ia,2026-08-11,Becas Nutrirse,Becas Nutrirse Vianda,False,no_show,2026-08-11 08:25:23.830000-03:00,,,False,
G-02229,generado_ia,2026-08-11,Estudiantes,Estudiante de Grado,False,no_show,2026-08-11 08:25:23.897000-03:00,,,False,
G-02230,generado_ia,2026-08-11,Estudiantes,Estudiante de Grado,False,no_show,2026-08-11 08:25:37.169000-03:00,,,False,
G-02231,generado_ia,2026-08-11,Estudiantes,Estudiante de Grado,False,canceled,2026-08-11 08:26:06.635000-03:00,2026-08-11 10:47:53.072000-03:00,,False,
G-02232,generado_ia,2026-08-11,Becas Nutrirse,Becas Nutrirse Vianda,False,no_show,2026-08-11 08:26:26.369000-03:00,,,False,
G-02233,generado_ia,2026-08-11,Estudiantes,Estudiante de Grado,False,no_show,2026-08-11 08:27:48.396000-03:00,,,False,
G-02234,generado_ia,2026-08-11,Personal,Docente,False,no_show,2026-08-11 08:28:47.986000-03:00,,,False,
G-02235,generado_ia,2026-08-11,Estudiantes,Estudiante de Grado,False,canceled,2026-08-11 08:28:48.076000-03:00,2026-08-11 09:15:38.591000-03:00,,False,
G-02236,generado_ia,2026-08-11,Estudiantes,Estudiante de Grado,False,no_show,2026-08-11 08:28:50.365000-03:00,,,False,
G-02237,generado_ia,2026-08-11,Estudiantes,Estudiante de Grado,False,canceled,2026-08-11 08:29:11.621000-03:00,2026-08-11 10:33:48.315000-03:00,,False,
G-02238,generado_ia,2026-08-11,Becas Nutrirse,Becas Nutrirse Vianda,False,no_show,2026-08-11 08:29:16.494000-03:00,,,False,
G-02239,generado_ia,2026-08-11,Becas Nutrirse,Becas Nutrirse Vianda,False,no_show,2026-08-11 08:29:59.066000-03:00,,,False,
G-02240,generado_ia,2026-08-11,Estudiantes,Estudiante de Grado,False,canceled,2026-08-11 08:30:15.019000-03:00,2026-08-11 10:19:54.571000-03:00,,False,
G-02241,generado_ia,2026-08-11,Estudiantes,Estudiante de Grado,False,no_show,2026-08-11 08:30:39.710000-03:00,,,False,
G-02242,generado_ia,2026-08-11,Estudiantes,Estudiante de Grado,False,canceled,2026-08-11 08:30:44.576000-03:00,2026-08-11 09:15:20.274000-03:00,,False,
G-02243,generado_ia,2026-08-11,Estudiantes,Estudiante de Grado,False,canceled,2026-08-11 08:30:47.217000-03:00,2026-08-11 08:49:10.079000-03:00,,False,
G-02244,generado_ia,2026-08-11,Estudiantes,Estudiante de Grado,False,no_show,2026-08-11 08:31:09.236000-03:00,,,False,
G-02245,generado_ia,2026-08-11,Estudiantes,Estudiante de Grado,False,no_show,2026-08-11 08:31:19.108000-03:00,,,False,
G-02246,generado_ia,2026-08-11,Estudiantes,Estudiante de Grado,False,no_show,2026-08-11 08:31:43.095000-03:00,,,False,
G-02247,generado_ia,2026-08-11,Estudiantes,Estudiante de Grado,False,canceled,2026-08-11 08:31:50.862000-03:00,2026-08-11 09:12:22.886000-03:00,,False,
G-02248,generado_ia,2026-08-11,Estudiantes,Estudiante de Grado,False,no_show,2026-08-11 08:32:01.726000-03:00,,,False,
G-02249,generado_ia,2026-08-11,Estudiantes,Estudiante de Grado,False,no_show,2026-08-11 08:32:21.059000-03:00,,,False,
G-02250,generado_ia,2026-08-11,Estudiantes,Estudiante de Grado,False,no_show,2026-08-11 08:32:39.022000-03:00,,,False,
G-02251,generado_ia,2026-08-11,Estudiantes,Estudiante de Grado,False,no_show,2026-08-11 08:32:54.417000-03:00,,,False,
G-02252,generado_ia,2026-08-11,Becas Nutrirse,Becas Nutrirse Vianda,False,canceled,2026-08-11 08:33:27.224000-03:00,2026-08-11 10:39:15.132000-03:00,,False,
G-02253,generado_ia,2026-08-11,Estudiantes,Estudiante de Grado,False,no_show,2026-08-11 08:33:46.080000-03:00,,,False,
G-02254,generado_ia,2026-08-11,Estudiantes,Estudiante de Grado,False,canceled,2026-08-11 08:33:46.504000-03:00,2026-08-11 08:43:32.834000-03:00,,False,
G-02255,generado_ia,2026-08-11,Estudiantes,Estudiante de Grado,False,no_show,2026-08-11 08:34:43.658000-03:00,,,False,
G-02256,generado_ia,2026-08-11,Becas Nutrirse,Becas Nutrirse Vianda,False,canceled,2026-08-11 08:35:23.126000-03:00,2026-08-11 09:30:42.695000-03:00,,False,
G-02257,generado_ia,2026-08-11,Estudiantes,Estudiante de Grado,False,no_show,2026-08-11 08:35:40.607000-03:00,,,False,
G-02258,generado_ia,2026-08-11,Estudiantes,Estudiante de Grado,False,no_show,2026-08-11 08:35:44.070000-03:00,,,False,
G-02259,generado_ia,2026-08-11,Estudiantes,Estudiante de Grado,False,no_show,2026-08-11 08:36:11.946000-03:00,,,False,
G-02260,generado_ia,2026-08-11,Estudiantes,Estudiante de Grado,False,canceled,2026-08-11 08:36:20.615000-03:00,2026-08-11 09:31:37.408000-03:00,,False,
G-02261,generado_ia,2026-08-11,Estudiantes,Estudiante de Grado,False,no_show,2026-08-11 08:36:44.124000-03:00,,,False,
G-02262,generado_ia,2026-08-11,Estudiantes,Estudiante de Grado,False,no_show,2026-08-11 08:37:06.893000-03:00,,,False,
G-02263,generado_ia,2026-08-11,Estudiantes,Estudiante de Grado,False,no_show,2026-08-11 08:37:12.279000-03:00,,,False,
G-02264,generado_ia,2026-08-11,Estudiantes,Estudiante de Grado,False,no_show,2026-08-11 08:37:19.016000-03:00,,,False,
G-02265,generado_ia,2026-08-11,Estudiantes,Estudiante de Grado,False,no_show,2026-08-11 08:37:48.359000-03:00,,,False,
G-02266,generado_ia,2026-08-11,Estudiantes,Estudiante de Grado,False,no_show,2026-08-11 08:38:09.461000-03:00,,,False,
G-02267,generado_ia,2026-08-11,Estudiantes,Estudiante de Grado,False,no_show,2026-08-11 08:38:31.318000-03:00,,,False,
G-02268,generado_ia,2026-08-11,Becas personal,Becas Nodocentes,False,no_show,2026-08-11 08:40:41.920000-03:00,,,False,
G-02269,generado_ia,2026-08-11,Estudiantes,Estudiante de Grado,False,canceled,2026-08-11 08:41:21.893000-03:00,2026-08-11 09:05:32.746000-03:00,,False,
G-02270,generado_ia,2026-08-11,Becas personal,Becas Nodocentes,False,canceled,2026-08-11 08:43:16.041000-03:00,2026-08-11 10:53:08.308000-03:00,,False,
G-02271,generado_ia,2026-08-11,Estudiantes,Estudiante de Grado,False,no_show,2026-08-11 08:44:09.264000-03:00,,,False,
G-02272,generado_ia,2026-08-11,Estudiantes,Estudiante de Grado,False,no_show,2026-08-11 08:44:48.319000-03:00,,,False,
G-02273,generado_ia,2026-08-11,Estudiantes,Estudiante de Grado,False,no_show,2026-08-11 08:44:58.693000-03:00,,,False,
G-02274,generado_ia,2026-08-11,Estudiantes,Estudiante de Grado,False,canceled,2026-08-11 08:45:40.547000-03:00,2026-08-11 09:03:12.801000-03:00,,False,
G-02275,generado_ia,2026-08-11,Becas Nutrirse,Becas Nutrirse Vianda,False,canceled,2026-08-11 08:46:40.732000-03:00,2026-08-11 10:39:39.873000-03:00,,False,
G-02276,generado_ia,2026-08-11,Estudiantes,Estudiante de Grado,False,no_show,2026-08-11 08:47:01.504000-03:00,,,False,
G-02277,generado_ia,2026-08-11,Becas Nutrirse,Becas Nutrirse Vianda,False,no_show,2026-08-11 08:52:41.574000-03:00,,,False,
G-02278,generado_ia,2026-08-11,Becas Nutrirse,Becas Nutrirse Vianda,False,canceled,2026-08-11 08:52:59.771000-03:00,2026-08-11 09:32:37.107000-03:00,,False,
G-02279,generado_ia,2026-08-11,Becas Nutrirse,Becas Nutrirse Vianda,False,canceled,2026-08-11 08:53:43.011000-03:00,2026-08-11 10:18:04.505000-03:00,,False,
G-02280,generado_ia,2026-08-11,Becas Nutrirse,Becas Nutrirse Vianda,False,no_show,2026-08-11 08:53:45.869000-03:00,,,False,
G-02281,generado_ia,2026-08-11,Becas Nutrirse,Becas Nutrirse Vianda,False,no_show,2026-08-11 08:53:55.426000-03:00,,,False,
G-02282,generado_ia,2026-08-11,Becas Nutrirse,Becas Nutrirse Vianda,False,canceled,2026-08-11 08:56:06.780000-03:00,2026-08-11 10:35:03.241000-03:00,,False,
G-02283,generado_ia,2026-08-11,Becas Nutrirse,Becas Nutrirse Vianda,False,canceled,2026-08-11 09:00:59.184000-03:00,2026-08-11 10:15:32.843000-03:00,,False,
G-02284,generado_ia,2026-08-11,Estudiantes,Estudiante de Grado sin TACC,True,canceled,2026-08-11 09:02:22.698000-03:00,2026-08-11 09:49:50.170000-03:00,,False,
G-02285,generado_ia,2026-08-11,Becas Nutrirse,Becas Nutrirse Vianda,False,no_show,2026-08-11 09:04:36.326000-03:00,,,False,
G-02286,generado_ia,2026-08-11,Becas personal,Becas Nodocentes,False,no_show,2026-08-11 09:05:40.686000-03:00,,,False,
G-02287,generado_ia,2026-08-11,Becas Nutrirse,Becas Nutrirse Vianda,False,no_show,2026-08-11 09:06:14.512000-03:00,,,False,
G-02288,generado_ia,2026-08-11,Becas Nutrirse,Becas Nutrirse Vianda,False,canceled,2026-08-11 09:08:47.491000-03:00,2026-08-11 09:59:44.926000-03:00,,False,
G-02289,generado_ia,2026-08-11,Becas Nutrirse,Becas Nutrirse Vianda,False,no_show,2026-08-11 09:10:34.848000-03:00,,,False,
G-02290,generado_ia,2026-08-11,Becas Nutrirse,Becas Nutrirse Vianda,False,canceled,2026-08-11 09:11:23.989000-03:00,2026-08-11 10:44:03.632000-03:00,,False,
G-02291,generado_ia,2026-08-11,Becas Nutrirse,Becas Nutrirse Vianda,False,no_show,2026-08-11 09:13:18.532000-03:00,,,False,
G-02292,generado_ia,2026-08-11,Becas Nutrirse,Becas Nutrirse Vianda,False,no_show,2026-08-11 09:14:28.615000-03:00,,,False,
G-02293,generado_ia,2026-08-11,Estudiantes,Estudiante de Grado,False,no_show,2026-08-11 09:16:08.439000-03:00,,,False,
G-02294,generado_ia,2026-08-11,Becas Nutrirse,Becas Nutrirse Vianda,False,no_show,2026-08-11 09:17:13.499000-03:00,,,False,
G-02295,generado_ia,2026-08-11,Becas Nutrirse,Becas Nutrirse Vianda,False,no_show,2026-08-11 09:19:14.445000-03:00,,,False,
G-02296,generado_ia,2026-08-11,Becas Nutrirse,Becas Nutrirse Vianda,False,canceled,2026-08-11 09:22:44.655000-03:00,2026-08-11 10:43:26.485000-03:00,,False,
G-02297,generado_ia,2026-08-11,Becas Nutrirse,Becas Nutrirse Vianda,False,no_show,2026-08-11 09:22:52.404000-03:00,,,False,
G-02298,generado_ia,2026-08-11,Becas Nutrirse,Becas Nutrirse Vianda,False,no_show,2026-08-11 09:23:59.230000-03:00,,,False,
G-02299,generado_ia,2026-08-11,Becas Nutrirse,Becas Nutrirse Vianda,False,no_show,2026-08-11 09:28:45.093000-03:00,,,False,
G-02300,generado_ia,2026-08-11,Becas Nutrirse,Becas Nutrirse Vianda,False,no_show,2026-08-11 09:28:50.850000-03:00,,,False,
G-02301,generado_ia,2026-08-11,Estudiantes,Estudiante de Grado,False,no_show,2026-08-11 09:29:09.676000-03:00,,,False,
G-02302,generado_ia,2026-08-11,Estudiantes,Estudiante de Grado,False,canceled,2026-08-11 09:30:03.582000-03:00,2026-08-11 10:32:33.780000-03:00,,False,
G-02303,generado_ia,2026-08-11,Becas Nutrirse,Becas Nutrirse Vianda,False,canceled,2026-08-11 09:30:45.544000-03:00,2026-08-11 10:20:53.242000-03:00,,False,
G-02304,generado_ia,2026-08-11,Becas Nutrirse,Becas Nutrirse Vianda,False,no_show,2026-08-11 09:37:15.343000-03:00,,,False,
G-02305,generado_ia,2026-08-11,Becas Nutrirse,Becas Nutrirse Vianda,False,no_show,2026-08-11 09:41:25.218000-03:00,,,False,
G-02306,generado_ia,2026-08-11,Becas Nutrirse,Becas Nutrirse Vianda,False,canceled,2026-08-11 09:44:12.180000-03:00,2026-08-11 10:46:14.867000-03:00,,False,
G-02307,generado_ia,2026-08-11,Becas Nutrirse,Becas Nutrirse Vianda,False,canceled,2026-08-11 09:45:21.302000-03:00,2026-08-11 10:01:46.598000-03:00,,False,
G-02308,generado_ia,2026-08-11,Personal,Docente,False,no_show,2026-08-11 09:50:38.468000-03:00,,,False,
G-02309,generado_ia,2026-08-11,Personal,Nodocente,False,canceled,2026-08-11 09:51:55.650000-03:00,2026-08-11 10:07:36.412000-03:00,,False,
G-02310,generado_ia,2026-08-11,Becas personal,Becas Docentes,False,no_show,2026-08-11 09:54:50.860000-03:00,,,False,
G-02311,generado_ia,2026-08-11,Becas personal,Becas Docentes,False,no_show,2026-08-11 09:55:25.232000-03:00,,,False,
G-02312,generado_ia,2026-08-11,Becas personal,Becas Nodocentes,False,canceled,2026-08-11 09:57:33.915000-03:00,2026-08-11 10:16:52.063000-03:00,,False,
G-02313,generado_ia,2026-08-11,Becas Nutrirse,Becas Nutrirse Vianda,False,canceled,2026-08-11 09:59:40.976000-03:00,2026-08-11 10:09:07.733000-03:00,,False,
G-02314,generado_ia,2026-08-11,Becas Nutrirse,Becas Nutrirse Vianda,False,no_show,2026-08-11 10:01:47.212000-03:00,,,False,
G-02315,generado_ia,2026-08-11,Estudiantes,Estudiante de Grado,False,no_show,2026-08-11 10:04:20.095000-03:00,,,False,
G-02316,generado_ia,2026-08-11,Becas Nutrirse,Becas Nutrirse Vianda,False,no_show,2026-08-11 10:06:58.170000-03:00,,,False,
G-02317,generado_ia,2026-08-11,Becas Nutrirse,Becas Nutrirse Vianda,False,canceled,2026-08-11 10:14:42.644000-03:00,2026-08-11 10:26:36.365000-03:00,,False,
G-02318,generado_ia,2026-08-11,Becas Nutrirse,Becas Nutrirse Vianda,False,no_show,2026-08-11 10:26:34.782000-03:00,,,False,
G-02319,generado_ia,2026-08-11,Estudiantes,Estudiante de Grado,False,no_show,2026-08-11 10:39:35.891000-03:00,,,False,
G-02320,generado_ia,2026-08-11,Estudiantes,Estudiante de Grado,False,no_show,2026-08-11 10:44:18.144000-03:00,,,False,
G-02321,generado_ia,2026-08-11,Estudiantes,Estudiante de Grado,False,no_show,2026-08-11 10:55:33.041000-03:00,,,False,
G-02322,generado_ia,2026-08-11,Becas personal,Becas Nodocentes,False,canceled,2026-08-11 10:58:48.782000-03:00,2026-08-11 10:59:11.786000-03:00,,False,
G-02323,generado_ia,2026-08-13,Estudiantes,Estudiante de Grado,False,no_show,2026-08-13 08:00:02.266000-03:00,,,False,
G-02324,generado_ia,2026-08-13,Estudiantes,Estudiante de Grado,False,canceled,2026-08-13 08:00:05.679000-03:00,2026-08-13 09:13:50.121000-03:00,,False,
G-02325,generado_ia,2026-08-13,Estudiantes,Estudiante de Grado,False,no_show,2026-08-13 08:00:19.037000-03:00,,,False,
G-02326,generado_ia,2026-08-13,Estudiantes,Estudiante de Grado,False,no_show,2026-08-13 08:00:28.705000-03:00,,,False,
G-02327,generado_ia,2026-08-13,Estudiantes,Estudiante de Grado,False,no_show,2026-08-13 08:00:29.292000-03:00,,,False,
G-02328,generado_ia,2026-08-13,Estudiantes,Estudiante de Grado,False,no_show,2026-08-13 08:00:39.661000-03:00,,,False,
G-02329,generado_ia,2026-08-13,Estudiantes,Estudiante de Grado,False,no_show,2026-08-13 08:00:43.431000-03:00,,,False,
G-02330,generado_ia,2026-08-13,Estudiantes,Estudiante de Grado,False,canceled,2026-08-13 08:00:49.126000-03:00,2026-08-13 10:01:17.528000-03:00,,False,
G-02331,generado_ia,2026-08-13,Estudiantes,Estudiante de Grado,False,no_show,2026-08-13 08:00:51.820000-03:00,,,False,
G-02332,generado_ia,2026-08-13,Estudiantes,Estudiante de Grado,False,no_show,2026-08-13 08:00:55.089000-03:00,,,False,
G-02333,generado_ia,2026-08-13,Estudiantes,Estudiante de Grado,False,canceled,2026-08-13 08:00:57.833000-03:00,2026-08-13 10:30:44.890000-03:00,,False,
G-02334,generado_ia,2026-08-13,Estudiantes,Estudiante de Grado,False,canceled,2026-08-13 08:00:59.408000-03:00,2026-08-13 09:57:54.357000-03:00,,False,
G-02335,generado_ia,2026-08-13,Becas Nutrirse,Becas Nutrirse Vianda,False,no_show,2026-08-13 08:01:01.688000-03:00,,,False,
G-02336,generado_ia,2026-08-13,Estudiantes,Estudiante de Grado,False,no_show,2026-08-13 08:01:01.793000-03:00,,,False,
G-02337,generado_ia,2026-08-13,Estudiantes,Estudiante de Grado,False,no_show,2026-08-13 08:01:02.575000-03:00,,,False,
G-02338,generado_ia,2026-08-13,Estudiantes,Estudiante de Grado,False,canceled,2026-08-13 08:01:17.284000-03:00,2026-08-13 09:25:20.078000-03:00,,False,
G-02339,generado_ia,2026-08-13,Estudiantes,Estudiante de Grado,False,canceled,2026-08-13 08:01:17.309000-03:00,2026-08-13 08:35:29.540000-03:00,,False,
G-02340,generado_ia,2026-08-13,Estudiantes,Estudiante de Grado,False,no_show,2026-08-13 08:01:24.522000-03:00,,,False,
G-02341,generado_ia,2026-08-13,Estudiantes,Estudiante de Grado,False,no_show,2026-08-13 08:01:38.302000-03:00,,,False,
G-02342,generado_ia,2026-08-13,Becas Nutrirse,Becas Nutrirse Vianda,False,no_show,2026-08-13 08:01:41.152000-03:00,,,False,
G-02343,generado_ia,2026-08-13,Becas Nutrirse,Becas Nutrirse Vianda,False,no_show,2026-08-13 08:02:17.316000-03:00,,,False,
G-02344,generado_ia,2026-08-13,Estudiantes,Estudiante de Grado,False,canceled,2026-08-13 08:02:38.612000-03:00,2026-08-13 08:54:20.609000-03:00,,False,
G-02345,generado_ia,2026-08-13,Estudiantes,Estudiante de Grado,False,no_show,2026-08-13 08:02:39.875000-03:00,,,False,
G-02346,generado_ia,2026-08-13,Estudiantes,Estudiante de Grado,False,no_show,2026-08-13 08:02:41.922000-03:00,,,False,
G-02347,generado_ia,2026-08-13,Estudiantes,Estudiante de Grado,False,no_show,2026-08-13 08:02:52.973000-03:00,,,False,
G-02348,generado_ia,2026-08-13,Estudiantes,Estudiante de Grado,False,no_show,2026-08-13 08:03:06.806000-03:00,,,False,
G-02349,generado_ia,2026-08-13,Estudiantes,Estudiante de Grado,False,no_show,2026-08-13 08:03:08.138000-03:00,,,False,
G-02350,generado_ia,2026-08-13,Becas Nutrirse,Becas Nutrirse Vianda,False,no_show,2026-08-13 08:03:16.888000-03:00,,,False,
G-02351,generado_ia,2026-08-13,Estudiantes,Estudiante de Grado,False,no_show,2026-08-13 08:03:19.415000-03:00,,,False,
G-02352,generado_ia,2026-08-13,Estudiantes,Estudiante de Grado,False,no_show,2026-08-13 08:03:45.174000-03:00,,,False,
G-02353,generado_ia,2026-08-13,Estudiantes,Estudiante de Grado,False,canceled,2026-08-13 08:04:12.247000-03:00,2026-08-13 10:59:55.515000-03:00,,False,
G-02354,generado_ia,2026-08-13,Estudiantes,Estudiante de Grado,False,no_show,2026-08-13 08:04:23.767000-03:00,,,False,
G-02355,generado_ia,2026-08-13,Becas Nutrirse,Becas Nutrirse Vianda,False,canceled,2026-08-13 08:04:24.067000-03:00,2026-08-13 10:23:31.369000-03:00,,False,
G-02356,generado_ia,2026-08-13,Estudiantes,Estudiante de Grado,False,no_show,2026-08-13 08:04:40.299000-03:00,,,False,
G-02357,generado_ia,2026-08-13,Estudiantes,Estudiante de Grado,False,canceled,2026-08-13 08:04:40.562000-03:00,2026-08-13 10:32:21.184000-03:00,,False,
G-02358,generado_ia,2026-08-13,Estudiantes,Estudiante de Grado,False,no_show,2026-08-13 08:05:27.965000-03:00,,,False,
G-02359,generado_ia,2026-08-13,Becas Nutrirse,Becas Nutrirse Vianda,False,no_show,2026-08-13 08:05:39.255000-03:00,,,False,
G-02360,generado_ia,2026-08-13,Becas Nutrirse,Becas Nutrirse Vianda,False,no_show,2026-08-13 08:05:41.094000-03:00,,,False,
G-02361,generado_ia,2026-08-13,Estudiantes,Estudiante de Grado,False,canceled,2026-08-13 08:05:55.760000-03:00,2026-08-13 08:51:38.246000-03:00,,False,
G-02362,generado_ia,2026-08-13,Estudiantes,Estudiante de Grado,False,no_show,2026-08-13 08:06:02.076000-03:00,,,False,
G-02363,generado_ia,2026-08-13,Estudiantes,Estudiante de Grado,False,no_show,2026-08-13 08:06:21.263000-03:00,,,False,
G-02364,generado_ia,2026-08-13,Becas Nutrirse,Becas Nutrirse Vianda,False,no_show,2026-08-13 08:06:22.952000-03:00,,,False,
G-02365,generado_ia,2026-08-13,Estudiantes,Estudiante de Grado,False,no_show,2026-08-13 08:06:32.592000-03:00,,,False,
G-02366,generado_ia,2026-08-13,Estudiantes,Estudiante de Grado,False,canceled,2026-08-13 08:06:37.996000-03:00,2026-08-13 08:28:03.771000-03:00,,False,
G-02367,generado_ia,2026-08-13,Estudiantes,Estudiante de Grado,False,no_show,2026-08-13 08:07:18.031000-03:00,,,False,
G-02368,generado_ia,2026-08-13,Personal,Nodocente,False,no_show,2026-08-13 08:07:30.435000-03:00,,,False,
G-02369,generado_ia,2026-08-13,Estudiantes,Estudiante de Grado,False,canceled,2026-08-13 08:08:19.628000-03:00,2026-08-13 08:50:18.291000-03:00,,False,
G-02370,generado_ia,2026-08-13,Estudiantes,Estudiante de Grado,False,no_show,2026-08-13 08:08:21.609000-03:00,,,False,
G-02371,generado_ia,2026-08-13,Estudiantes,Estudiante de Grado sin TACC,True,canceled,2026-08-13 08:08:25.375000-03:00,2026-08-13 08:38:11.160000-03:00,,False,
G-02372,generado_ia,2026-08-13,Estudiantes,Estudiante de Grado,False,no_show,2026-08-13 08:08:54-03:00,,,False,
G-02373,generado_ia,2026-08-13,Estudiantes,Estudiante de Grado,False,no_show,2026-08-13 08:08:56.587000-03:00,,,False,
G-02374,generado_ia,2026-08-13,Estudiantes,Estudiante de Grado,False,no_show,2026-08-13 08:09:12.285000-03:00,,,False,
G-02375,generado_ia,2026-08-13,Estudiantes,Estudiante de Grado,False,canceled,2026-08-13 08:09:40.940000-03:00,2026-08-13 09:17:43.286000-03:00,,False,
G-02376,generado_ia,2026-08-13,Estudiantes,Estudiante de Grado,False,no_show,2026-08-13 08:09:46.053000-03:00,,,False,
G-02377,generado_ia,2026-08-13,Estudiantes,Estudiante de Grado,False,no_show,2026-08-13 08:09:53.350000-03:00,,,False,
G-02378,generado_ia,2026-08-13,Estudiantes,Estudiante de Grado,False,no_show,2026-08-13 08:10:04.349000-03:00,,,False,
G-02379,generado_ia,2026-08-13,Estudiantes,Estudiante de Grado,False,canceled,2026-08-13 08:10:05.734000-03:00,2026-08-13 09:07:39.931000-03:00,,False,
G-02380,generado_ia,2026-08-13,Estudiantes,Estudiante de Grado,False,canceled,2026-08-13 08:10:08.224000-03:00,2026-08-13 08:17:36.130000-03:00,,False,
G-02381,generado_ia,2026-08-13,Estudiantes,Estudiante de Grado,False,no_show,2026-08-13 08:11:15.874000-03:00,,,False,
G-02382,generado_ia,2026-08-13,Estudiantes,Estudiante de Grado,False,no_show,2026-08-13 08:11:53.606000-03:00,,,False,
G-02383,generado_ia,2026-08-13,Estudiantes,Estudiante de Grado,False,no_show,2026-08-13 08:12:15.834000-03:00,,,False,
G-02384,generado_ia,2026-08-13,Estudiantes,Estudiante de Grado,False,canceled,2026-08-13 08:14:11.802000-03:00,2026-08-13 10:15:37.589000-03:00,,False,
G-02385,generado_ia,2026-08-13,Estudiantes,Estudiante de Grado,False,no_show,2026-08-13 08:15:16.200000-03:00,,,False,
G-02386,generado_ia,2026-08-13,Estudiantes,Estudiante de Grado,False,no_show,2026-08-13 08:16:24.190000-03:00,,,False,
G-02387,generado_ia,2026-08-13,Estudiantes,Estudiante de Grado,False,no_show,2026-08-13 08:17:22.921000-03:00,,,False,
G-02388,generado_ia,2026-08-13,Estudiantes,Estudiante de Grado,False,canceled,2026-08-13 08:17:28.313000-03:00,2026-08-13 09:44:11.217000-03:00,,False,
G-02389,generado_ia,2026-08-13,Estudiantes,Estudiante de Grado,False,no_show,2026-08-13 08:17:45.691000-03:00,,,False,
G-02390,generado_ia,2026-08-13,Estudiantes,Estudiante de Grado,False,no_show,2026-08-13 08:17:46.831000-03:00,,,False,
G-02391,generado_ia,2026-08-13,Estudiantes,Estudiante de Grado,False,canceled,2026-08-13 08:19:04.043000-03:00,2026-08-13 09:43:04.919000-03:00,,False,
G-02392,generado_ia,2026-08-13,Becas personal,Becas Nodocentes,False,no_show,2026-08-13 08:19:04.257000-03:00,,,False,
G-02393,generado_ia,2026-08-13,Estudiantes,Estudiante de Grado,False,no_show,2026-08-13 08:19:13.212000-03:00,,,False,
G-02394,generado_ia,2026-08-13,Becas personal,Becas Nodocentes,False,no_show,2026-08-13 08:19:29.267000-03:00,,,False,
G-02395,generado_ia,2026-08-13,Estudiantes,Estudiante de Grado,False,canceled,2026-08-13 08:20:04.800000-03:00,2026-08-13 08:48:57.693000-03:00,,False,
G-02396,generado_ia,2026-08-13,Estudiantes,Estudiante de Grado,False,no_show,2026-08-13 08:20:12.779000-03:00,,,False,
G-02397,generado_ia,2026-08-13,Estudiantes,Estudiante de Grado,False,no_show,2026-08-13 08:20:16.934000-03:00,,,False,
G-02398,generado_ia,2026-08-13,Estudiantes,Estudiante de Grado,False,no_show,2026-08-13 08:20:27.646000-03:00,,,False,
G-02399,generado_ia,2026-08-13,Estudiantes,Estudiante de Grado,False,no_show,2026-08-13 08:20:35.659000-03:00,,,False,
G-02400,generado_ia,2026-08-13,Estudiantes,Estudiante de Grado,False,canceled,2026-08-13 08:20:35.839000-03:00,2026-08-13 09:25:47.240000-03:00,,False,
G-02401,generado_ia,2026-08-13,Becas Nutrirse,Becas Nutrirse Vianda,False,no_show,2026-08-13 08:21:35.706000-03:00,,,False,
G-02402,generado_ia,2026-08-13,Estudiantes,Estudiante de Grado,False,no_show,2026-08-13 08:22:03.454000-03:00,,,False,
G-02403,generado_ia,2026-08-13,Becas Nutrirse,Becas Nutrirse Vianda,False,no_show,2026-08-13 08:22:06.075000-03:00,,,False,
G-02404,generado_ia,2026-08-13,Estudiantes,Estudiante de Grado,False,no_show,2026-08-13 08:22:53.478000-03:00,,,False,
G-02405,generado_ia,2026-08-13,Estudiantes,Estudiante de Grado,False,no_show,2026-08-13 08:23:17.751000-03:00,,,False,
G-02406,generado_ia,2026-08-13,Becas Nutrirse,Becas Nutrirse Vianda,False,canceled,2026-08-13 08:24:19.681000-03:00,2026-08-13 09:43:30.071000-03:00,,False,
G-02407,generado_ia,2026-08-13,Estudiantes,Estudiante de Grado,False,no_show,2026-08-13 08:24:34.926000-03:00,,,False,
G-02408,generado_ia,2026-08-13,Estudiantes,Estudiante de Grado,False,no_show,2026-08-13 08:25:33.178000-03:00,,,False,
G-02409,generado_ia,2026-08-13,Becas Nutrirse,Becas Nutrirse Vianda,False,no_show,2026-08-13 08:28:11.098000-03:00,,,False,
G-02410,generado_ia,2026-08-13,Estudiantes,Estudiante de Grado,False,no_show,2026-08-13 08:28:24.641000-03:00,,,False,
G-02411,generado_ia,2026-08-13,Estudiantes,Estudiante de Grado,False,no_show,2026-08-13 08:28:26.408000-03:00,,,False,
G-02412,generado_ia,2026-08-13,Estudiantes,Estudiante de Grado,False,canceled,2026-08-13 08:28:54.777000-03:00,2026-08-13 09:38:03.819000-03:00,,False,
G-02413,generado_ia,2026-08-13,Estudiantes,Estudiante de Grado,False,canceled,2026-08-13 08:29:31.951000-03:00,2026-08-13 10:07:22.666000-03:00,,False,
G-02414,generado_ia,2026-08-13,Estudiantes,Estudiante de Grado,False,canceled,2026-08-13 08:29:47.066000-03:00,2026-08-13 09:14:27.399000-03:00,,False,
G-02415,generado_ia,2026-08-13,Estudiantes,Estudiante de Grado,False,no_show,2026-08-13 08:30:22.781000-03:00,,,False,
G-02416,generado_ia,2026-08-13,Estudiantes,Estudiante de Grado,False,no_show,2026-08-13 08:31:33.212000-03:00,,,False,
G-02417,generado_ia,2026-08-13,Becas personal,Becas Docentes,False,canceled,2026-08-13 08:31:50.868000-03:00,2026-08-13 10:19:34.156000-03:00,,False,
G-02418,generado_ia,2026-08-13,Estudiantes,Estudiante de Grado,False,no_show,2026-08-13 08:32:36.248000-03:00,,,False,
G-02419,generado_ia,2026-08-13,Estudiantes,Estudiante de Grado,False,no_show,2026-08-13 08:32:43.681000-03:00,,,False,
G-02420,generado_ia,2026-08-13,Estudiantes,Estudiante de Grado,False,no_show,2026-08-13 08:32:48.732000-03:00,,,False,
G-02421,generado_ia,2026-08-13,Estudiantes,Estudiante de Grado,False,no_show,2026-08-13 08:34:07.958000-03:00,,,False,
G-02422,generado_ia,2026-08-13,Estudiantes,Estudiante de Grado,False,no_show,2026-08-13 08:34:18.753000-03:00,,,False,
G-02423,generado_ia,2026-08-13,Estudiantes,Estudiante de Grado,False,canceled,2026-08-13 08:34:28.891000-03:00,2026-08-13 10:30:46.125000-03:00,,False,
G-02424,generado_ia,2026-08-13,Becas Nutrirse,Becas Nutrirse Vianda,False,canceled,2026-08-13 08:34:32.573000-03:00,2026-08-13 10:18:46.271000-03:00,,False,
G-02425,generado_ia,2026-08-13,Estudiantes,Estudiante de Grado,False,no_show,2026-08-13 08:34:56.490000-03:00,,,False,
G-02426,generado_ia,2026-08-13,Estudiantes,Estudiante de Grado,False,no_show,2026-08-13 08:34:59.611000-03:00,,,False,
G-02427,generado_ia,2026-08-13,Estudiantes,Estudiante de Grado,False,no_show,2026-08-13 08:35:07.389000-03:00,,,False,
G-02428,generado_ia,2026-08-13,Estudiantes,Estudiante de Grado,False,no_show,2026-08-13 08:35:32.460000-03:00,,,False,
G-02429,generado_ia,2026-08-13,Estudiantes,Estudiante de Grado,False,no_show,2026-08-13 08:35:32.936000-03:00,,,False,
G-02430,generado_ia,2026-08-13,Becas Nutrirse,Becas Nutrirse Vianda,False,canceled,2026-08-13 08:36:01.505000-03:00,2026-08-13 10:03:33.592000-03:00,,False,
G-02431,generado_ia,2026-08-13,Becas Nutrirse,Becas Nutrirse Vianda,False,no_show,2026-08-13 08:37:15.363000-03:00,,,False,
G-02432,generado_ia,2026-08-13,Estudiantes,Estudiante de Grado,False,no_show,2026-08-13 08:38:37.869000-03:00,,,False,
G-02433,generado_ia,2026-08-13,Estudiantes,Estudiante de Grado,False,no_show,2026-08-13 08:39:56.423000-03:00,,,False,
G-02434,generado_ia,2026-08-13,Estudiantes,Estudiante de Grado,False,no_show,2026-08-13 08:40:24.513000-03:00,,,False,
G-02435,generado_ia,2026-08-13,Estudiantes,Estudiante de Grado,False,no_show,2026-08-13 08:41:27.208000-03:00,,,False,
G-02436,generado_ia,2026-08-13,Estudiantes,Estudiante de Grado,False,no_show,2026-08-13 08:43:24.083000-03:00,,,False,
G-02437,generado_ia,2026-08-13,Estudiantes,Estudiante de Grado,False,canceled,2026-08-13 08:44:21.907000-03:00,2026-08-13 09:22:46.060000-03:00,,False,
G-02438,generado_ia,2026-08-13,Estudiantes,Estudiante de Grado,False,no_show,2026-08-13 08:46:10.445000-03:00,,,False,
G-02439,generado_ia,2026-08-13,Estudiantes,Estudiante de Grado,False,no_show,2026-08-13 08:46:21.824000-03:00,,,False,
G-02440,generado_ia,2026-08-13,Personal,Docente,False,no_show,2026-08-13 08:46:37.364000-03:00,,,False,
G-02441,generado_ia,2026-08-13,Estudiantes,Estudiante de Grado,False,no_show,2026-08-13 08:47:23.915000-03:00,,,False,
G-02442,generado_ia,2026-08-13,Estudiantes,Estudiante de Grado,False,canceled,2026-08-13 08:48:09.053000-03:00,2026-08-13 09:01:08.868000-03:00,,False,
G-02443,generado_ia,2026-08-13,Becas personal,Becas Nodocentes,False,canceled,2026-08-13 08:49:39.609000-03:00,2026-08-13 10:42:14.321000-03:00,,False,
G-02444,generado_ia,2026-08-13,Estudiantes,Estudiante de Grado,False,no_show,2026-08-13 08:50:15.687000-03:00,,,False,
G-02445,generado_ia,2026-08-13,Estudiantes,Estudiante de Grado,False,canceled,2026-08-13 08:51:00.551000-03:00,2026-08-13 10:42:50.133000-03:00,,False,
G-02446,generado_ia,2026-08-13,Becas personal,Becas Nodocentes,False,canceled,2026-08-13 08:51:22.477000-03:00,2026-08-13 09:01:10.964000-03:00,,False,
G-02447,generado_ia,2026-08-13,Estudiantes,Estudiante de Grado,False,no_show,2026-08-13 08:52:24.240000-03:00,,,False,
G-02448,generado_ia,2026-08-13,Estudiantes,Estudiante de Grado,False,no_show,2026-08-13 08:53:12.800000-03:00,,,False,
G-02449,generado_ia,2026-08-13,Estudiantes,Estudiante de Grado,False,no_show,2026-08-13 08:53:29.030000-03:00,,,False,
G-02450,generado_ia,2026-08-13,Estudiantes,Estudiante de Grado,False,canceled,2026-08-13 08:53:54.691000-03:00,2026-08-13 10:18:53.116000-03:00,,False,
G-02451,generado_ia,2026-08-13,Estudiantes,Estudiante de Grado,False,canceled,2026-08-13 08:54:42.439000-03:00,2026-08-13 09:46:46.664000-03:00,,False,
G-02452,generado_ia,2026-08-13,Becas personal,Becas Nodocentes,False,no_show,2026-08-13 08:54:52.030000-03:00,,,False,
G-02453,generado_ia,2026-08-13,Estudiantes,Estudiante de Grado,False,no_show,2026-08-13 08:56:13.415000-03:00,,,False,
G-02454,generado_ia,2026-08-13,Becas Nutrirse,Becas Nutrirse Vianda,False,no_show,2026-08-13 08:56:58.118000-03:00,,,False,
G-02455,generado_ia,2026-08-13,Becas Nutrirse,Becas Nutrirse Vianda,False,no_show,2026-08-13 08:58:25.810000-03:00,,,False,
G-02456,generado_ia,2026-08-13,Estudiantes,Estudiante de Grado,False,no_show,2026-08-13 08:58:27.459000-03:00,,,False,
G-02457,generado_ia,2026-08-13,Estudiantes,Estudiante de Grado,False,canceled,2026-08-13 08:59:10.521000-03:00,2026-08-13 09:39:21.894000-03:00,,False,
G-02458,generado_ia,2026-08-13,Becas Nutrirse,Becas Nutrirse Vianda,False,no_show,2026-08-13 09:00:36.152000-03:00,,,False,
G-02459,generado_ia,2026-08-13,Estudiantes,Estudiante de Grado,False,no_show,2026-08-13 09:00:56.068000-03:00,,,False,
G-02460,generado_ia,2026-08-13,Estudiantes,Estudiante de Grado,False,no_show,2026-08-13 09:02:12.458000-03:00,,,False,
G-02461,generado_ia,2026-08-13,Estudiantes,Estudiante de Grado sin TACC,True,canceled,2026-08-13 09:04:13.739000-03:00,2026-08-13 10:16:50.732000-03:00,,False,
G-02462,generado_ia,2026-08-13,Estudiantes,Estudiante de Grado,False,no_show,2026-08-13 09:04:49.908000-03:00,,,False,
G-02463,generado_ia,2026-08-13,Personal,Nodocente,False,no_show,2026-08-13 09:06:26.569000-03:00,,,False,
G-02464,generado_ia,2026-08-13,Estudiantes,Estudiante de Grado,False,no_show,2026-08-13 09:06:29.293000-03:00,,,False,
G-02465,generado_ia,2026-08-13,Estudiantes,Estudiante de Grado,False,no_show,2026-08-13 09:07:08.087000-03:00,,,False,
G-02466,generado_ia,2026-08-13,Estudiantes,Estudiante de Grado,False,canceled,2026-08-13 09:10:16.302000-03:00,2026-08-13 09:22:50.978000-03:00,,False,
G-02467,generado_ia,2026-08-13,Estudiantes,Estudiante de Grado,False,no_show,2026-08-13 09:11:10.981000-03:00,,,False,
G-02468,generado_ia,2026-08-13,Estudiantes,Estudiante de Grado,False,no_show,2026-08-13 09:11:26.983000-03:00,,,False,
G-02469,generado_ia,2026-08-13,Becas personal,Becas Nodocentes,False,no_show,2026-08-13 09:12:48.104000-03:00,,,False,
G-02470,generado_ia,2026-08-13,Becas Nutrirse,Becas Nutrirse Vianda,False,canceled,2026-08-13 09:17:17.280000-03:00,2026-08-13 09:53:23.041000-03:00,,False,
G-02471,generado_ia,2026-08-13,Becas Nutrirse,Becas Nutrirse Vianda,False,canceled,2026-08-13 09:18:47.661000-03:00,2026-08-13 09:39:16.622000-03:00,,False,
G-02472,generado_ia,2026-08-13,Becas personal,Becas Nodocentes,False,canceled,2026-08-13 09:28:17.457000-03:00,2026-08-13 10:09:43.013000-03:00,,False,
G-02473,generado_ia,2026-08-13,Becas Nutrirse,Becas Nutrirse Vianda,False,no_show,2026-08-13 09:29:04.815000-03:00,,,False,
G-02474,generado_ia,2026-08-13,Becas Nutrirse,Becas Nutrirse Vianda,False,no_show,2026-08-13 09:31:29.359000-03:00,,,False,
G-02475,generado_ia,2026-08-13,Becas personal,Becas Nodocentes,False,canceled,2026-08-13 09:31:54.659000-03:00,2026-08-13 10:01:27.444000-03:00,,False,
G-02476,generado_ia,2026-08-13,Becas Nutrirse,Becas Nutrirse Vianda,False,no_show,2026-08-13 09:37:36.802000-03:00,,,False,
G-02477,generado_ia,2026-08-13,Becas Nutrirse,Becas Nutrirse Vianda,False,canceled,2026-08-13 09:41:48.878000-03:00,2026-08-13 10:27:18.341000-03:00,,False,
G-02478,generado_ia,2026-08-13,Becas personal,Becas Nodocentes,False,no_show,2026-08-13 09:51:13.769000-03:00,,,False,
G-02479,generado_ia,2026-08-13,Becas Nutrirse,Becas Nutrirse Vianda,False,canceled,2026-08-13 09:54:34.189000-03:00,2026-08-13 10:24:38.081000-03:00,,False,
G-02480,generado_ia,2026-08-13,Becas Nutrirse,Becas Nutrirse Vianda,False,no_show,2026-08-13 09:55:05.289000-03:00,,,False,
G-02481,generado_ia,2026-08-13,Becas Nutrirse,Becas Nutrirse Vianda,False,no_show,2026-08-13 09:57:38.182000-03:00,,,False,
G-02482,generado_ia,2026-08-13,Estudiantes,Estudiante de Grado,False,canceled,2026-08-13 09:59:06.451000-03:00,2026-08-13 10:15:17.427000-03:00,,False,
G-02483,generado_ia,2026-08-13,Becas Nutrirse,Becas Nutrirse Vianda,False,canceled,2026-08-13 10:01:28.577000-03:00,2026-08-13 10:23:57.028000-03:00,,False,
G-02484,generado_ia,2026-08-13,Becas Nutrirse,Becas Nutrirse Vianda,False,canceled,2026-08-13 10:02:30.380000-03:00,2026-08-13 10:05:21.536000-03:00,,False,
G-02485,generado_ia,2026-08-13,Becas Nutrirse,Becas Nutrirse Vianda,False,canceled,2026-08-13 10:02:39.176000-03:00,2026-08-13 10:04:56.301000-03:00,,False,
G-02486,generado_ia,2026-08-13,Becas Nutrirse,Becas Nutrirse Vianda,False,no_show,2026-08-13 10:06:36.312000-03:00,,,False,
G-02487,generado_ia,2026-08-13,Becas personal,Becas Nodocentes,False,no_show,2026-08-13 10:07:24.736000-03:00,,,False,
G-02488,generado_ia,2026-08-13,Becas Nutrirse,Becas Nutrirse Vianda,False,no_show,2026-08-13 10:11:06.258000-03:00,,,False,
G-02489,generado_ia,2026-08-13,Becas Nutrirse,Becas Nutrirse Vianda,False,no_show,2026-08-13 10:11:15.104000-03:00,,,False,
G-02490,generado_ia,2026-08-13,Becas Nutrirse,Becas Nutrirse Vianda,False,canceled,2026-08-13 10:14:26.523000-03:00,2026-08-13 10:43:45.416000-03:00,,False,
G-02491,generado_ia,2026-08-13,Becas Nutrirse,Becas Nutrirse Vianda,False,no_show,2026-08-13 10:20:43.050000-03:00,,,False,
G-02492,generado_ia,2026-08-13,Becas Nutrirse,Becas Nutrirse Vianda,False,no_show,2026-08-13 10:32:43.522000-03:00,,,False,
G-02493,generado_ia,2026-08-13,Personal,Nodocente,False,canceled,2026-08-13 10:32:58.060000-03:00,2026-08-13 10:50:51.931000-03:00,,False,
G-02494,generado_ia,2026-08-13,Becas Nutrirse,Becas Nutrirse Vianda,False,no_show,2026-08-13 10:33:49.418000-03:00,,,False,
G-02495,generado_ia,2026-08-13,Becas Nutrirse,Becas Nutrirse Vianda,False,no_show,2026-08-13 10:38:42.027000-03:00,,,False,
G-02496,generado_ia,2026-08-13,Estudiantes,Estudiante de Grado,False,canceled,2026-08-13 10:46:35.048000-03:00,2026-08-13 10:59:36.955000-03:00,,False,
G-02497,generado_ia,2026-08-14,Estudiantes,Estudiante de Grado,False,no_show,2026-08-14 08:00:22.691000-03:00,,,False,
G-02498,generado_ia,2026-08-14,Estudiantes,Estudiante de Grado,False,no_show,2026-08-14 08:00:31.579000-03:00,,,False,
G-02499,generado_ia,2026-08-14,Estudiantes,Estudiante de Grado,False,canceled,2026-08-14 08:00:34.508000-03:00,2026-08-14 09:18:23.185000-03:00,,False,
G-02500,generado_ia,2026-08-14,Becas Nutrirse,Becas Nutrirse Vianda,False,canceled,2026-08-14 08:00:43.400000-03:00,2026-08-14 10:53:53.041000-03:00,,False,
G-02501,generado_ia,2026-08-14,Becas Nutrirse,Becas Nutrirse Vianda,False,canceled,2026-08-14 08:01:01.250000-03:00,2026-08-14 09:35:52.083000-03:00,,False,
G-02502,generado_ia,2026-08-14,Estudiantes,Estudiante de Grado,False,no_show,2026-08-14 08:01:07.432000-03:00,,,False,
G-02503,generado_ia,2026-08-14,Estudiantes,Estudiante de Grado,False,no_show,2026-08-14 08:01:23.027000-03:00,,,False,
G-02504,generado_ia,2026-08-14,Estudiantes,Estudiante de Grado,False,no_show,2026-08-14 08:01:23.831000-03:00,,,False,
G-02505,generado_ia,2026-08-14,Estudiantes,Estudiante de Grado,False,no_show,2026-08-14 08:01:25.850000-03:00,,,False,
G-02506,generado_ia,2026-08-14,Estudiantes,Estudiante de Grado,False,no_show,2026-08-14 08:01:47.538000-03:00,,,False,
G-02507,generado_ia,2026-08-14,Estudiantes,Estudiante de Grado,False,no_show,2026-08-14 08:01:48.173000-03:00,,,False,
G-02508,generado_ia,2026-08-14,Estudiantes,Estudiante de Grado,False,no_show,2026-08-14 08:02:02.299000-03:00,,,False,
G-02509,generado_ia,2026-08-14,Becas Nutrirse,Becas Nutrirse Vianda,False,canceled,2026-08-14 08:02:08.619000-03:00,2026-08-14 08:29:48.902000-03:00,,False,
G-02510,generado_ia,2026-08-14,Estudiantes,Estudiante de Grado,False,no_show,2026-08-14 08:02:12.223000-03:00,,,False,
G-02511,generado_ia,2026-08-14,Estudiantes,Estudiante de Grado,False,no_show,2026-08-14 08:02:12.372000-03:00,,,False,
G-02512,generado_ia,2026-08-14,Becas Nutrirse,Becas Nutrirse Vianda,False,canceled,2026-08-14 08:02:42.359000-03:00,2026-08-14 10:31:38.844000-03:00,,False,
G-02513,generado_ia,2026-08-14,Estudiantes,Estudiante de Grado,False,no_show,2026-08-14 08:03:10.858000-03:00,,,False,
G-02514,generado_ia,2026-08-14,Becas Nutrirse,Becas Nutrirse Vianda,False,no_show,2026-08-14 08:03:59.925000-03:00,,,False,
G-02515,generado_ia,2026-08-14,Becas personal,Becas Nodocentes,False,no_show,2026-08-14 08:04:26.054000-03:00,,,False,
G-02516,generado_ia,2026-08-14,Estudiantes,Estudiante de Grado,False,no_show,2026-08-14 08:04:27.693000-03:00,,,False,
G-02517,generado_ia,2026-08-14,Becas Nutrirse,Becas Nutrirse Vianda,False,canceled,2026-08-14 08:04:34.660000-03:00,2026-08-14 08:15:47.689000-03:00,,False,
G-02518,generado_ia,2026-08-14,Estudiantes,Estudiante de Grado,False,canceled,2026-08-14 08:04:57.103000-03:00,2026-08-14 08:36:45.635000-03:00,,False,
G-02519,generado_ia,2026-08-14,Estudiantes,Estudiante de Grado,False,canceled,2026-08-14 08:05:22.408000-03:00,2026-08-14 10:40:17.342000-03:00,,False,
G-02520,generado_ia,2026-08-14,Estudiantes,Estudiante de Grado,False,no_show,2026-08-14 08:05:23.165000-03:00,,,False,
G-02521,generado_ia,2026-08-14,Estudiantes,Estudiante de Grado,False,no_show,2026-08-14 08:05:33.239000-03:00,,,False,
G-02522,generado_ia,2026-08-14,Estudiantes,Estudiante de Grado,False,no_show,2026-08-14 08:05:49.342000-03:00,,,False,
G-02523,generado_ia,2026-08-14,Estudiantes,Estudiante de Grado,False,canceled,2026-08-14 08:06:01.780000-03:00,2026-08-14 10:11:59.057000-03:00,,False,
G-02524,generado_ia,2026-08-14,Estudiantes,Estudiante de Grado,False,no_show,2026-08-14 08:06:19.558000-03:00,,,False,
G-02525,generado_ia,2026-08-14,Estudiantes,Estudiante de Grado,False,no_show,2026-08-14 08:06:49.788000-03:00,,,False,
G-02526,generado_ia,2026-08-14,Estudiantes,Estudiante de Grado,False,no_show,2026-08-14 08:06:58.345000-03:00,,,False,
G-02527,generado_ia,2026-08-14,Estudiantes,Estudiante de Grado,False,no_show,2026-08-14 08:07:19.811000-03:00,,,False,
G-02528,generado_ia,2026-08-14,Estudiantes,Estudiante de Grado,False,canceled,2026-08-14 08:07:32.156000-03:00,2026-08-14 10:37:21.215000-03:00,,False,
G-02529,generado_ia,2026-08-14,Estudiantes,Estudiante de Grado,False,no_show,2026-08-14 08:08:54.901000-03:00,,,False,
G-02530,generado_ia,2026-08-14,Becas Nutrirse,Becas Nutrirse Vianda,False,canceled,2026-08-14 08:09:31.064000-03:00,2026-08-14 09:23:40.938000-03:00,,False,
G-02531,generado_ia,2026-08-14,Estudiantes,Estudiante de Grado,False,no_show,2026-08-14 08:10:16.080000-03:00,,,False,
G-02532,generado_ia,2026-08-14,Becas Nutrirse,Becas Nutrirse Vianda,False,no_show,2026-08-14 08:10:51.880000-03:00,,,False,
G-02533,generado_ia,2026-08-14,Estudiantes,Estudiante de Grado,False,no_show,2026-08-14 08:10:59.543000-03:00,,,False,
G-02534,generado_ia,2026-08-14,Becas Nutrirse,Becas Nutrirse Vianda,False,no_show,2026-08-14 08:11:20.251000-03:00,,,False,
G-02535,generado_ia,2026-08-14,Estudiantes,Estudiante de Grado,False,no_show,2026-08-14 08:11:30.428000-03:00,,,False,
G-02536,generado_ia,2026-08-14,Personal,Nodocente,False,no_show,2026-08-14 08:11:54.425000-03:00,,,False,
G-02537,generado_ia,2026-08-14,Becas personal,Becas Nodocentes,False,no_show,2026-08-14 08:12:01.367000-03:00,,,False,
G-02538,generado_ia,2026-08-14,Becas Nutrirse,Becas Nutrirse Vianda,False,no_show,2026-08-14 08:12:04.062000-03:00,,,False,
G-02539,generado_ia,2026-08-14,Estudiantes,Estudiante de Grado,False,canceled,2026-08-14 08:12:04.223000-03:00,2026-08-14 10:41:18.885000-03:00,,False,
G-02540,generado_ia,2026-08-14,Estudiantes,Estudiante de Grado,False,no_show,2026-08-14 08:12:41.110000-03:00,,,False,
G-02541,generado_ia,2026-08-14,Becas Nutrirse,Becas Nutrirse Vianda,False,canceled,2026-08-14 08:12:45.816000-03:00,2026-08-14 08:44:34.479000-03:00,,False,
G-02542,generado_ia,2026-08-14,Estudiantes,Estudiante de Grado,False,no_show,2026-08-14 08:13:02.787000-03:00,,,False,
G-02543,generado_ia,2026-08-14,Becas personal,Becas Nodocentes,False,canceled,2026-08-14 08:13:08.605000-03:00,2026-08-14 10:24:44.694000-03:00,,False,
G-02544,generado_ia,2026-08-14,Estudiantes,Estudiante de Grado,False,canceled,2026-08-14 08:14:26.335000-03:00,2026-08-14 10:47:29.979000-03:00,,False,
G-02545,generado_ia,2026-08-14,Estudiantes,Estudiante de Grado,False,no_show,2026-08-14 08:16:40.655000-03:00,,,False,
G-02546,generado_ia,2026-08-14,Estudiantes,Estudiante de Grado,False,no_show,2026-08-14 08:16:47.562000-03:00,,,False,
G-02547,generado_ia,2026-08-14,Becas personal,Becas Nodocentes,False,canceled,2026-08-14 08:17:18.146000-03:00,2026-08-14 08:37:39.696000-03:00,,False,
G-02548,generado_ia,2026-08-14,Becas Nutrirse,Becas Nutrirse Vianda,False,canceled,2026-08-14 08:17:33.777000-03:00,2026-08-14 09:01:39.232000-03:00,,False,
G-02549,generado_ia,2026-08-14,Becas Nutrirse,Becas Nutrirse Vianda,False,no_show,2026-08-14 08:19:00.767000-03:00,,,False,
G-02550,generado_ia,2026-08-14,Becas Nutrirse,Becas Nutrirse Vianda,False,canceled,2026-08-14 08:21:02.016000-03:00,2026-08-14 10:41:01.684000-03:00,,False,
G-02551,generado_ia,2026-08-14,Estudiantes,Estudiante de Grado,False,no_show,2026-08-14 08:22:26.685000-03:00,,,False,
G-02552,generado_ia,2026-08-14,Estudiantes,Estudiante de Grado,False,no_show,2026-08-14 08:22:34.065000-03:00,,,False,
G-02553,generado_ia,2026-08-14,Estudiantes,Estudiante de Grado,False,no_show,2026-08-14 08:22:46.027000-03:00,,,False,
G-02554,generado_ia,2026-08-14,Estudiantes,Estudiante de Grado,False,no_show,2026-08-14 08:23:20.133000-03:00,,,False,
G-02555,generado_ia,2026-08-14,Estudiantes,Estudiante de Grado,False,no_show,2026-08-14 08:23:49.909000-03:00,,,False,
G-02556,generado_ia,2026-08-14,Becas Nutrirse,Becas Nutrirse Vianda,False,no_show,2026-08-14 08:25:37.289000-03:00,,,False,
G-02557,generado_ia,2026-08-14,Personal,Nodocente,False,no_show,2026-08-14 08:25:47.581000-03:00,,,False,
G-02558,generado_ia,2026-08-14,Becas Nutrirse,Becas Nutrirse Vianda,False,canceled,2026-08-14 08:26:57.228000-03:00,2026-08-14 10:39:28.808000-03:00,,False,
G-02559,generado_ia,2026-08-14,Estudiantes,Estudiante de Grado,False,no_show,2026-08-14 08:26:58.886000-03:00,,,False,
G-02560,generado_ia,2026-08-14,Estudiantes,Estudiante de Grado,False,canceled,2026-08-14 08:27:38.373000-03:00,2026-08-14 10:07:51.807000-03:00,,False,
G-02561,generado_ia,2026-08-14,Becas Nutrirse,Becas Nutrirse Vianda,False,no_show,2026-08-14 08:27:39.303000-03:00,,,False,
G-02562,generado_ia,2026-08-14,Estudiantes,Estudiante de Grado,False,canceled,2026-08-14 08:27:54.990000-03:00,2026-08-14 09:00:57.790000-03:00,,False,
G-02563,generado_ia,2026-08-14,Estudiantes,Estudiante de Grado,False,no_show,2026-08-14 08:28:25.562000-03:00,,,False,
G-02564,generado_ia,2026-08-14,Estudiantes,Estudiante de Grado,False,canceled,2026-08-14 08:28:51.183000-03:00,2026-08-14 09:54:01.035000-03:00,,False,
G-02565,generado_ia,2026-08-14,Estudiantes,Estudiante de Grado sin TACC,True,no_show,2026-08-14 08:29:09.080000-03:00,,,False,
G-02566,generado_ia,2026-08-14,Estudiantes,Estudiante de Grado,False,no_show,2026-08-14 08:29:21.337000-03:00,,,False,
G-02567,generado_ia,2026-08-14,Estudiantes,Estudiante de Grado,False,canceled,2026-08-14 08:29:43.631000-03:00,2026-08-14 10:58:33.731000-03:00,,False,
G-02568,generado_ia,2026-08-14,Estudiantes,Estudiante de Grado,False,no_show,2026-08-14 08:31:01.524000-03:00,,,False,
G-02569,generado_ia,2026-08-14,Estudiantes,Estudiante de Grado,False,no_show,2026-08-14 08:31:02.763000-03:00,,,False,
G-02570,generado_ia,2026-08-14,Estudiantes,Estudiante de Grado,False,canceled,2026-08-14 08:31:17.628000-03:00,2026-08-14 09:40:16.665000-03:00,,False,
G-02571,generado_ia,2026-08-14,Estudiantes,Estudiante de Grado,False,canceled,2026-08-14 08:34:06.548000-03:00,2026-08-14 09:38:33.532000-03:00,,False,
G-02572,generado_ia,2026-08-14,Estudiantes,Estudiante de Grado,False,no_show,2026-08-14 08:35:13.598000-03:00,,,False,
G-02573,generado_ia,2026-08-14,Becas Nutrirse,Becas Nutrirse Vianda,False,no_show,2026-08-14 08:35:32.949000-03:00,,,False,
G-02574,generado_ia,2026-08-14,Becas Nutrirse,Becas Nutrirse Vianda,False,canceled,2026-08-14 08:35:44.228000-03:00,2026-08-14 10:28:13.959000-03:00,,False,
G-02575,generado_ia,2026-08-14,Estudiantes,Estudiante de Grado,False,no_show,2026-08-14 08:36:00.187000-03:00,,,False,
G-02576,generado_ia,2026-08-14,Becas personal,Becas Nodocentes,False,no_show,2026-08-14 08:36:10.934000-03:00,,,False,
G-02577,generado_ia,2026-08-14,Estudiantes,Estudiante de Grado,False,canceled,2026-08-14 08:36:37.967000-03:00,2026-08-14 09:35:11.648000-03:00,,False,
G-02578,generado_ia,2026-08-14,Estudiantes,Estudiante de Grado,False,no_show,2026-08-14 08:37:04.234000-03:00,,,False,
G-02579,generado_ia,2026-08-14,Estudiantes,Estudiante de Grado,False,no_show,2026-08-14 08:37:21.166000-03:00,,,False,
G-02580,generado_ia,2026-08-14,Estudiantes,Estudiante de Grado,False,no_show,2026-08-14 08:37:46.085000-03:00,,,False,
G-02581,generado_ia,2026-08-14,Estudiantes,Estudiante de Grado,False,canceled,2026-08-14 08:39:30.744000-03:00,2026-08-14 10:00:40.747000-03:00,,False,
G-02582,generado_ia,2026-08-14,Becas Nutrirse,Becas Nutrirse Vianda,False,no_show,2026-08-14 08:40:01.843000-03:00,,,False,
G-02583,generado_ia,2026-08-14,Estudiantes,Estudiante de Grado,False,no_show,2026-08-14 08:40:04.445000-03:00,,,False,
G-02584,generado_ia,2026-08-14,Becas personal,Becas Nodocentes,False,no_show,2026-08-14 08:41:03.813000-03:00,,,False,
G-02585,generado_ia,2026-08-14,Estudiantes,Estudiante de Grado,False,no_show,2026-08-14 08:41:17.364000-03:00,,,False,
G-02586,generado_ia,2026-08-14,Estudiantes,Estudiante de Grado,False,no_show,2026-08-14 08:42:28.042000-03:00,,,False,
G-02587,generado_ia,2026-08-14,Estudiantes,Estudiante de Grado,False,no_show,2026-08-14 08:42:44.250000-03:00,,,False,
G-02588,generado_ia,2026-08-14,Estudiantes,Estudiante de Grado,False,no_show,2026-08-14 08:43:31.871000-03:00,,,False,
G-02589,generado_ia,2026-08-14,Estudiantes,Estudiante de Grado,False,no_show,2026-08-14 08:43:52.651000-03:00,,,False,
G-02590,generado_ia,2026-08-14,Estudiantes,Estudiante de Grado,False,no_show,2026-08-14 08:44:33.927000-03:00,,,False,
G-02591,generado_ia,2026-08-14,Becas Nutrirse,Becas Nutrirse Vianda,False,canceled,2026-08-14 08:44:38.445000-03:00,2026-08-14 09:51:18.784000-03:00,,False,
G-02592,generado_ia,2026-08-14,Estudiantes,Estudiante de Grado,False,canceled,2026-08-14 08:44:45.510000-03:00,2026-08-14 10:26:08.864000-03:00,,False,
G-02593,generado_ia,2026-08-14,Estudiantes,Estudiante de Grado,False,canceled,2026-08-14 08:44:52.678000-03:00,2026-08-14 09:17:52.083000-03:00,,False,
G-02594,generado_ia,2026-08-14,Becas Nutrirse,Becas Nutrirse Vianda,False,no_show,2026-08-14 08:45:09.718000-03:00,,,False,
G-02595,generado_ia,2026-08-14,Estudiantes,Estudiante de Grado,False,no_show,2026-08-14 08:45:40.528000-03:00,,,False,
G-02596,generado_ia,2026-08-14,Estudiantes,Estudiante de Grado,False,no_show,2026-08-14 08:45:44.068000-03:00,,,False,
G-02597,generado_ia,2026-08-14,Estudiantes,Estudiante de Grado,False,canceled,2026-08-14 08:45:45.951000-03:00,2026-08-14 10:26:03.308000-03:00,,False,
G-02598,generado_ia,2026-08-14,Estudiantes,Estudiante de Grado,False,no_show,2026-08-14 08:46:30.657000-03:00,,,False,
G-02599,generado_ia,2026-08-14,Estudiantes,Estudiante de Grado,False,no_show,2026-08-14 08:47:02.782000-03:00,,,False,
G-02600,generado_ia,2026-08-14,Becas Nutrirse,Becas Nutrirse Vianda,False,canceled,2026-08-14 08:48:11.943000-03:00,2026-08-14 09:16:37.870000-03:00,,False,
G-02601,generado_ia,2026-08-14,Estudiantes,Estudiante de Grado,False,canceled,2026-08-14 08:48:29.008000-03:00,2026-08-14 09:03:03.574000-03:00,,False,
G-02602,generado_ia,2026-08-14,Becas Nutrirse,Becas Nutrirse Vianda,False,no_show,2026-08-14 08:49:29.360000-03:00,,,False,
G-02603,generado_ia,2026-08-14,Becas Nutrirse,Becas Nutrirse Vianda,False,canceled,2026-08-14 08:52:47.639000-03:00,2026-08-14 10:12:15.277000-03:00,,False,
G-02604,generado_ia,2026-08-14,Estudiantes,Estudiante de Grado,False,canceled,2026-08-14 08:53:19.501000-03:00,2026-08-14 10:29:16.848000-03:00,,False,
G-02605,generado_ia,2026-08-14,Estudiantes,Estudiante de Grado,False,no_show,2026-08-14 08:53:19.964000-03:00,,,False,
G-02606,generado_ia,2026-08-14,Becas Nutrirse,Becas Nutrirse Vianda,False,canceled,2026-08-14 08:53:46.432000-03:00,2026-08-14 09:01:55.307000-03:00,,False,
G-02607,generado_ia,2026-08-14,Becas Nutrirse,Becas Nutrirse Vianda,False,canceled,2026-08-14 08:54:38.010000-03:00,2026-08-14 09:16:25.190000-03:00,,False,
G-02608,generado_ia,2026-08-14,Estudiantes,Estudiante de Grado,False,canceled,2026-08-14 08:55:26.015000-03:00,2026-08-14 10:15:42.853000-03:00,,False,
G-02609,generado_ia,2026-08-14,Becas Nutrirse,Becas Nutrirse Vianda,False,canceled,2026-08-14 08:56:26.752000-03:00,2026-08-14 10:49:36.077000-03:00,,False,
G-02610,generado_ia,2026-08-14,Estudiantes,Estudiante de Grado,False,no_show,2026-08-14 08:56:37.827000-03:00,,,False,
G-02611,generado_ia,2026-08-14,Estudiantes,Estudiante de Grado,False,no_show,2026-08-14 08:57:37.901000-03:00,,,False,
G-02612,generado_ia,2026-08-14,Estudiantes,Estudiante de Grado,False,canceled,2026-08-14 08:58:03.112000-03:00,2026-08-14 09:14:35.226000-03:00,,False,
G-02613,generado_ia,2026-08-14,Becas Nutrirse,Becas Nutrirse Vianda,False,canceled,2026-08-14 09:00:00.601000-03:00,2026-08-14 09:25:27.218000-03:00,,False,
G-02614,generado_ia,2026-08-14,Estudiantes,Estudiante de Grado,False,no_show,2026-08-14 09:00:14.314000-03:00,,,False,
G-02615,generado_ia,2026-08-14,Becas Nutrirse,Becas Nutrirse Vianda,False,canceled,2026-08-14 09:00:58.781000-03:00,2026-08-14 10:04:42.041000-03:00,,False,
G-02616,generado_ia,2026-08-14,Estudiantes,Estudiante de Grado,False,no_show,2026-08-14 09:01:27.565000-03:00,,,False,
G-02617,generado_ia,2026-08-14,Estudiantes,Estudiante de Grado,False,no_show,2026-08-14 09:03:40.135000-03:00,,,False,
G-02618,generado_ia,2026-08-14,Estudiantes,Estudiante de Grado,False,no_show,2026-08-14 09:04:39.469000-03:00,,,False,
G-02619,generado_ia,2026-08-14,Estudiantes,Estudiante de Grado,False,no_show,2026-08-14 09:05:15.551000-03:00,,,False,
G-02620,generado_ia,2026-08-14,Estudiantes,Estudiante de Grado,False,no_show,2026-08-14 09:07:11.564000-03:00,,,False,
G-02621,generado_ia,2026-08-14,Estudiantes,Estudiante de Grado,False,no_show,2026-08-14 09:10:30.464000-03:00,,,False,
G-02622,generado_ia,2026-08-14,Becas personal,Becas Nodocentes,False,no_show,2026-08-14 09:13:16.415000-03:00,,,False,
G-02623,generado_ia,2026-08-14,Estudiantes,Estudiante de Grado,False,canceled,2026-08-14 09:13:39.009000-03:00,2026-08-14 10:52:46.004000-03:00,,False,
G-02624,generado_ia,2026-08-14,Becas Nutrirse,Becas Nutrirse Vianda,False,no_show,2026-08-14 09:14:10.793000-03:00,,,False,
G-02625,generado_ia,2026-08-14,Estudiantes,Estudiante de Grado,False,no_show,2026-08-14 09:15:40.715000-03:00,,,False,
G-02626,generado_ia,2026-08-14,Becas personal,Becas Nodocentes,False,no_show,2026-08-14 09:15:49.580000-03:00,,,False,
G-02627,generado_ia,2026-08-14,Becas Nutrirse,Becas Nutrirse Vianda,False,canceled,2026-08-14 09:16:25.351000-03:00,2026-08-14 09:26:30.301000-03:00,,False,
G-02628,generado_ia,2026-08-14,Estudiantes,Estudiante de Grado,False,no_show,2026-08-14 09:17:15.179000-03:00,,,False,
G-02629,generado_ia,2026-08-14,Estudiantes,Estudiante de Grado,False,no_show,2026-08-14 09:18:52.175000-03:00,,,False,
G-02630,generado_ia,2026-08-14,Becas Nutrirse,Becas Nutrirse Vianda,False,no_show,2026-08-14 09:22:38.069000-03:00,,,False,
G-02631,generado_ia,2026-08-14,Estudiantes,Estudiante de Grado,False,no_show,2026-08-14 09:24:46.663000-03:00,,,False,
G-02632,generado_ia,2026-08-14,Estudiantes,Estudiante de Grado,False,canceled,2026-08-14 09:27:19.849000-03:00,2026-08-14 10:13:59.464000-03:00,,False,
G-02633,generado_ia,2026-08-14,Becas Nutrirse,Becas Nutrirse Vianda,False,no_show,2026-08-14 09:27:54.231000-03:00,,,False,
G-02634,generado_ia,2026-08-14,Personal,Nodocente,False,no_show,2026-08-14 09:29:42.834000-03:00,,,False,
G-02635,generado_ia,2026-08-14,Estudiantes,Estudiante de Grado,False,no_show,2026-08-14 09:30:06.622000-03:00,,,False,
G-02636,generado_ia,2026-08-14,Becas Nutrirse,Becas Nutrirse Vianda,False,no_show,2026-08-14 09:30:21.476000-03:00,,,False,
G-02637,generado_ia,2026-08-14,Estudiantes,Estudiante de Grado,False,no_show,2026-08-14 09:31:01.724000-03:00,,,False,
G-02638,generado_ia,2026-08-14,Estudiantes,Estudiante de Grado,False,no_show,2026-08-14 09:31:17.892000-03:00,,,False,
G-02639,generado_ia,2026-08-14,Estudiantes,Estudiante de Grado,False,no_show,2026-08-14 09:31:19.813000-03:00,,,False,
G-02640,generado_ia,2026-08-14,Becas Nutrirse,Becas Nutrirse Vianda,False,no_show,2026-08-14 09:33:20.177000-03:00,,,False,
G-02641,generado_ia,2026-08-14,Becas Nutrirse,Becas Nutrirse Vianda,False,canceled,2026-08-14 09:34:14.996000-03:00,2026-08-14 10:30:59.508000-03:00,,False,
G-02642,generado_ia,2026-08-14,Becas Nutrirse,Becas Nutrirse Vianda,False,no_show,2026-08-14 09:35:09.407000-03:00,,,False,
G-02643,generado_ia,2026-08-14,Estudiantes,Estudiante de Grado,False,no_show,2026-08-14 09:36:14.168000-03:00,,,False,
G-02644,generado_ia,2026-08-14,Becas Nutrirse,Becas Nutrirse Vianda,False,no_show,2026-08-14 09:38:33.725000-03:00,,,False,
G-02645,generado_ia,2026-08-14,Personal,Nodocente,False,no_show,2026-08-14 09:41:34.655000-03:00,,,False,
G-02646,generado_ia,2026-08-14,Estudiantes,Estudiante de Grado,False,canceled,2026-08-14 09:41:54.722000-03:00,2026-08-14 10:03:37.979000-03:00,,False,
G-02647,generado_ia,2026-08-14,Personal,Nodocente,False,canceled,2026-08-14 09:42:04.614000-03:00,2026-08-14 09:56:02.403000-03:00,,False,
G-02648,generado_ia,2026-08-14,Estudiantes,Estudiante de Grado,False,no_show,2026-08-14 09:42:40.517000-03:00,,,False,
G-02649,generado_ia,2026-08-14,Estudiantes,Estudiante de Grado,False,no_show,2026-08-14 09:44:18.161000-03:00,,,False,
G-02650,generado_ia,2026-08-14,Becas Nutrirse,Becas Nutrirse Vianda,False,canceled,2026-08-14 09:49:27.920000-03:00,2026-08-14 10:48:44.407000-03:00,,False,
G-02651,generado_ia,2026-08-14,Estudiantes,Estudiante de Grado,False,no_show,2026-08-14 09:50:13.707000-03:00,,,False,
G-02652,generado_ia,2026-08-14,Becas Nutrirse,Becas Nutrirse Vianda,False,no_show,2026-08-14 09:50:56.606000-03:00,,,False,
G-02653,generado_ia,2026-08-14,Estudiantes,Estudiante de Grado,False,no_show,2026-08-14 09:51:16.736000-03:00,,,False,
G-02654,generado_ia,2026-08-14,Estudiantes,Estudiante de Grado,False,no_show,2026-08-14 09:53:15.339000-03:00,,,False,
G-02655,generado_ia,2026-08-14,Estudiantes,Estudiante de Grado,False,no_show,2026-08-14 09:55:51.577000-03:00,,,False,
G-02656,generado_ia,2026-08-14,Becas Nutrirse,Becas Nutrirse Vianda,False,canceled,2026-08-14 09:58:32.094000-03:00,2026-08-14 10:08:43.433000-03:00,,False,
G-02657,generado_ia,2026-08-14,Becas Nutrirse,Becas Nutrirse Vianda,False,no_show,2026-08-14 10:04:11.852000-03:00,,,False,
G-02658,generado_ia,2026-08-14,Becas Nutrirse,Becas Nutrirse Vianda,False,no_show,2026-08-14 10:28:50.505000-03:00,,,False,
G-02659,generado_ia,2026-08-14,Becas Nutrirse,Becas Nutrirse Vianda,False,no_show,2026-08-14 10:29:49.757000-03:00,,,False,
G-02660,generado_ia,2026-08-14,Estudiantes,Estudiante de Grado,False,canceled,2026-08-14 10:31:53.513000-03:00,2026-08-14 10:52:09.749000-03:00,,False,
G-02661,generado_ia,2026-08-14,Becas Nutrirse,Becas Nutrirse Vianda,False,canceled,2026-08-14 10:33:45.235000-03:00,2026-08-14 10:57:56.289000-03:00,,False,
G-02662,generado_ia,2026-08-14,Becas Nutrirse,Becas Nutrirse Vianda,False,no_show,2026-08-14 10:38:22.726000-03:00,,,False,
G-02663,generado_ia,2026-08-14,Becas Nutrirse,Becas Nutrirse Vianda,False,no_show,2026-08-14 10:51:52.259000-03:00,,,False,
G-02664,generado_ia,2026-08-14,Becas Nutrirse,Becas Nutrirse Vianda,False,no_show,2026-08-14 10:53:12.735000-03:00,,,False,
G-02665,generado_ia,2026-08-14,Becas Nutrirse,Becas Nutrirse Vianda,False,no_show,2026-08-14 10:57:58.982000-03:00,,,False,
G-02666,generado_ia,2026-08-18,Estudiantes,Estudiante de Grado,False,no_show,2026-08-18 08:00:22.243000-03:00,,,False,
G-02667,generado_ia,2026-08-18,Estudiantes,Estudiante de Grado,False,no_show,2026-08-18 08:00:23.706000-03:00,,,False,
G-02668,generado_ia,2026-08-18,Estudiantes,Estudiante de Grado,False,canceled,2026-08-18 08:00:31.926000-03:00,2026-08-18 10:50:06.443000-03:00,,False,
G-02669,generado_ia,2026-08-18,Estudiantes,Estudiante de Grado,False,canceled,2026-08-18 08:00:42.857000-03:00,2026-08-18 09:39:16.591000-03:00,,False,
G-02670,generado_ia,2026-08-18,Estudiantes,Estudiante de Grado,False,no_show,2026-08-18 08:00:49.488000-03:00,,,False,
G-02671,generado_ia,2026-08-18,Estudiantes,Estudiante de Grado,False,canceled,2026-08-18 08:00:55.911000-03:00,2026-08-18 09:32:35.328000-03:00,,False,
G-02672,generado_ia,2026-08-18,Estudiantes,Estudiante de Grado,False,no_show,2026-08-18 08:00:58.613000-03:00,,,False,
G-02673,generado_ia,2026-08-18,Estudiantes,Estudiante de Grado,False,no_show,2026-08-18 08:01:03.260000-03:00,,,False,
G-02674,generado_ia,2026-08-18,Estudiantes,Estudiante de Grado,False,canceled,2026-08-18 08:01:06.125000-03:00,2026-08-18 10:18:23.642000-03:00,,False,
G-02675,generado_ia,2026-08-18,Estudiantes,Estudiante de Grado,False,no_show,2026-08-18 08:01:11.117000-03:00,,,False,
G-02676,generado_ia,2026-08-18,Estudiantes,Estudiante de Grado,False,no_show,2026-08-18 08:01:32.507000-03:00,,,False,
G-02677,generado_ia,2026-08-18,Estudiantes,Estudiante de Grado,False,no_show,2026-08-18 08:01:35.009000-03:00,,,False,
G-02678,generado_ia,2026-08-18,Estudiantes,Estudiante de Grado,False,no_show,2026-08-18 08:01:43.544000-03:00,,,False,
G-02679,generado_ia,2026-08-18,Estudiantes,Estudiante de Grado,False,no_show,2026-08-18 08:01:48.379000-03:00,,,False,
G-02680,generado_ia,2026-08-18,Estudiantes,Estudiante de Grado,False,no_show,2026-08-18 08:01:49.455000-03:00,,,False,
G-02681,generado_ia,2026-08-18,Estudiantes,Estudiante de Grado,False,no_show,2026-08-18 08:02:01.142000-03:00,,,False,
G-02682,generado_ia,2026-08-18,Estudiantes,Estudiante de Grado,False,no_show,2026-08-18 08:02:33.735000-03:00,,,False,
G-02683,generado_ia,2026-08-18,Estudiantes,Estudiante de Grado,False,no_show,2026-08-18 08:02:46.929000-03:00,,,False,
G-02684,generado_ia,2026-08-18,Estudiantes,Estudiante de Grado,False,no_show,2026-08-18 08:03:00.326000-03:00,,,False,
G-02685,generado_ia,2026-08-18,Estudiantes,Estudiante de Grado,False,no_show,2026-08-18 08:03:04.443000-03:00,,,False,
G-02686,generado_ia,2026-08-18,Estudiantes,Estudiante de Grado,False,no_show,2026-08-18 08:03:08.183000-03:00,,,False,
G-02687,generado_ia,2026-08-18,Estudiantes,Estudiante de Grado,False,no_show,2026-08-18 08:03:10.135000-03:00,,,False,
G-02688,generado_ia,2026-08-18,Estudiantes,Estudiante de Grado,False,no_show,2026-08-18 08:03:10.742000-03:00,,,False,
G-02689,generado_ia,2026-08-18,Becas personal,Becas Nodocentes,False,canceled,2026-08-18 08:03:12.321000-03:00,2026-08-18 08:56:00.766000-03:00,,False,
G-02690,generado_ia,2026-08-18,Estudiantes,Estudiante de Grado,False,no_show,2026-08-18 08:03:25.760000-03:00,,,False,
G-02691,generado_ia,2026-08-18,Estudiantes,Estudiante de Grado,False,no_show,2026-08-18 08:03:40.868000-03:00,,,False,
G-02692,generado_ia,2026-08-18,Estudiantes,Estudiante de Grado,False,no_show,2026-08-18 08:03:43.162000-03:00,,,False,
G-02693,generado_ia,2026-08-18,Estudiantes,Estudiante de Grado,False,no_show,2026-08-18 08:03:47.205000-03:00,,,False,
G-02694,generado_ia,2026-08-18,Estudiantes,Estudiante de Grado,False,no_show,2026-08-18 08:03:51.487000-03:00,,,False,
G-02695,generado_ia,2026-08-18,Estudiantes,Estudiante de Grado,False,no_show,2026-08-18 08:03:52.098000-03:00,,,False,
G-02696,generado_ia,2026-08-18,Becas Nutrirse,Becas Nutrirse Vianda,False,no_show,2026-08-18 08:03:52.493000-03:00,,,False,
G-02697,generado_ia,2026-08-18,Estudiantes,Estudiante de Grado,False,canceled,2026-08-18 08:03:56.153000-03:00,2026-08-18 10:59:39.323000-03:00,,False,
G-02698,generado_ia,2026-08-18,Estudiantes,Estudiante de Grado,False,no_show,2026-08-18 08:04:10.813000-03:00,,,False,
G-02699,generado_ia,2026-08-18,Becas Nutrirse,Becas Nutrirse Vianda,False,no_show,2026-08-18 08:04:34.632000-03:00,,,False,
G-02700,generado_ia,2026-08-18,Estudiantes,Estudiante de Grado,False,no_show,2026-08-18 08:05:05.617000-03:00,,,False,
G-02701,generado_ia,2026-08-18,Estudiantes,Estudiante de Grado,False,no_show,2026-08-18 08:05:23.200000-03:00,,,False,
G-02702,generado_ia,2026-08-18,Estudiantes,Estudiante de Grado,False,canceled,2026-08-18 08:05:28.286000-03:00,2026-08-18 10:15:27.686000-03:00,,False,
G-02703,generado_ia,2026-08-18,Estudiantes,Estudiante de Grado,False,canceled,2026-08-18 08:05:38.930000-03:00,2026-08-18 10:20:40.990000-03:00,,False,
G-02704,generado_ia,2026-08-18,Estudiantes,Estudiante de Grado,False,no_show,2026-08-18 08:05:38.999000-03:00,,,False,
G-02705,generado_ia,2026-08-18,Estudiantes,Estudiante de Grado,False,no_show,2026-08-18 08:05:40.196000-03:00,,,False,
G-02706,generado_ia,2026-08-18,Becas Nutrirse,Becas Nutrirse Vianda,False,no_show,2026-08-18 08:05:43.614000-03:00,,,False,
G-02707,generado_ia,2026-08-18,Estudiantes,Estudiante de Grado,False,canceled,2026-08-18 08:05:44.905000-03:00,2026-08-18 10:44:42.936000-03:00,,False,
G-02708,generado_ia,2026-08-18,Estudiantes,Estudiante de Grado,False,no_show,2026-08-18 08:05:51.738000-03:00,,,False,
G-02709,generado_ia,2026-08-18,Becas Nutrirse,Becas Nutrirse Vianda,False,canceled,2026-08-18 08:05:51.850000-03:00,2026-08-18 09:37:45.887000-03:00,,False,
G-02710,generado_ia,2026-08-18,Estudiantes,Estudiante de Grado,False,canceled,2026-08-18 08:06:30.309000-03:00,2026-08-18 09:43:37.908000-03:00,,False,
G-02711,generado_ia,2026-08-18,Estudiantes,Estudiante de Grado,False,no_show,2026-08-18 08:06:37.197000-03:00,,,False,
G-02712,generado_ia,2026-08-18,Estudiantes,Estudiante de Grado,False,canceled,2026-08-18 08:06:42.245000-03:00,2026-08-18 08:49:18.126000-03:00,,False,
G-02713,generado_ia,2026-08-18,Becas personal,Becas Nodocentes,False,canceled,2026-08-18 08:06:50.119000-03:00,2026-08-18 08:48:11.447000-03:00,,False,
G-02714,generado_ia,2026-08-18,Estudiantes,Estudiante de Grado,False,no_show,2026-08-18 08:07:00.924000-03:00,,,False,
G-02715,generado_ia,2026-08-18,Estudiantes,Estudiante de Grado,False,canceled,2026-08-18 08:07:17.656000-03:00,2026-08-18 08:34:47.673000-03:00,,False,
G-02716,generado_ia,2026-08-18,Estudiantes,Estudiante de Grado,False,no_show,2026-08-18 08:07:24.017000-03:00,,,False,
G-02717,generado_ia,2026-08-18,Estudiantes,Estudiante de Grado,False,no_show,2026-08-18 08:07:52.351000-03:00,,,False,
G-02718,generado_ia,2026-08-18,Estudiantes,Estudiante de Grado,False,no_show,2026-08-18 08:08:56.264000-03:00,,,False,
G-02719,generado_ia,2026-08-18,Estudiantes,Estudiante de Grado,False,canceled,2026-08-18 08:09:08.551000-03:00,2026-08-18 09:40:26.948000-03:00,,False,
G-02720,generado_ia,2026-08-18,Estudiantes,Estudiante de Grado,False,no_show,2026-08-18 08:09:28.345000-03:00,,,False,
G-02721,generado_ia,2026-08-18,Estudiantes,Estudiante de Grado,False,canceled,2026-08-18 08:09:40.650000-03:00,2026-08-18 10:45:11.530000-03:00,,False,
G-02722,generado_ia,2026-08-18,Estudiantes,Estudiante de Grado,False,no_show,2026-08-18 08:09:48.520000-03:00,,,False,
G-02723,generado_ia,2026-08-18,Estudiantes,Estudiante de Grado,False,canceled,2026-08-18 08:10:04.672000-03:00,2026-08-18 09:27:07.470000-03:00,,False,
G-02724,generado_ia,2026-08-18,Becas Nutrirse,Becas Nutrirse Vianda,False,no_show,2026-08-18 08:10:05.618000-03:00,,,False,
G-02725,generado_ia,2026-08-18,Estudiantes,Estudiante de Grado,False,no_show,2026-08-18 08:10:06.686000-03:00,,,False,
G-02726,generado_ia,2026-08-18,Estudiantes,Estudiante de Grado,False,canceled,2026-08-18 08:10:11.868000-03:00,2026-08-18 09:02:22.214000-03:00,,False,
G-02727,generado_ia,2026-08-18,Estudiantes,Estudiante de Grado,False,no_show,2026-08-18 08:10:11.925000-03:00,,,False,
G-02728,generado_ia,2026-08-18,Estudiantes,Estudiante de Grado,False,canceled,2026-08-18 08:10:29.430000-03:00,2026-08-18 10:00:31.253000-03:00,,False,
G-02729,generado_ia,2026-08-18,Estudiantes,Estudiante de Grado,False,canceled,2026-08-18 08:10:31.398000-03:00,2026-08-18 09:03:42.959000-03:00,,False,
G-02730,generado_ia,2026-08-18,Estudiantes,Estudiante de Grado,False,no_show,2026-08-18 08:10:34.247000-03:00,,,False,
G-02731,generado_ia,2026-08-18,Estudiantes,Estudiante de Grado,False,no_show,2026-08-18 08:10:41.857000-03:00,,,False,
G-02732,generado_ia,2026-08-18,Estudiantes,Estudiante de Grado,False,no_show,2026-08-18 08:11:10.989000-03:00,,,False,
G-02733,generado_ia,2026-08-18,Becas Nutrirse,Becas Nutrirse Vianda,False,no_show,2026-08-18 08:11:17.109000-03:00,,,False,
G-02734,generado_ia,2026-08-18,Estudiantes,Estudiante de Grado,False,canceled,2026-08-18 08:11:22.017000-03:00,2026-08-18 09:15:05.440000-03:00,,False,
G-02735,generado_ia,2026-08-18,Estudiantes,Estudiante de Grado,False,no_show,2026-08-18 08:12:24.038000-03:00,,,False,
G-02736,generado_ia,2026-08-18,Estudiantes,Estudiante de Grado,False,no_show,2026-08-18 08:12:45.539000-03:00,,,False,
G-02737,generado_ia,2026-08-18,Estudiantes,Estudiante de Grado,False,no_show,2026-08-18 08:12:58.487000-03:00,,,False,
G-02738,generado_ia,2026-08-18,Estudiantes,Estudiante de Grado,False,no_show,2026-08-18 08:13:53.265000-03:00,,,False,
G-02739,generado_ia,2026-08-18,Estudiantes,Estudiante de Grado,False,no_show,2026-08-18 08:14:11.134000-03:00,,,False,
G-02740,generado_ia,2026-08-18,Becas Nutrirse,Becas Nutrirse Vianda,False,no_show,2026-08-18 08:14:18.109000-03:00,,,False,
G-02741,generado_ia,2026-08-18,Estudiantes,Estudiante de Grado,False,no_show,2026-08-18 08:14:33.120000-03:00,,,False,
G-02742,generado_ia,2026-08-18,Estudiantes,Estudiante de Grado,False,no_show,2026-08-18 08:14:46.652000-03:00,,,False,
G-02743,generado_ia,2026-08-18,Estudiantes,Estudiante de Grado,False,no_show,2026-08-18 08:14:46.800000-03:00,,,False,
G-02744,generado_ia,2026-08-18,Estudiantes,Estudiante de Grado,False,no_show,2026-08-18 08:15:40.063000-03:00,,,False,
G-02745,generado_ia,2026-08-18,Estudiantes,Estudiante de Grado,False,canceled,2026-08-18 08:15:43.410000-03:00,2026-08-18 09:14:25.617000-03:00,,False,
G-02746,generado_ia,2026-08-18,Estudiantes,Estudiante de Grado,False,no_show,2026-08-18 08:15:44.615000-03:00,,,False,
G-02747,generado_ia,2026-08-18,Estudiantes,Estudiante de Grado,False,no_show,2026-08-18 08:15:50.612000-03:00,,,False,
G-02748,generado_ia,2026-08-18,Estudiantes,Estudiante de Grado,False,no_show,2026-08-18 08:15:59.068000-03:00,,,False,
G-02749,generado_ia,2026-08-18,Estudiantes,Estudiante de Grado,False,no_show,2026-08-18 08:16:40.318000-03:00,,,False,
G-02750,generado_ia,2026-08-18,Becas personal,Becas Docentes,False,no_show,2026-08-18 08:16:42.323000-03:00,,,False,
G-02751,generado_ia,2026-08-18,Estudiantes,Estudiante de Grado,False,no_show,2026-08-18 08:16:53.510000-03:00,,,False,
G-02752,generado_ia,2026-08-18,Estudiantes,Estudiante de Grado,False,canceled,2026-08-18 08:16:56.366000-03:00,2026-08-18 10:23:34.120000-03:00,,False,
G-02753,generado_ia,2026-08-18,Estudiantes,Estudiante de Grado,False,canceled,2026-08-18 08:17:35.864000-03:00,2026-08-18 10:13:14.702000-03:00,,False,
G-02754,generado_ia,2026-08-18,Becas Nutrirse,Becas Nutrirse Vianda,False,canceled,2026-08-18 08:18:26.319000-03:00,2026-08-18 08:23:23.194000-03:00,,False,
G-02755,generado_ia,2026-08-18,Estudiantes,Estudiante de Grado,False,no_show,2026-08-18 08:18:42.349000-03:00,,,False,
G-02756,generado_ia,2026-08-18,Estudiantes,Estudiante de Grado,False,canceled,2026-08-18 08:18:51.258000-03:00,2026-08-18 10:33:39.603000-03:00,,False,
G-02757,generado_ia,2026-08-18,Estudiantes,Estudiante de Grado,False,canceled,2026-08-18 08:18:58.881000-03:00,2026-08-18 10:59:45.841000-03:00,,False,
G-02758,generado_ia,2026-08-18,Estudiantes,Estudiante de Grado,False,canceled,2026-08-18 08:20:06.468000-03:00,2026-08-18 08:54:05.787000-03:00,,False,
G-02759,generado_ia,2026-08-18,Estudiantes,Estudiante de Grado,False,no_show,2026-08-18 08:20:21.712000-03:00,,,False,
G-02760,generado_ia,2026-08-18,Estudiantes,Estudiante de Grado,False,no_show,2026-08-18 08:20:23.347000-03:00,,,False,
G-02761,generado_ia,2026-08-18,Becas Nutrirse,Becas Nutrirse Vianda,False,no_show,2026-08-18 08:20:38.165000-03:00,,,False,
G-02762,generado_ia,2026-08-18,Becas Nutrirse,Becas Nutrirse Vianda,False,no_show,2026-08-18 08:20:54.967000-03:00,,,False,
G-02763,generado_ia,2026-08-18,Estudiantes,Estudiante de Grado,False,no_show,2026-08-18 08:21:56.462000-03:00,,,False,
G-02764,generado_ia,2026-08-18,Estudiantes,Estudiante de Grado,False,no_show,2026-08-18 08:22:15.455000-03:00,,,False,
G-02765,generado_ia,2026-08-18,Becas Nutrirse,Becas Nutrirse Vianda,False,no_show,2026-08-18 08:22:16.435000-03:00,,,False,
G-02766,generado_ia,2026-08-18,Estudiantes,Estudiante de Grado,False,canceled,2026-08-18 08:22:29.263000-03:00,2026-08-18 10:04:03.529000-03:00,,False,
G-02767,generado_ia,2026-08-18,Becas Nutrirse,Becas Nutrirse Vianda,False,no_show,2026-08-18 08:22:41.091000-03:00,,,False,
G-02768,generado_ia,2026-08-18,Estudiantes,Estudiante de Grado,False,no_show,2026-08-18 08:22:55.685000-03:00,,,False,
G-02769,generado_ia,2026-08-18,Estudiantes,Estudiante de Grado,False,no_show,2026-08-18 08:23:33.279000-03:00,,,False,
G-02770,generado_ia,2026-08-18,Becas Nutrirse,Becas Nutrirse Vianda,False,no_show,2026-08-18 08:24:04.327000-03:00,,,False,
G-02771,generado_ia,2026-08-18,Estudiantes,Estudiante de Grado,False,no_show,2026-08-18 08:26:38.005000-03:00,,,False,
G-02772,generado_ia,2026-08-18,Estudiantes,Estudiante de Grado,False,no_show,2026-08-18 08:27:05.506000-03:00,,,False,
G-02773,generado_ia,2026-08-18,Estudiantes,Estudiante de Grado,False,no_show,2026-08-18 08:27:22.424000-03:00,,,False,
G-02774,generado_ia,2026-08-18,Estudiantes,Estudiante de Grado,False,no_show,2026-08-18 08:27:41.528000-03:00,,,False,
G-02775,generado_ia,2026-08-18,Estudiantes,Estudiante de Grado,False,no_show,2026-08-18 08:28:08.127000-03:00,,,False,
G-02776,generado_ia,2026-08-18,Becas personal,Becas Nodocentes,False,canceled,2026-08-18 08:28:52.253000-03:00,2026-08-18 08:56:47.163000-03:00,,False,
G-02777,generado_ia,2026-08-18,Becas personal,Becas Nodocentes,False,no_show,2026-08-18 08:30:17.969000-03:00,,,False,
G-02778,generado_ia,2026-08-18,Estudiantes,Estudiante de Grado,False,no_show,2026-08-18 08:30:58.397000-03:00,,,False,
G-02779,generado_ia,2026-08-18,Estudiantes,Estudiante de Grado,False,no_show,2026-08-18 08:31:42.756000-03:00,,,False,
G-02780,generado_ia,2026-08-18,Estudiantes,Estudiante de Grado,False,no_show,2026-08-18 08:31:55.727000-03:00,,,False,
G-02781,generado_ia,2026-08-18,Becas Nutrirse,Becas Nutrirse Vianda,False,no_show,2026-08-18 08:32:41.981000-03:00,,,False,
G-02782,generado_ia,2026-08-18,Estudiantes,Estudiante de Grado,False,no_show,2026-08-18 08:32:49.048000-03:00,,,False,
G-02783,generado_ia,2026-08-18,Estudiantes,Estudiante de Grado,False,no_show,2026-08-18 08:33:04.053000-03:00,,,False,
G-02784,generado_ia,2026-08-18,Becas Nutrirse,Becas Nutrirse Vianda,False,no_show,2026-08-18 08:33:10.332000-03:00,,,False,
G-02785,generado_ia,2026-08-18,Estudiantes,Estudiante de Grado,False,no_show,2026-08-18 08:33:20.488000-03:00,,,False,
G-02786,generado_ia,2026-08-18,Estudiantes,Estudiante de Grado,False,no_show,2026-08-18 08:33:53.100000-03:00,,,False,
G-02787,generado_ia,2026-08-18,Estudiantes,Estudiante de Grado,False,no_show,2026-08-18 08:34:12.277000-03:00,,,False,
G-02788,generado_ia,2026-08-18,Estudiantes,Estudiante de Grado,False,no_show,2026-08-18 08:34:26.437000-03:00,,,False,
G-02789,generado_ia,2026-08-18,Estudiantes,Estudiante de Grado,False,no_show,2026-08-18 08:35:17.928000-03:00,,,False,
G-02790,generado_ia,2026-08-18,Becas Nutrirse,Becas Nutrirse Vianda,False,no_show,2026-08-18 08:35:37.285000-03:00,,,False,
G-02791,generado_ia,2026-08-18,Estudiantes,Estudiante de Grado,False,no_show,2026-08-18 08:35:45.148000-03:00,,,False,
G-02792,generado_ia,2026-08-18,Estudiantes,Estudiante de Grado,False,no_show,2026-08-18 08:36:22.633000-03:00,,,False,
G-02793,generado_ia,2026-08-18,Estudiantes,Estudiante de Grado,False,no_show,2026-08-18 08:37:37.231000-03:00,,,False,
G-02794,generado_ia,2026-08-18,Becas Nutrirse,Becas Nutrirse Vianda,False,canceled,2026-08-18 08:38:04.333000-03:00,2026-08-18 09:36:08.295000-03:00,,False,
G-02795,generado_ia,2026-08-18,Estudiantes,Estudiante de Grado,False,no_show,2026-08-18 08:38:38.627000-03:00,,,False,
G-02796,generado_ia,2026-08-18,Estudiantes,Estudiante de Grado,False,no_show,2026-08-18 08:38:52.008000-03:00,,,False,
G-02797,generado_ia,2026-08-18,Estudiantes,Estudiante de Grado,False,no_show,2026-08-18 08:38:59.959000-03:00,,,False,
G-02798,generado_ia,2026-08-18,Estudiantes,Estudiante de Grado,False,no_show,2026-08-18 08:40:09.108000-03:00,,,False,
G-02799,generado_ia,2026-08-18,Becas Nutrirse,Becas Nutrirse Vianda,False,canceled,2026-08-18 08:40:14.679000-03:00,2026-08-18 10:36:45.374000-03:00,,False,
G-02800,generado_ia,2026-08-18,Estudiantes,Estudiante de Grado,False,no_show,2026-08-18 08:40:25.235000-03:00,,,False,
G-02801,generado_ia,2026-08-18,Estudiantes,Estudiante de Grado,False,no_show,2026-08-18 08:40:42.701000-03:00,,,False,
G-02802,generado_ia,2026-08-18,Estudiantes,Estudiante de Grado,False,no_show,2026-08-18 08:41:21.949000-03:00,,,False,
G-02803,generado_ia,2026-08-18,Estudiantes,Estudiante de Grado,False,no_show,2026-08-18 08:41:34.139000-03:00,,,False,
G-02804,generado_ia,2026-08-18,Estudiantes,Estudiante de Grado,False,no_show,2026-08-18 08:42:53.301000-03:00,,,False,
G-02805,generado_ia,2026-08-18,Estudiantes,Estudiante de Grado,False,no_show,2026-08-18 08:43:22.901000-03:00,,,False,
G-02806,generado_ia,2026-08-18,Estudiantes,Estudiante de Grado,False,no_show,2026-08-18 08:44:12.287000-03:00,,,False,
G-02807,generado_ia,2026-08-18,Estudiantes,Estudiante de Grado,False,no_show,2026-08-18 08:44:27.632000-03:00,,,False,
G-02808,generado_ia,2026-08-18,Estudiantes,Estudiante de Grado,False,no_show,2026-08-18 08:45:30.375000-03:00,,,False,
G-02809,generado_ia,2026-08-18,Estudiantes,Estudiante de Grado,False,no_show,2026-08-18 08:46:30.840000-03:00,,,False,
G-02810,generado_ia,2026-08-18,Estudiantes,Estudiante de Grado,False,no_show,2026-08-18 08:47:33.211000-03:00,,,False,
G-02811,generado_ia,2026-08-18,Estudiantes,Estudiante de Grado,False,no_show,2026-08-18 08:47:41.704000-03:00,,,False,
G-02812,generado_ia,2026-08-18,Estudiantes,Estudiante de Grado,False,no_show,2026-08-18 08:48:21.040000-03:00,,,False,
G-02813,generado_ia,2026-08-18,Estudiantes,Estudiante de Grado,False,no_show,2026-08-18 08:48:42.596000-03:00,,,False,
G-02814,generado_ia,2026-08-18,Estudiantes,Estudiante de Grado,False,no_show,2026-08-18 08:49:30.285000-03:00,,,False,
G-02815,generado_ia,2026-08-18,Estudiantes,Estudiante de Grado,False,canceled,2026-08-18 08:49:41.219000-03:00,2026-08-18 09:17:30.047000-03:00,,False,
G-02816,generado_ia,2026-08-18,Estudiantes,Estudiante de Grado,False,no_show,2026-08-18 08:49:54.915000-03:00,,,False,
G-02817,generado_ia,2026-08-18,Estudiantes,Estudiante de Grado,False,canceled,2026-08-18 08:50:15.120000-03:00,2026-08-18 09:07:21.431000-03:00,,False,
G-02818,generado_ia,2026-08-18,Becas personal,Becas Nodocentes,False,no_show,2026-08-18 08:51:05.389000-03:00,,,False,
G-02819,generado_ia,2026-08-18,Becas Nutrirse,Becas Nutrirse Vianda,False,no_show,2026-08-18 08:51:54.634000-03:00,,,False,
G-02820,generado_ia,2026-08-18,Becas Nutrirse,Becas Nutrirse Vianda,False,canceled,2026-08-18 08:53:29.335000-03:00,2026-08-18 09:31:36.761000-03:00,,False,
G-02821,generado_ia,2026-08-18,Personal,Nodocente,False,canceled,2026-08-18 08:54:43.084000-03:00,2026-08-18 10:23:15.470000-03:00,,False,
G-02822,generado_ia,2026-08-18,Becas Nutrirse,Becas Nutrirse Vianda,False,no_show,2026-08-18 09:02:10.734000-03:00,,,False,
G-02823,generado_ia,2026-08-18,Becas Nutrirse,Becas Nutrirse Vianda,False,canceled,2026-08-18 09:05:34.315000-03:00,2026-08-18 10:09:33.818000-03:00,,False,
G-02824,generado_ia,2026-08-18,Becas Nutrirse,Becas Nutrirse Vianda,False,no_show,2026-08-18 09:07:51.760000-03:00,,,False,
G-02825,generado_ia,2026-08-18,Estudiantes,Estudiante de Grado,False,no_show,2026-08-18 09:10:04.315000-03:00,,,False,
G-02826,generado_ia,2026-08-18,Becas Nutrirse,Becas Nutrirse Vianda,False,no_show,2026-08-18 09:14:09.963000-03:00,,,False,
G-02827,generado_ia,2026-08-18,Estudiantes,Estudiante de Grado sin TACC,True,no_show,2026-08-18 09:16:08.627000-03:00,,,False,
G-02828,generado_ia,2026-08-18,Becas Nutrirse,Becas Nutrirse Vianda,False,no_show,2026-08-18 09:17:45.912000-03:00,,,False,
G-02829,generado_ia,2026-08-18,Becas Nutrirse,Becas Nutrirse Vianda,False,no_show,2026-08-18 09:19:13.939000-03:00,,,False,
G-02830,generado_ia,2026-08-18,Becas Nutrirse,Becas Nutrirse Vianda,False,canceled,2026-08-18 09:20:37.934000-03:00,2026-08-18 09:52:29.903000-03:00,,False,
G-02831,generado_ia,2026-08-18,Becas Nutrirse,Becas Nutrirse Vianda,False,no_show,2026-08-18 09:22:17.591000-03:00,,,False,
G-02832,generado_ia,2026-08-18,Becas personal,Becas Nodocentes,False,no_show,2026-08-18 09:28:25.976000-03:00,,,False,
G-02833,generado_ia,2026-08-18,Becas Nutrirse,Becas Nutrirse Vianda,False,no_show,2026-08-18 09:34:37.196000-03:00,,,False,
G-02834,generado_ia,2026-08-18,Personal,Nodocente,False,no_show,2026-08-18 09:36:28.020000-03:00,,,False,
G-02835,generado_ia,2026-08-18,Becas personal,Becas Docentes,False,no_show,2026-08-18 09:40:15.772000-03:00,,,False,
G-02836,generado_ia,2026-08-18,Estudiantes,Estudiante de Grado,False,no_show,2026-08-18 09:42:45.576000-03:00,,,False,
G-02837,generado_ia,2026-08-18,Becas personal,Becas Nodocentes,False,no_show,2026-08-18 09:45:04.860000-03:00,,,False,
G-02838,generado_ia,2026-08-18,Becas Nutrirse,Becas Nutrirse Vianda,False,no_show,2026-08-18 09:51:11.483000-03:00,,,False,
G-02839,generado_ia,2026-08-18,Becas Nutrirse,Becas Nutrirse Vianda,False,no_show,2026-08-18 09:53:43.018000-03:00,,,False,
G-02840,generado_ia,2026-08-18,Becas Nutrirse,Becas Nutrirse Vianda,False,no_show,2026-08-18 09:53:47.671000-03:00,,,False,
G-02841,generado_ia,2026-08-18,Becas Nutrirse,Becas Nutrirse Vianda,False,canceled,2026-08-18 09:58:47.437000-03:00,2026-08-18 10:41:46.467000-03:00,,False,
G-02842,generado_ia,2026-08-18,Becas Nutrirse,Becas Nutrirse Vianda,False,no_show,2026-08-18 09:59:01.622000-03:00,,,False,
G-02843,generado_ia,2026-08-18,Becas Nutrirse,Becas Nutrirse Vianda,False,no_show,2026-08-18 10:08:21.596000-03:00,,,False,
G-02844,generado_ia,2026-08-18,Becas Nutrirse,Becas Nutrirse Vianda,False,no_show,2026-08-18 10:12:11.348000-03:00,,,False,
G-02845,generado_ia,2026-08-18,Becas Nutrirse,Becas Nutrirse Vianda,False,canceled,2026-08-18 10:16:39.365000-03:00,2026-08-18 10:28:04.256000-03:00,,False,
G-02846,generado_ia,2026-08-18,Estudiantes,Estudiante de Grado,False,no_show,2026-08-18 10:17:00.784000-03:00,,,False,
G-02847,generado_ia,2026-08-18,Becas Nutrirse,Becas Nutrirse Vianda,False,canceled,2026-08-18 10:22:17.751000-03:00,2026-08-18 10:29:23.162000-03:00,,False,
G-02848,generado_ia,2026-08-18,Becas Nutrirse,Becas Nutrirse Vianda,False,no_show,2026-08-18 10:23:50.178000-03:00,,,False,
G-02849,generado_ia,2026-08-18,Becas Nutrirse,Becas Nutrirse Vianda,False,no_show,2026-08-18 10:25:45.276000-03:00,,,False,
G-02850,generado_ia,2026-08-18,Becas Nutrirse,Becas Nutrirse Vianda,False,canceled,2026-08-18 10:43:39.769000-03:00,2026-08-18 10:56:57.422000-03:00,,False,
G-02851,generado_ia,2026-08-18,Becas Nutrirse,Becas Nutrirse Vianda,False,no_show,2026-08-18 10:45:58.560000-03:00,,,False,
G-02852,generado_ia,2026-08-18,Personal,Docente,False,no_show,2026-08-18 10:47:04.216000-03:00,,,False,
G-02853,generado_ia,2026-08-18,Personal,Docente,False,no_show,2026-08-18 10:51:21.830000-03:00,,,False,
G-02854,generado_ia,2026-08-18,Becas personal,Becas Docentes,False,canceled,2026-08-18 13:21:52.299000-03:00,2026-08-18 13:24:29.724000-03:00,,False,
G-02855,generado_ia,2026-08-20,Becas Nutrirse,Becas Nutrirse Vianda,False,canceled,2026-08-20 08:00:03.207000-03:00,2026-08-20 10:52:38.756000-03:00,,False,
G-02856,generado_ia,2026-08-20,Estudiantes,Estudiante de Grado,False,no_show,2026-08-20 08:00:09.429000-03:00,,,False,
G-02857,generado_ia,2026-08-20,Estudiantes,Estudiante de Grado,False,no_show,2026-08-20 08:00:11.206000-03:00,,,False,
G-02858,generado_ia,2026-08-20,Estudiantes,Estudiante de Grado,False,no_show,2026-08-20 08:00:16.433000-03:00,,,False,
G-02859,generado_ia,2026-08-20,Estudiantes,Estudiante de Grado,False,no_show,2026-08-20 08:00:25.707000-03:00,,,False,
G-02860,generado_ia,2026-08-20,Estudiantes,Estudiante de Grado,False,no_show,2026-08-20 08:00:31.987000-03:00,,,False,
G-02861,generado_ia,2026-08-20,Estudiantes,Estudiante de Grado sin TACC,True,no_show,2026-08-20 08:00:55.269000-03:00,,,False,
G-02862,generado_ia,2026-08-20,Estudiantes,Estudiante de Grado,False,no_show,2026-08-20 08:01:04.196000-03:00,,,False,
G-02863,generado_ia,2026-08-20,Estudiantes,Estudiante de Grado,False,canceled,2026-08-20 08:01:10.358000-03:00,2026-08-20 08:15:01.098000-03:00,,False,
G-02864,generado_ia,2026-08-20,Estudiantes,Estudiante de Grado,False,no_show,2026-08-20 08:01:11.795000-03:00,,,False,
G-02865,generado_ia,2026-08-20,Becas Nutrirse,Becas Nutrirse Vianda,False,no_show,2026-08-20 08:01:19.358000-03:00,,,False,
G-02866,generado_ia,2026-08-20,Estudiantes,Estudiante de Grado,False,canceled,2026-08-20 08:01:23.743000-03:00,2026-08-20 08:40:37.870000-03:00,,False,
G-02867,generado_ia,2026-08-20,Estudiantes,Estudiante de Grado,False,no_show,2026-08-20 08:01:30.197000-03:00,,,False,
G-02868,generado_ia,2026-08-20,Estudiantes,Estudiante de Grado,False,no_show,2026-08-20 08:01:35.038000-03:00,,,False,
G-02869,generado_ia,2026-08-20,Becas Nutrirse,Becas Nutrirse Vianda,False,canceled,2026-08-20 08:01:37.909000-03:00,2026-08-20 10:21:26.573000-03:00,,False,
G-02870,generado_ia,2026-08-20,Estudiantes,Estudiante de Grado,False,canceled,2026-08-20 08:01:42.926000-03:00,2026-08-20 10:27:42.859000-03:00,,False,
G-02871,generado_ia,2026-08-20,Estudiantes,Estudiante de Grado,False,no_show,2026-08-20 08:01:58.803000-03:00,,,False,
G-02872,generado_ia,2026-08-20,Estudiantes,Estudiante de Grado,False,no_show,2026-08-20 08:02:00.238000-03:00,,,False,
G-02873,generado_ia,2026-08-20,Becas Nutrirse,Becas Nutrirse Vianda,False,canceled,2026-08-20 08:02:02.054000-03:00,2026-08-20 08:38:05.059000-03:00,,False,
G-02874,generado_ia,2026-08-20,Estudiantes,Estudiante de Grado,False,no_show,2026-08-20 08:02:16.959000-03:00,,,False,
G-02875,generado_ia,2026-08-20,Estudiantes,Estudiante de Grado,False,canceled,2026-08-20 08:02:26.711000-03:00,2026-08-20 10:51:49.727000-03:00,,False,
G-02876,generado_ia,2026-08-20,Estudiantes,Estudiante de Grado,False,canceled,2026-08-20 08:02:28.899000-03:00,2026-08-20 08:27:00.198000-03:00,,False,
G-02877,generado_ia,2026-08-20,Estudiantes,Estudiante de Grado,False,no_show,2026-08-20 08:02:33.304000-03:00,,,False,
G-02878,generado_ia,2026-08-20,Estudiantes,Estudiante de Grado,False,no_show,2026-08-20 08:02:37.787000-03:00,,,False,
G-02879,generado_ia,2026-08-20,Estudiantes,Estudiante de Grado,False,no_show,2026-08-20 08:02:45.453000-03:00,,,False,
G-02880,generado_ia,2026-08-20,Estudiantes,Estudiante de Grado,False,no_show,2026-08-20 08:02:52.315000-03:00,,,False,
G-02881,generado_ia,2026-08-20,Estudiantes,Estudiante de Grado,False,canceled,2026-08-20 08:03:03.685000-03:00,2026-08-20 10:43:47.483000-03:00,,False,
G-02882,generado_ia,2026-08-20,Estudiantes,Estudiante de Grado,False,no_show,2026-08-20 08:03:07.112000-03:00,,,False,
G-02883,generado_ia,2026-08-20,Becas Nutrirse,Becas Nutrirse Vianda,False,canceled,2026-08-20 08:03:10.304000-03:00,2026-08-20 10:23:38.740000-03:00,,False,
G-02884,generado_ia,2026-08-20,Estudiantes,Estudiante de Grado,False,no_show,2026-08-20 08:03:12.959000-03:00,,,False,
G-02885,generado_ia,2026-08-20,Estudiantes,Estudiante de Grado,False,no_show,2026-08-20 08:03:19.089000-03:00,,,False,
G-02886,generado_ia,2026-08-20,Estudiantes,Estudiante de Grado,False,no_show,2026-08-20 08:03:25.015000-03:00,,,False,
G-02887,generado_ia,2026-08-20,Estudiantes,Estudiante de Grado,False,canceled,2026-08-20 08:03:25.138000-03:00,2026-08-20 08:59:25.991000-03:00,,False,
G-02888,generado_ia,2026-08-20,Estudiantes,Estudiante de Grado,False,no_show,2026-08-20 08:03:33.698000-03:00,,,False,
G-02889,generado_ia,2026-08-20,Estudiantes,Estudiante de Grado,False,no_show,2026-08-20 08:03:35.619000-03:00,,,False,
G-02890,generado_ia,2026-08-20,Estudiantes,Estudiante de Grado,False,canceled,2026-08-20 08:03:37.614000-03:00,2026-08-20 09:20:52.084000-03:00,,False,
G-02891,generado_ia,2026-08-20,Estudiantes,Estudiante de Grado,False,no_show,2026-08-20 08:03:40.398000-03:00,,,False,
G-02892,generado_ia,2026-08-20,Estudiantes,Estudiante de Grado,False,no_show,2026-08-20 08:03:41.196000-03:00,,,False,
G-02893,generado_ia,2026-08-20,Estudiantes,Estudiante de Grado,False,canceled,2026-08-20 08:03:43.056000-03:00,2026-08-20 09:39:20.363000-03:00,,False,
G-02894,generado_ia,2026-08-20,Estudiantes,Estudiante de Grado,False,no_show,2026-08-20 08:03:43.714000-03:00,,,False,
G-02895,generado_ia,2026-08-20,Estudiantes,Estudiante de Grado,False,no_show,2026-08-20 08:03:45.861000-03:00,,,False,
G-02896,generado_ia,2026-08-20,Estudiantes,Estudiante de Grado,False,no_show,2026-08-20 08:03:51.156000-03:00,,,False,
G-02897,generado_ia,2026-08-20,Estudiantes,Estudiante de Grado,False,canceled,2026-08-20 08:03:57.072000-03:00,2026-08-20 09:34:45.334000-03:00,,False,
G-02898,generado_ia,2026-08-20,Estudiantes,Estudiante de Grado,False,canceled,2026-08-20 08:04:07.774000-03:00,2026-08-20 08:29:00.162000-03:00,,False,
G-02899,generado_ia,2026-08-20,Estudiantes,Estudiante de Grado,False,no_show,2026-08-20 08:04:11.131000-03:00,,,False,
G-02900,generado_ia,2026-08-20,Estudiantes,Estudiante de Grado,False,no_show,2026-08-20 08:04:18.671000-03:00,,,False,
G-02901,generado_ia,2026-08-20,Becas Nutrirse,Becas Nutrirse Vianda,False,canceled,2026-08-20 08:04:28.718000-03:00,2026-08-20 09:55:13.278000-03:00,,False,
G-02902,generado_ia,2026-08-20,Estudiantes,Estudiante de Grado,False,no_show,2026-08-20 08:04:30.351000-03:00,,,False,
G-02903,generado_ia,2026-08-20,Becas Nutrirse,Becas Nutrirse Vianda,False,no_show,2026-08-20 08:04:34.701000-03:00,,,False,
G-02904,generado_ia,2026-08-20,Estudiantes,Estudiante de Grado,False,canceled,2026-08-20 08:04:46.320000-03:00,2026-08-20 10:56:52.163000-03:00,,False,
G-02905,generado_ia,2026-08-20,Becas Nutrirse,Becas Nutrirse Vianda,False,no_show,2026-08-20 08:04:53.018000-03:00,,,False,
G-02906,generado_ia,2026-08-20,Estudiantes,Estudiante de Grado,False,no_show,2026-08-20 08:05:01.550000-03:00,,,False,
G-02907,generado_ia,2026-08-20,Estudiantes,Estudiante de Grado,False,no_show,2026-08-20 08:05:08.160000-03:00,,,False,
G-02908,generado_ia,2026-08-20,Estudiantes,Estudiante de Grado,False,no_show,2026-08-20 08:05:08.964000-03:00,,,False,
G-02909,generado_ia,2026-08-20,Becas personal,Becas Nodocentes,False,canceled,2026-08-20 08:05:09.935000-03:00,2026-08-20 10:10:47.396000-03:00,,False,
G-02910,generado_ia,2026-08-20,Estudiantes,Estudiante de Grado,False,no_show,2026-08-20 08:05:10.231000-03:00,,,False,
G-02911,generado_ia,2026-08-20,Becas Nutrirse,Becas Nutrirse Vianda,False,no_show,2026-08-20 08:05:15.613000-03:00,,,False,
G-02912,generado_ia,2026-08-20,Estudiantes,Estudiante de Grado,False,no_show,2026-08-20 08:05:41.197000-03:00,,,False,
G-02913,generado_ia,2026-08-20,Estudiantes,Estudiante de Grado,False,no_show,2026-08-20 08:05:49.242000-03:00,,,False,
G-02914,generado_ia,2026-08-20,Estudiantes,Estudiante de Grado,False,no_show,2026-08-20 08:05:53.709000-03:00,,,False,
G-02915,generado_ia,2026-08-20,Estudiantes,Estudiante de Grado,False,canceled,2026-08-20 08:06:06.720000-03:00,2026-08-20 10:14:11.755000-03:00,,False,
G-02916,generado_ia,2026-08-20,Estudiantes,Estudiante de Grado,False,no_show,2026-08-20 08:06:13.449000-03:00,,,False,
G-02917,generado_ia,2026-08-20,Estudiantes,Estudiante de Grado,False,no_show,2026-08-20 08:06:21.730000-03:00,,,False,
G-02918,generado_ia,2026-08-20,Becas Nutrirse,Becas Nutrirse Vianda,False,no_show,2026-08-20 08:06:22.423000-03:00,,,False,
G-02919,generado_ia,2026-08-20,Becas Nutrirse,Becas Nutrirse Vianda,False,no_show,2026-08-20 08:07:08.104000-03:00,,,False,
G-02920,generado_ia,2026-08-20,Estudiantes,Estudiante de Grado,False,no_show,2026-08-20 08:07:19.975000-03:00,,,False,
G-02921,generado_ia,2026-08-20,Estudiantes,Estudiante de Grado,False,canceled,2026-08-20 08:07:34.690000-03:00,2026-08-20 10:36:49.990000-03:00,,False,
G-02922,generado_ia,2026-08-20,Estudiantes,Estudiante de Grado,False,no_show,2026-08-20 08:07:50.980000-03:00,,,False,
G-02923,generado_ia,2026-08-20,Estudiantes,Estudiante de Grado,False,canceled,2026-08-20 08:07:57.252000-03:00,2026-08-20 09:01:53.514000-03:00,,False,
G-02924,generado_ia,2026-08-20,Estudiantes,Estudiante de Grado,False,no_show,2026-08-20 08:07:57.472000-03:00,,,False,
G-02925,generado_ia,2026-08-20,Estudiantes,Estudiante de Grado,False,canceled,2026-08-20 08:08:09.861000-03:00,2026-08-20 09:26:53.016000-03:00,,False,
G-02926,generado_ia,2026-08-20,Estudiantes,Estudiante de Grado,False,no_show,2026-08-20 08:08:14.849000-03:00,,,False,
G-02927,generado_ia,2026-08-20,Estudiantes,Estudiante de Grado,False,no_show,2026-08-20 08:08:30.423000-03:00,,,False,
G-02928,generado_ia,2026-08-20,Estudiantes,Estudiante de Grado,False,no_show,2026-08-20 08:08:31.791000-03:00,,,False,
G-02929,generado_ia,2026-08-20,Estudiantes,Estudiante de Grado,False,no_show,2026-08-20 08:08:33.555000-03:00,,,False,
G-02930,generado_ia,2026-08-20,Becas Nutrirse,Becas Nutrirse Vianda,False,no_show,2026-08-20 08:09:01.165000-03:00,,,False,
G-02931,generado_ia,2026-08-20,Estudiantes,Estudiante de Grado,False,no_show,2026-08-20 08:09:13.111000-03:00,,,False,
G-02932,generado_ia,2026-08-20,Becas Nutrirse,Becas Nutrirse Vianda,False,no_show,2026-08-20 08:09:22.962000-03:00,,,False,
G-02933,generado_ia,2026-08-20,Becas Nutrirse,Becas Nutrirse Vianda,False,canceled,2026-08-20 08:09:24.073000-03:00,2026-08-20 09:37:30.123000-03:00,,False,
G-02934,generado_ia,2026-08-20,Estudiantes,Estudiante de Grado,False,no_show,2026-08-20 08:09:44.031000-03:00,,,False,
G-02935,generado_ia,2026-08-20,Estudiantes,Estudiante de Grado,False,no_show,2026-08-20 08:09:51.069000-03:00,,,False,
G-02936,generado_ia,2026-08-20,Estudiantes,Estudiante de Grado,False,canceled,2026-08-20 08:09:51.819000-03:00,2026-08-20 09:33:46.856000-03:00,,False,
G-02937,generado_ia,2026-08-20,Estudiantes,Estudiante de Grado,False,canceled,2026-08-20 08:11:23.592000-03:00,2026-08-20 10:36:31.604000-03:00,,False,
G-02938,generado_ia,2026-08-20,Estudiantes,Estudiante de Grado,False,no_show,2026-08-20 08:11:26.339000-03:00,,,False,
G-02939,generado_ia,2026-08-20,Becas Nutrirse,Becas Nutrirse Vianda,False,no_show,2026-08-20 08:11:33.331000-03:00,,,False,
G-02940,generado_ia,2026-08-20,Becas Nutrirse,Becas Nutrirse Vianda,False,no_show,2026-08-20 08:11:42.059000-03:00,,,False,
G-02941,generado_ia,2026-08-20,Estudiantes,Estudiante de Grado,False,no_show,2026-08-20 08:11:46.355000-03:00,,,False,
G-02942,generado_ia,2026-08-20,Estudiantes,Estudiante de Grado,False,no_show,2026-08-20 08:11:51.805000-03:00,,,False,
G-02943,generado_ia,2026-08-20,Becas Nutrirse,Becas Nutrirse Vianda,False,no_show,2026-08-20 08:12:03.176000-03:00,,,False,
G-02944,generado_ia,2026-08-20,Estudiantes,Estudiante de Grado,False,no_show,2026-08-20 08:12:56.053000-03:00,,,False,
G-02945,generado_ia,2026-08-20,Estudiantes,Estudiante de Grado,False,canceled,2026-08-20 08:12:57.884000-03:00,2026-08-20 09:43:48.175000-03:00,,False,
G-02946,generado_ia,2026-08-20,Estudiantes,Estudiante de Grado,False,no_show,2026-08-20 08:13:01.981000-03:00,,,False,
G-02947,generado_ia,2026-08-20,Becas Nutrirse,Becas Nutrirse Vianda,False,no_show,2026-08-20 08:13:11.654000-03:00,,,False,
G-02948,generado_ia,2026-08-20,Becas Nutrirse,Becas Nutrirse Vianda,False,no_show,2026-08-20 08:13:26.310000-03:00,,,False,
G-02949,generado_ia,2026-08-20,Becas Nutrirse,Becas Nutrirse Vianda,False,no_show,2026-08-20 08:13:50.383000-03:00,,,False,
G-02950,generado_ia,2026-08-20,Becas Nutrirse,Becas Nutrirse Vianda,False,no_show,2026-08-20 08:13:53.427000-03:00,,,False,
G-02951,generado_ia,2026-08-20,Estudiantes,Estudiante de Grado,False,no_show,2026-08-20 08:14:00.856000-03:00,,,False,
G-02952,generado_ia,2026-08-20,Estudiantes,Estudiante de Grado,False,canceled,2026-08-20 08:14:20.441000-03:00,2026-08-20 10:40:59.734000-03:00,,False,
G-02953,generado_ia,2026-08-20,Estudiantes,Estudiante de Grado,False,no_show,2026-08-20 08:14:39.403000-03:00,,,False,
G-02954,generado_ia,2026-08-20,Becas Nutrirse,Becas Nutrirse Vianda,False,no_show,2026-08-20 08:14:45.932000-03:00,,,False,
G-02955,generado_ia,2026-08-20,Estudiantes,Estudiante de Grado,False,no_show,2026-08-20 08:15:43.499000-03:00,,,False,
G-02956,generado_ia,2026-08-20,Estudiantes,Estudiante de Grado,False,no_show,2026-08-20 08:15:47.740000-03:00,,,False,
G-02957,generado_ia,2026-08-20,Becas Nutrirse,Becas Nutrirse Vianda,False,canceled,2026-08-20 08:15:51.852000-03:00,2026-08-20 10:20:55.628000-03:00,,False,
G-02958,generado_ia,2026-08-20,Estudiantes,Estudiante de Grado,False,no_show,2026-08-20 08:17:21.254000-03:00,,,False,
G-02959,generado_ia,2026-08-20,Becas personal,Becas Nodocentes,False,no_show,2026-08-20 08:17:23.928000-03:00,,,False,
G-02960,generado_ia,2026-08-20,Estudiantes,Estudiante de Grado,False,no_show,2026-08-20 08:17:33.554000-03:00,,,False,
G-02961,generado_ia,2026-08-20,Estudiantes,Estudiante de Grado,False,no_show,2026-08-20 08:18:25.881000-03:00,,,False,
G-02962,generado_ia,2026-08-20,Estudiantes,Estudiante de Grado,False,no_show,2026-08-20 08:18:30.363000-03:00,,,False,
G-02963,generado_ia,2026-08-20,Becas Nutrirse,Becas Nutrirse Vianda,False,canceled,2026-08-20 08:18:41.130000-03:00,2026-08-20 10:45:45.941000-03:00,,False,
G-02964,generado_ia,2026-08-20,Estudiantes,Estudiante de Grado,False,no_show,2026-08-20 08:18:55.317000-03:00,,,False,
G-02965,generado_ia,2026-08-20,Estudiantes,Estudiante de Grado,False,no_show,2026-08-20 08:19:12.933000-03:00,,,False,
G-02966,generado_ia,2026-08-20,Estudiantes,Estudiante de Grado,False,no_show,2026-08-20 08:19:24.315000-03:00,,,False,
G-02967,generado_ia,2026-08-20,Estudiantes,Estudiante de Grado,False,no_show,2026-08-20 08:19:29.545000-03:00,,,False,
G-02968,generado_ia,2026-08-20,Estudiantes,Estudiante de Grado,False,no_show,2026-08-20 08:19:42.774000-03:00,,,False,
G-02969,generado_ia,2026-08-20,Estudiantes,Estudiante de Grado,False,no_show,2026-08-20 08:20:34.522000-03:00,,,False,
G-02970,generado_ia,2026-08-20,Estudiantes,Estudiante de Grado,False,no_show,2026-08-20 08:20:34.737000-03:00,,,False,
G-02971,generado_ia,2026-08-20,Estudiantes,Estudiante de Grado,False,no_show,2026-08-20 08:21:00.458000-03:00,,,False,
G-02972,generado_ia,2026-08-20,Estudiantes,Estudiante de Grado,False,no_show,2026-08-20 08:21:04.247000-03:00,,,False,
G-02973,generado_ia,2026-08-20,Estudiantes,Estudiante de Grado,False,no_show,2026-08-20 08:21:20.960000-03:00,,,False,
G-02974,generado_ia,2026-08-20,Estudiantes,Estudiante de Grado,False,no_show,2026-08-20 08:21:58.480000-03:00,,,False,
G-02975,generado_ia,2026-08-20,Becas personal,Becas Nodocentes,False,canceled,2026-08-20 08:22:30.663000-03:00,2026-08-20 08:29:24.598000-03:00,,False,
G-02976,generado_ia,2026-08-20,Estudiantes,Estudiante de Grado,False,canceled,2026-08-20 08:22:37.387000-03:00,2026-08-20 09:26:37.264000-03:00,,False,
G-02977,generado_ia,2026-08-20,Estudiantes,Estudiante de Grado,False,canceled,2026-08-20 08:24:29.880000-03:00,2026-08-20 09:36:35.182000-03:00,,False,
G-02978,generado_ia,2026-08-20,Estudiantes,Estudiante de Grado,False,no_show,2026-08-20 08:24:46.266000-03:00,,,False,
G-02979,generado_ia,2026-08-20,Estudiantes,Estudiante de Grado,False,no_show,2026-08-20 08:25:20.201000-03:00,,,False,
G-02980,generado_ia,2026-08-20,Estudiantes,Estudiante de Grado,False,canceled,2026-08-20 08:25:31.356000-03:00,2026-08-20 10:41:44.709000-03:00,,False,
G-02981,generado_ia,2026-08-20,Becas Nutrirse,Becas Nutrirse Vianda,False,no_show,2026-08-20 08:25:39.295000-03:00,,,False,
G-02982,generado_ia,2026-08-20,Becas Nutrirse,Becas Nutrirse Vianda,False,no_show,2026-08-20 08:25:42.863000-03:00,,,False,
G-02983,generado_ia,2026-08-20,Estudiantes,Estudiante de Grado,False,no_show,2026-08-20 08:26:22.093000-03:00,,,False,
G-02984,generado_ia,2026-08-20,Estudiantes,Estudiante de Grado,False,no_show,2026-08-20 08:26:36.977000-03:00,,,False,
G-02985,generado_ia,2026-08-20,Estudiantes,Estudiante de Grado,False,canceled,2026-08-20 08:26:45.872000-03:00,2026-08-20 09:09:07.857000-03:00,,False,
G-02986,generado_ia,2026-08-20,Estudiantes,Estudiante de Grado,False,canceled,2026-08-20 08:27:32.632000-03:00,2026-08-20 09:41:27.594000-03:00,,False,
G-02987,generado_ia,2026-08-20,Estudiantes,Estudiante de Grado,False,no_show,2026-08-20 08:27:40.208000-03:00,,,False,
G-02988,generado_ia,2026-08-20,Estudiantes,Estudiante de Grado,False,no_show,2026-08-20 08:27:43.285000-03:00,,,False,
G-02989,generado_ia,2026-08-20,Estudiantes,Estudiante de Grado,False,no_show,2026-08-20 08:28:43.647000-03:00,,,False,
G-02990,generado_ia,2026-08-20,Estudiantes,Estudiante de Grado,False,no_show,2026-08-20 08:29:13.525000-03:00,,,False,
G-02991,generado_ia,2026-08-20,Estudiantes,Estudiante de Grado,False,no_show,2026-08-20 08:29:25.123000-03:00,,,False,
G-02992,generado_ia,2026-08-20,Estudiantes,Estudiante de Grado,False,no_show,2026-08-20 08:29:50.651000-03:00,,,False,
G-02993,generado_ia,2026-08-20,Estudiantes,Estudiante de Grado,False,no_show,2026-08-20 08:30:03.303000-03:00,,,False,
G-02994,generado_ia,2026-08-20,Estudiantes,Estudiante de Grado,False,canceled,2026-08-20 08:30:05.617000-03:00,2026-08-20 10:40:41.240000-03:00,,False,
G-02995,generado_ia,2026-08-20,Estudiantes,Estudiante de Grado,False,canceled,2026-08-20 08:31:10.277000-03:00,2026-08-20 09:16:38.492000-03:00,,False,
G-02996,generado_ia,2026-08-20,Estudiantes,Estudiante de Grado,False,no_show,2026-08-20 08:31:26.715000-03:00,,,False,
G-02997,generado_ia,2026-08-20,Estudiantes,Estudiante de Grado,False,no_show,2026-08-20 08:31:30.628000-03:00,,,False,
G-02998,generado_ia,2026-08-20,Estudiantes,Estudiante de Grado,False,no_show,2026-08-20 08:31:33.360000-03:00,,,False,
G-02999,generado_ia,2026-08-20,Estudiantes,Estudiante de Grado,False,no_show,2026-08-20 08:31:37.481000-03:00,,,False,
G-03000,generado_ia,2026-08-20,Estudiantes,Estudiante de Grado,False,no_show,2026-08-20 08:31:43.871000-03:00,,,False,
G-03001,generado_ia,2026-08-20,Estudiantes,Estudiante de Grado,False,no_show,2026-08-20 08:31:45.317000-03:00,,,False,
G-03002,generado_ia,2026-08-20,Estudiantes,Estudiante de Grado,False,canceled,2026-08-20 08:31:58.279000-03:00,2026-08-20 10:28:31.364000-03:00,,False,
G-03003,generado_ia,2026-08-20,Estudiantes,Estudiante de Grado,False,no_show,2026-08-20 08:32:10.652000-03:00,,,False,
G-03004,generado_ia,2026-08-20,Estudiantes,Estudiante de Grado,False,no_show,2026-08-20 08:32:40.520000-03:00,,,False,
G-03005,generado_ia,2026-08-20,Estudiantes,Estudiante de Grado,False,no_show,2026-08-20 08:32:58.020000-03:00,,,False,
G-03006,generado_ia,2026-08-20,Becas Nutrirse,Becas Nutrirse Vianda,False,canceled,2026-08-20 08:33:43.514000-03:00,2026-08-20 10:48:01.278000-03:00,,False,
G-03007,generado_ia,2026-08-20,Estudiantes,Estudiante de Grado,False,no_show,2026-08-20 08:34:52.571000-03:00,,,False,
G-03008,generado_ia,2026-08-20,Estudiantes,Estudiante de Grado,False,no_show,2026-08-20 08:35:03.998000-03:00,,,False,
G-03009,generado_ia,2026-08-20,Becas Nutrirse,Becas Nutrirse Vianda,False,no_show,2026-08-20 08:35:28.970000-03:00,,,False,
G-03010,generado_ia,2026-08-20,Becas Nutrirse,Becas Nutrirse Vianda,False,no_show,2026-08-20 08:36:06.454000-03:00,,,False,
G-03011,generado_ia,2026-08-20,Becas Nutrirse,Becas Nutrirse Vianda,False,canceled,2026-08-20 08:36:31.447000-03:00,2026-08-20 10:49:49.964000-03:00,,False,
G-03012,generado_ia,2026-08-20,Estudiantes,Estudiante de Grado,False,no_show,2026-08-20 08:37:15.835000-03:00,,,False,
G-03013,generado_ia,2026-08-20,Personal,Docente,False,no_show,2026-08-20 08:39:12.193000-03:00,,,False,
G-03014,generado_ia,2026-08-20,Becas Nutrirse,Becas Nutrirse Vianda,False,canceled,2026-08-20 08:40:03.776000-03:00,2026-08-20 10:14:29.065000-03:00,,False,
G-03015,generado_ia,2026-08-20,Estudiantes,Estudiante de Grado,False,no_show,2026-08-20 08:40:51.609000-03:00,,,False,
G-03016,generado_ia,2026-08-20,Becas personal,Becas Nodocentes,False,no_show,2026-08-20 08:42:33.198000-03:00,,,False,
G-03017,generado_ia,2026-08-20,Becas Nutrirse,Becas Nutrirse Vianda,False,no_show,2026-08-20 08:43:44.910000-03:00,,,False,
G-03018,generado_ia,2026-08-20,Becas Nutrirse,Becas Nutrirse Vianda,False,no_show,2026-08-20 08:47:37.886000-03:00,,,False,
G-03019,generado_ia,2026-08-20,Becas Nutrirse,Becas Nutrirse Vianda,False,no_show,2026-08-20 08:48:01.356000-03:00,,,False,
G-03020,generado_ia,2026-08-20,Becas Nutrirse,Becas Nutrirse Vianda,False,no_show,2026-08-20 08:58:04.900000-03:00,,,False,
G-03021,generado_ia,2026-08-20,Becas Nutrirse,Becas Nutrirse Vianda,False,canceled,2026-08-20 08:59:42.824000-03:00,2026-08-20 10:46:40.062000-03:00,,False,
G-03022,generado_ia,2026-08-20,Becas personal,Becas Nodocentes,False,canceled,2026-08-20 09:01:22.333000-03:00,2026-08-20 10:25:16.441000-03:00,,False,
G-03023,generado_ia,2026-08-20,Personal,Docente,False,no_show,2026-08-20 09:04:32.821000-03:00,,,False,
G-03024,generado_ia,2026-08-20,Becas Nutrirse,Becas Nutrirse Vianda,False,canceled,2026-08-20 09:06:48.077000-03:00,2026-08-20 09:12:57.105000-03:00,,False,
G-03025,generado_ia,2026-08-20,Estudiantes,Estudiante de Grado,False,canceled,2026-08-20 09:09:56.064000-03:00,2026-08-20 10:13:53.349000-03:00,,False,
G-03026,generado_ia,2026-08-20,Becas Nutrirse,Becas Nutrirse Vianda,False,canceled,2026-08-20 09:15:21.195000-03:00,2026-08-20 10:30:08.584000-03:00,,False,
G-03027,generado_ia,2026-08-20,Becas Nutrirse,Becas Nutrirse Vianda,False,canceled,2026-08-20 09:17:29.437000-03:00,2026-08-20 09:52:36.378000-03:00,,False,
G-03028,generado_ia,2026-08-20,Becas Nutrirse,Becas Nutrirse Vianda,False,canceled,2026-08-20 09:18:07.541000-03:00,2026-08-20 10:52:20.201000-03:00,,False,
G-03029,generado_ia,2026-08-20,Becas Nutrirse,Becas Nutrirse Vianda,False,canceled,2026-08-20 09:19:34.028000-03:00,2026-08-20 10:58:18.801000-03:00,,False,
G-03030,generado_ia,2026-08-20,Estudiantes,Estudiante de Grado,False,no_show,2026-08-20 09:19:35.209000-03:00,,,False,
G-03031,generado_ia,2026-08-20,Becas personal,Becas Nodocentes,False,no_show,2026-08-20 09:21:36.325000-03:00,,,False,
G-03032,generado_ia,2026-08-20,Becas Nutrirse,Becas Nutrirse Vianda,False,no_show,2026-08-20 09:21:46.028000-03:00,,,False,
G-03033,generado_ia,2026-08-20,Becas personal,Becas Nodocentes,False,canceled,2026-08-20 09:25:01.055000-03:00,2026-08-20 09:33:25.238000-03:00,,False,
G-03034,generado_ia,2026-08-20,Becas Nutrirse,Becas Nutrirse Vianda,False,no_show,2026-08-20 09:31:33.505000-03:00,,,False,
G-03035,generado_ia,2026-08-20,Becas Nutrirse,Becas Nutrirse Vianda,False,no_show,2026-08-20 09:34:26.763000-03:00,,,False,
G-03036,generado_ia,2026-08-20,Becas Nutrirse,Becas Nutrirse Vianda,False,no_show,2026-08-20 09:35:50.302000-03:00,,,False,
G-03037,generado_ia,2026-08-20,Becas Nutrirse,Becas Nutrirse Vianda,False,no_show,2026-08-20 09:37:40.466000-03:00,,,False,
G-03038,generado_ia,2026-08-20,Becas Nutrirse,Becas Nutrirse Vianda,False,canceled,2026-08-20 09:41:34.921000-03:00,2026-08-20 10:26:27.994000-03:00,,False,
G-03039,generado_ia,2026-08-20,Becas Nutrirse,Becas Nutrirse Vianda,False,canceled,2026-08-20 09:43:59.346000-03:00,2026-08-20 10:13:48.326000-03:00,,False,
G-03040,generado_ia,2026-08-20,Estudiantes,Estudiante de Grado,False,no_show,2026-08-20 09:45:04.576000-03:00,,,False,
G-03041,generado_ia,2026-08-20,Becas Nutrirse,Becas Nutrirse Vianda,False,no_show,2026-08-20 09:48:49.920000-03:00,,,False,
G-03042,generado_ia,2026-08-20,Estudiantes,Estudiante de Grado,False,canceled,2026-08-20 09:50:23.927000-03:00,2026-08-20 10:22:16.318000-03:00,,False,
G-03043,generado_ia,2026-08-20,Becas Nutrirse,Becas Nutrirse Vianda,False,canceled,2026-08-20 09:58:45.893000-03:00,2026-08-20 10:08:09.411000-03:00,,False,
G-03044,generado_ia,2026-08-20,Becas Nutrirse,Becas Nutrirse Vianda,False,no_show,2026-08-20 09:59:23.594000-03:00,,,False,
G-03045,generado_ia,2026-08-20,Becas Nutrirse,Becas Nutrirse Vianda,False,no_show,2026-08-20 10:01:45.024000-03:00,,,False,
G-03046,generado_ia,2026-08-20,Becas Nutrirse,Becas Nutrirse Vianda,False,canceled,2026-08-20 10:07:46.149000-03:00,2026-08-20 10:12:29.521000-03:00,,False,
G-03047,generado_ia,2026-08-20,Becas Nutrirse,Becas Nutrirse Vianda,False,canceled,2026-08-20 10:41:14.468000-03:00,2026-08-20 10:59:54.008000-03:00,,False,
G-03048,generado_ia,2026-08-20,Personal,Nodocente,False,no_show,2026-08-20 11:15:17.831000-03:00,,,False,
G-03049,generado_ia,2026-08-21,Estudiantes,Estudiante de Grado,False,no_show,2026-08-21 08:00:10.359000-03:00,,,False,
G-03050,generado_ia,2026-08-21,Becas personal,Becas Docentes,False,no_show,2026-08-21 08:00:41.367000-03:00,,,False,
G-03051,generado_ia,2026-08-21,Estudiantes,Estudiante de Grado,False,no_show,2026-08-21 08:00:41.451000-03:00,,,False,
G-03052,generado_ia,2026-08-21,Estudiantes,Estudiante de Grado,False,no_show,2026-08-21 08:00:51.292000-03:00,,,False,
G-03053,generado_ia,2026-08-21,Estudiantes,Estudiante de Grado,False,no_show,2026-08-21 08:01:02.921000-03:00,,,False,
G-03054,generado_ia,2026-08-21,Becas Nutrirse,Becas Nutrirse Vianda,False,no_show,2026-08-21 08:01:25.119000-03:00,,,False,
G-03055,generado_ia,2026-08-21,Estudiantes,Estudiante de Grado,False,no_show,2026-08-21 08:01:28.871000-03:00,,,False,
G-03056,generado_ia,2026-08-21,Estudiantes,Estudiante de Grado,False,canceled,2026-08-21 08:01:56.520000-03:00,2026-08-21 10:06:37.119000-03:00,,False,
G-03057,generado_ia,2026-08-21,Estudiantes,Estudiante de Grado,False,canceled,2026-08-21 08:02:04.463000-03:00,2026-08-21 09:15:10.114000-03:00,,False,
G-03058,generado_ia,2026-08-21,Estudiantes,Estudiante de Grado,False,no_show,2026-08-21 08:02:09.006000-03:00,,,False,
G-03059,generado_ia,2026-08-21,Estudiantes,Estudiante de Grado,False,no_show,2026-08-21 08:02:12.903000-03:00,,,False,
G-03060,generado_ia,2026-08-21,Estudiantes,Estudiante de Grado,False,canceled,2026-08-21 08:02:14.698000-03:00,2026-08-21 08:27:05.122000-03:00,,False,
G-03061,generado_ia,2026-08-21,Estudiantes,Estudiante de Grado,False,no_show,2026-08-21 08:02:15.398000-03:00,,,False,
G-03062,generado_ia,2026-08-21,Estudiantes,Estudiante de Grado,False,no_show,2026-08-21 08:02:29.896000-03:00,,,False,
G-03063,generado_ia,2026-08-21,Estudiantes,Estudiante de Grado,False,no_show,2026-08-21 08:02:42.639000-03:00,,,False,
G-03064,generado_ia,2026-08-21,Estudiantes,Estudiante de Grado,False,no_show,2026-08-21 08:02:54.491000-03:00,,,False,
G-03065,generado_ia,2026-08-21,Estudiantes,Estudiante de Grado,False,no_show,2026-08-21 08:02:56.161000-03:00,,,False,
G-03066,generado_ia,2026-08-21,Estudiantes,Estudiante de Grado,False,canceled,2026-08-21 08:03:00.904000-03:00,2026-08-21 10:40:59.029000-03:00,,False,
G-03067,generado_ia,2026-08-21,Estudiantes,Estudiante de Grado,False,canceled,2026-08-21 08:03:04.673000-03:00,2026-08-21 08:16:35.495000-03:00,,False,
G-03068,generado_ia,2026-08-21,Estudiantes,Estudiante de Grado,False,no_show,2026-08-21 08:03:15.903000-03:00,,,False,
G-03069,generado_ia,2026-08-21,Estudiantes,Estudiante de Grado,False,canceled,2026-08-21 08:03:30.327000-03:00,2026-08-21 09:39:02.580000-03:00,,False,
G-03070,generado_ia,2026-08-21,Estudiantes,Estudiante de Grado,False,canceled,2026-08-21 08:03:31.691000-03:00,2026-08-21 09:05:23.656000-03:00,,False,
G-03071,generado_ia,2026-08-21,Estudiantes,Estudiante de Grado,False,canceled,2026-08-21 08:03:37.501000-03:00,2026-08-21 09:40:27.604000-03:00,,False,
G-03072,generado_ia,2026-08-21,Estudiantes,Estudiante de Grado,False,no_show,2026-08-21 08:03:46.243000-03:00,,,False,
G-03073,generado_ia,2026-08-21,Estudiantes,Estudiante de Grado,False,canceled,2026-08-21 08:03:59.413000-03:00,2026-08-21 08:12:02.412000-03:00,,False,
G-03074,generado_ia,2026-08-21,Estudiantes,Estudiante de Grado,False,no_show,2026-08-21 08:04:05.484000-03:00,,,False,
G-03075,generado_ia,2026-08-21,Becas Nutrirse,Becas Nutrirse Vianda,False,no_show,2026-08-21 08:04:12.346000-03:00,,,False,
G-03076,generado_ia,2026-08-21,Estudiantes,Estudiante de Grado,False,no_show,2026-08-21 08:04:24.731000-03:00,,,False,
G-03077,generado_ia,2026-08-21,Estudiantes,Estudiante de Grado,False,canceled,2026-08-21 08:04:40.918000-03:00,2026-08-21 09:36:40.386000-03:00,,False,
G-03078,generado_ia,2026-08-21,Estudiantes,Estudiante de Grado,False,no_show,2026-08-21 08:05:02.627000-03:00,,,False,
G-03079,generado_ia,2026-08-21,Estudiantes,Estudiante de Grado,False,canceled,2026-08-21 08:05:04.638000-03:00,2026-08-21 10:21:57.781000-03:00,,False,
G-03080,generado_ia,2026-08-21,Becas Nutrirse,Becas Nutrirse Vianda,False,canceled,2026-08-21 08:05:12.084000-03:00,2026-08-21 08:57:46.788000-03:00,,False,
G-03081,generado_ia,2026-08-21,Estudiantes,Estudiante de Grado,False,no_show,2026-08-21 08:05:23.778000-03:00,,,False,
G-03082,generado_ia,2026-08-21,Estudiantes,Estudiante de Grado,False,no_show,2026-08-21 08:05:37.170000-03:00,,,False,
G-03083,generado_ia,2026-08-21,Estudiantes,Estudiante de Grado,False,no_show,2026-08-21 08:06:25.029000-03:00,,,False,
G-03084,generado_ia,2026-08-21,Estudiantes,Estudiante de Grado,False,no_show,2026-08-21 08:06:29.085000-03:00,,,False,
G-03085,generado_ia,2026-08-21,Estudiantes,Estudiante de Grado,False,no_show,2026-08-21 08:07:40.539000-03:00,,,False,
G-03086,generado_ia,2026-08-21,Becas personal,Becas Nodocentes,False,no_show,2026-08-21 08:07:57.365000-03:00,,,False,
G-03087,generado_ia,2026-08-21,Estudiantes,Estudiante de Grado,False,no_show,2026-08-21 08:07:59.973000-03:00,,,False,
G-03088,generado_ia,2026-08-21,Becas personal,Becas Nodocentes,False,no_show,2026-08-21 08:08:14.794000-03:00,,,False,
G-03089,generado_ia,2026-08-21,Becas Nutrirse,Becas Nutrirse Vianda sin TACC,True,canceled,2026-08-21 08:08:16.316000-03:00,2026-08-21 09:22:32.961000-03:00,,False,
G-03090,generado_ia,2026-08-21,Estudiantes,Estudiante de Grado,False,no_show,2026-08-21 08:08:28.948000-03:00,,,False,
G-03091,generado_ia,2026-08-21,Becas Nutrirse,Becas Nutrirse Vianda,False,canceled,2026-08-21 08:09:29.449000-03:00,2026-08-21 09:02:43.689000-03:00,,False,
G-03092,generado_ia,2026-08-21,Becas Nutrirse,Becas Nutrirse Vianda,False,no_show,2026-08-21 08:09:36.167000-03:00,,,False,
G-03093,generado_ia,2026-08-21,Becas personal,Becas Nodocentes,False,canceled,2026-08-21 08:10:15.224000-03:00,2026-08-21 10:18:07.655000-03:00,,False,
G-03094,generado_ia,2026-08-21,Estudiantes,Estudiante de Grado,False,no_show,2026-08-21 08:10:49.578000-03:00,,,False,
G-03095,generado_ia,2026-08-21,Estudiantes,Estudiante de Grado,False,no_show,2026-08-21 08:11:43.790000-03:00,,,False,
G-03096,generado_ia,2026-08-21,Estudiantes,Estudiante de Grado,False,no_show,2026-08-21 08:11:54.621000-03:00,,,False,
G-03097,generado_ia,2026-08-21,Estudiantes,Estudiante de Grado,False,no_show,2026-08-21 08:12:12.442000-03:00,,,False,
G-03098,generado_ia,2026-08-21,Estudiantes,Estudiante de Grado,False,no_show,2026-08-21 08:12:45.950000-03:00,,,False,
G-03099,generado_ia,2026-08-21,Estudiantes,Estudiante de Grado,False,no_show,2026-08-21 08:12:56.555000-03:00,,,False,
G-03100,generado_ia,2026-08-21,Estudiantes,Estudiante de Grado,False,no_show,2026-08-21 08:13:08.164000-03:00,,,False,
G-03101,generado_ia,2026-08-21,Estudiantes,Estudiante de Grado,False,no_show,2026-08-21 08:13:10.493000-03:00,,,False,
G-03102,generado_ia,2026-08-21,Estudiantes,Estudiante de Grado,False,no_show,2026-08-21 08:13:18.134000-03:00,,,False,
G-03103,generado_ia,2026-08-21,Becas Nutrirse,Becas Nutrirse Vianda,False,canceled,2026-08-21 08:14:12.894000-03:00,2026-08-21 09:42:00.426000-03:00,,False,
G-03104,generado_ia,2026-08-21,Becas personal,Becas Nodocentes,False,canceled,2026-08-21 08:15:15.563000-03:00,2026-08-21 09:16:47.993000-03:00,,False,
G-03105,generado_ia,2026-08-21,Estudiantes,Estudiante de Grado,False,no_show,2026-08-21 08:15:17.241000-03:00,,,False,
G-03106,generado_ia,2026-08-21,Estudiantes,Estudiante de Grado,False,no_show,2026-08-21 08:15:26.170000-03:00,,,False,
G-03107,generado_ia,2026-08-21,Estudiantes,Estudiante de Grado,False,canceled,2026-08-21 08:15:52.284000-03:00,2026-08-21 09:59:01.784000-03:00,,False,
G-03108,generado_ia,2026-08-21,Estudiantes,Estudiante de Grado,False,no_show,2026-08-21 08:18:10.351000-03:00,,,False,
G-03109,generado_ia,2026-08-21,Estudiantes,Estudiante de Grado,False,no_show,2026-08-21 08:18:12.255000-03:00,,,False,
G-03110,generado_ia,2026-08-21,Becas Nutrirse,Becas Nutrirse Vianda,False,canceled,2026-08-21 08:18:24.851000-03:00,2026-08-21 08:39:39.265000-03:00,,False,
G-03111,generado_ia,2026-08-21,Estudiantes,Estudiante de Grado,False,canceled,2026-08-21 08:18:38.126000-03:00,2026-08-21 08:26:28.975000-03:00,,False,
G-03112,generado_ia,2026-08-21,Estudiantes,Estudiante de Grado,False,no_show,2026-08-21 08:18:41.957000-03:00,,,False,
G-03113,generado_ia,2026-08-21,Estudiantes,Estudiante de Grado,False,no_show,2026-08-21 08:18:59.212000-03:00,,,False,
G-03114,generado_ia,2026-08-21,Becas personal,Becas Docentes,False,no_show,2026-08-21 08:19:34.861000-03:00,,,False,
G-03115,generado_ia,2026-08-21,Estudiantes,Estudiante de Grado,False,no_show,2026-08-21 08:20:03.886000-03:00,,,False,
G-03116,generado_ia,2026-08-21,Estudiantes,Estudiante de Grado,False,no_show,2026-08-21 08:20:11.510000-03:00,,,False,
G-03117,generado_ia,2026-08-21,Estudiantes,Estudiante de Grado,False,no_show,2026-08-21 08:20:31.832000-03:00,,,False,
G-03118,generado_ia,2026-08-21,Becas Nutrirse,Becas Nutrirse Vianda,False,no_show,2026-08-21 08:21:05.581000-03:00,,,False,
G-03119,generado_ia,2026-08-21,Becas Nutrirse,Becas Nutrirse Vianda,False,canceled,2026-08-21 08:21:30.087000-03:00,2026-08-21 09:14:39.855000-03:00,,False,
G-03120,generado_ia,2026-08-21,Estudiantes,Estudiante de Grado,False,no_show,2026-08-21 08:22:18.607000-03:00,,,False,
G-03121,generado_ia,2026-08-21,Estudiantes,Estudiante de Grado,False,no_show,2026-08-21 08:22:28.250000-03:00,,,False,
G-03122,generado_ia,2026-08-21,Becas Nutrirse,Becas Nutrirse Vianda,False,canceled,2026-08-21 08:22:39.763000-03:00,2026-08-21 10:45:53.547000-03:00,,False,
G-03123,generado_ia,2026-08-21,Becas Nutrirse,Becas Nutrirse Vianda,False,no_show,2026-08-21 08:22:55.573000-03:00,,,False,
G-03124,generado_ia,2026-08-21,Estudiantes,Estudiante de Grado,False,no_show,2026-08-21 08:23:23.612000-03:00,,,False,
G-03125,generado_ia,2026-08-21,Estudiantes,Estudiante de Grado,False,no_show,2026-08-21 08:23:39.207000-03:00,,,False,
G-03126,generado_ia,2026-08-21,Becas Nutrirse,Becas Nutrirse Vianda,False,canceled,2026-08-21 08:23:48.841000-03:00,2026-08-21 10:01:33.890000-03:00,,False,
G-03127,generado_ia,2026-08-21,Estudiantes,Estudiante de Grado,False,no_show,2026-08-21 08:24:24.705000-03:00,,,False,
G-03128,generado_ia,2026-08-21,Estudiantes,Estudiante de Grado,False,no_show,2026-08-21 08:24:35.434000-03:00,,,False,
G-03129,generado_ia,2026-08-21,Estudiantes,Estudiante de Grado,False,no_show,2026-08-21 08:24:38.008000-03:00,,,False,
G-03130,generado_ia,2026-08-21,Estudiantes,Estudiante de Grado,False,no_show,2026-08-21 08:24:46.143000-03:00,,,False,
G-03131,generado_ia,2026-08-21,Estudiantes,Estudiante de Grado,False,canceled,2026-08-21 08:24:49.733000-03:00,2026-08-21 08:46:35.144000-03:00,,False,
G-03132,generado_ia,2026-08-21,Estudiantes,Estudiante de Grado,False,canceled,2026-08-21 08:25:00.692000-03:00,2026-08-21 09:55:34.659000-03:00,,False,
G-03133,generado_ia,2026-08-21,Estudiantes,Estudiante de Grado,False,no_show,2026-08-21 08:25:18.002000-03:00,,,False,
G-03134,generado_ia,2026-08-21,Estudiantes,Estudiante de Grado,False,canceled,2026-08-21 08:26:43.546000-03:00,2026-08-21 09:58:36.284000-03:00,,False,
G-03135,generado_ia,2026-08-21,Estudiantes,Estudiante de Grado,False,no_show,2026-08-21 08:27:11.153000-03:00,,,False,
G-03136,generado_ia,2026-08-21,Becas Nutrirse,Becas Nutrirse Vianda,False,no_show,2026-08-21 08:28:19.562000-03:00,,,False,
G-03137,generado_ia,2026-08-21,Estudiantes,Estudiante de Grado,False,canceled,2026-08-21 08:28:33.809000-03:00,2026-08-21 09:05:25.071000-03:00,,False,
G-03138,generado_ia,2026-08-21,Estudiantes,Estudiante de Grado,False,no_show,2026-08-21 08:28:37.035000-03:00,,,False,
G-03139,generado_ia,2026-08-21,Becas personal,Becas Nodocentes,False,canceled,2026-08-21 08:29:16.129000-03:00,2026-08-21 10:57:27.309000-03:00,,False,
G-03140,generado_ia,2026-08-21,Estudiantes,Estudiante de Grado,False,no_show,2026-08-21 08:30:03.949000-03:00,,,False,
G-03141,generado_ia,2026-08-21,Becas Nutrirse,Becas Nutrirse Vianda,False,canceled,2026-08-21 08:30:20.666000-03:00,2026-08-21 10:03:16.312000-03:00,,False,
G-03142,generado_ia,2026-08-21,Estudiantes,Estudiante de Grado,False,no_show,2026-08-21 08:30:22.058000-03:00,,,False,
G-03143,generado_ia,2026-08-21,Estudiantes,Estudiante de Grado,False,no_show,2026-08-21 08:30:37.125000-03:00,,,False,
G-03144,generado_ia,2026-08-21,Estudiantes,Estudiante de Grado,False,no_show,2026-08-21 08:30:47.995000-03:00,,,False,
G-03145,generado_ia,2026-08-21,Becas Nutrirse,Becas Nutrirse Vianda,False,no_show,2026-08-21 08:31:26.796000-03:00,,,False,
G-03146,generado_ia,2026-08-21,Estudiantes,Estudiante de Grado,False,no_show,2026-08-21 08:31:37.377000-03:00,,,False,
G-03147,generado_ia,2026-08-21,Estudiantes,Estudiante de Grado,False,no_show,2026-08-21 08:31:49.155000-03:00,,,False,
G-03148,generado_ia,2026-08-21,Estudiantes,Estudiante de Grado,False,no_show,2026-08-21 08:31:51.417000-03:00,,,False,
G-03149,generado_ia,2026-08-21,Estudiantes,Estudiante de Grado,False,no_show,2026-08-21 08:31:57.194000-03:00,,,False,
G-03150,generado_ia,2026-08-21,Estudiantes,Estudiante de Grado,False,no_show,2026-08-21 08:33:15.335000-03:00,,,False,
G-03151,generado_ia,2026-08-21,Becas Nutrirse,Becas Nutrirse Vianda,False,no_show,2026-08-21 08:33:16.641000-03:00,,,False,
G-03152,generado_ia,2026-08-21,Estudiantes,Estudiante de Grado,False,no_show,2026-08-21 08:33:45.841000-03:00,,,False,
G-03153,generado_ia,2026-08-21,Estudiantes,Estudiante de Grado,False,no_show,2026-08-21 08:35:12.588000-03:00,,,False,
G-03154,generado_ia,2026-08-21,Estudiantes,Estudiante de Grado,False,no_show,2026-08-21 08:35:44.705000-03:00,,,False,
G-03155,generado_ia,2026-08-21,Estudiantes,Estudiante de Grado,False,no_show,2026-08-21 08:35:53.583000-03:00,,,False,
G-03156,generado_ia,2026-08-21,Estudiantes,Estudiante de Grado,False,no_show,2026-08-21 08:36:18.701000-03:00,,,False,
G-03157,generado_ia,2026-08-21,Estudiantes,Estudiante de Grado,False,no_show,2026-08-21 08:36:32.399000-03:00,,,False,
G-03158,generado_ia,2026-08-21,Estudiantes,Estudiante de Grado,False,no_show,2026-08-21 08:36:33.924000-03:00,,,False,
G-03159,generado_ia,2026-08-21,Estudiantes,Estudiante de Grado,False,no_show,2026-08-21 08:37:30.086000-03:00,,,False,
G-03160,generado_ia,2026-08-21,Estudiantes,Estudiante de Grado,False,no_show,2026-08-21 08:38:00.068000-03:00,,,False,
G-03161,generado_ia,2026-08-21,Estudiantes,Estudiante de Grado,False,no_show,2026-08-21 08:38:12.102000-03:00,,,False,
G-03162,generado_ia,2026-08-21,Becas Nutrirse,Becas Nutrirse Vianda,False,no_show,2026-08-21 08:38:17.513000-03:00,,,False,
G-03163,generado_ia,2026-08-21,Estudiantes,Estudiante de Grado,False,canceled,2026-08-21 08:41:26.132000-03:00,2026-08-21 10:36:24.429000-03:00,,False,
G-03164,generado_ia,2026-08-21,Estudiantes,Estudiante de Grado,False,no_show,2026-08-21 08:42:01.961000-03:00,,,False,
G-03165,generado_ia,2026-08-21,Estudiantes,Estudiante de Grado,False,no_show,2026-08-21 08:42:45.884000-03:00,,,False,
G-03166,generado_ia,2026-08-21,Becas Nutrirse,Becas Nutrirse Vianda,False,canceled,2026-08-21 08:43:36.959000-03:00,2026-08-21 10:56:42.927000-03:00,,False,
G-03167,generado_ia,2026-08-21,Estudiantes,Estudiante de Grado,False,canceled,2026-08-21 08:44:25.567000-03:00,2026-08-21 10:44:03.759000-03:00,,False,
G-03168,generado_ia,2026-08-21,Estudiantes,Estudiante de Grado,False,no_show,2026-08-21 08:45:22.549000-03:00,,,False,
G-03169,generado_ia,2026-08-21,Estudiantes,Estudiante de Grado,False,canceled,2026-08-21 08:46:52.864000-03:00,2026-08-21 08:59:42.526000-03:00,,False,
G-03170,generado_ia,2026-08-21,Becas Nutrirse,Becas Nutrirse Vianda,False,canceled,2026-08-21 08:46:56.805000-03:00,2026-08-21 10:33:51.537000-03:00,,False,
G-03171,generado_ia,2026-08-21,Estudiantes,Estudiante de Grado,False,no_show,2026-08-21 08:47:44.286000-03:00,,,False,
G-03172,generado_ia,2026-08-21,Estudiantes,Estudiante de Grado,False,no_show,2026-08-21 08:48:27.821000-03:00,,,False,
G-03173,generado_ia,2026-08-21,Becas Nutrirse,Becas Nutrirse Vianda,False,canceled,2026-08-21 08:48:39.522000-03:00,2026-08-21 09:52:09.375000-03:00,,False,
G-03174,generado_ia,2026-08-21,Becas Nutrirse,Becas Nutrirse Vianda,False,canceled,2026-08-21 08:49:18.041000-03:00,2026-08-21 09:11:42.240000-03:00,,False,
G-03175,generado_ia,2026-08-21,Estudiantes,Estudiante de Grado,False,canceled,2026-08-21 08:50:18.165000-03:00,2026-08-21 10:22:09.321000-03:00,,False,
G-03176,generado_ia,2026-08-21,Becas Nutrirse,Becas Nutrirse Vianda sin TACC,True,no_show,2026-08-21 08:51:28.431000-03:00,,,False,
G-03177,generado_ia,2026-08-21,Estudiantes,Estudiante de Grado,False,no_show,2026-08-21 08:51:39.356000-03:00,,,False,
G-03178,generado_ia,2026-08-21,Estudiantes,Estudiante de Grado,False,no_show,2026-08-21 08:52:29.893000-03:00,,,False,
G-03179,generado_ia,2026-08-21,Becas Nutrirse,Becas Nutrirse Vianda,False,no_show,2026-08-21 08:52:59.050000-03:00,,,False,
G-03180,generado_ia,2026-08-21,Estudiantes,Estudiante de Grado,False,canceled,2026-08-21 08:54:21.987000-03:00,2026-08-21 10:30:42.897000-03:00,,False,
G-03181,generado_ia,2026-08-21,Estudiantes,Estudiante de Grado,False,canceled,2026-08-21 08:54:27.794000-03:00,2026-08-21 09:27:43.095000-03:00,,False,
G-03182,generado_ia,2026-08-21,Becas personal,Becas Nodocentes,False,canceled,2026-08-21 08:55:51.314000-03:00,2026-08-21 09:08:29.909000-03:00,,False,
G-03183,generado_ia,2026-08-21,Estudiantes,Estudiante de Grado,False,no_show,2026-08-21 08:56:54.029000-03:00,,,False,
G-03184,generado_ia,2026-08-21,Estudiantes,Estudiante de Grado,False,canceled,2026-08-21 08:57:46.139000-03:00,2026-08-21 09:59:03.110000-03:00,,False,
G-03185,generado_ia,2026-08-21,Estudiantes,Estudiante de Grado,False,no_show,2026-08-21 08:57:49.992000-03:00,,,False,
G-03186,generado_ia,2026-08-21,Estudiantes,Estudiante de Grado,False,canceled,2026-08-21 08:58:14.924000-03:00,2026-08-21 10:12:48.641000-03:00,,False,
G-03187,generado_ia,2026-08-21,Estudiantes,Estudiante de Grado,False,canceled,2026-08-21 08:59:15.831000-03:00,2026-08-21 09:24:39.787000-03:00,,False,
G-03188,generado_ia,2026-08-21,Becas Nutrirse,Becas Nutrirse Vianda,False,no_show,2026-08-21 09:00:13.365000-03:00,,,False,
G-03189,generado_ia,2026-08-21,Becas personal,Becas Nodocentes,False,no_show,2026-08-21 09:00:28.369000-03:00,,,False,
G-03190,generado_ia,2026-08-21,Estudiantes,Estudiante de Grado sin TACC,True,no_show,2026-08-21 09:03:06.104000-03:00,,,False,
G-03191,generado_ia,2026-08-21,Becas Nutrirse,Becas Nutrirse Vianda,False,no_show,2026-08-21 09:03:10.559000-03:00,,,False,
G-03192,generado_ia,2026-08-21,Becas Nutrirse,Becas Nutrirse Vianda,False,canceled,2026-08-21 09:08:19.833000-03:00,2026-08-21 10:09:40.889000-03:00,,False,
G-03193,generado_ia,2026-08-21,Becas personal,Becas Docentes,False,canceled,2026-08-21 09:10:30.141000-03:00,2026-08-21 10:02:15.058000-03:00,,False,
G-03194,generado_ia,2026-08-21,Becas Nutrirse,Becas Nutrirse Vianda,False,no_show,2026-08-21 09:10:41.706000-03:00,,,False,
G-03195,generado_ia,2026-08-21,Becas Nutrirse,Becas Nutrirse Vianda,False,no_show,2026-08-21 09:12:07.239000-03:00,,,False,
G-03196,generado_ia,2026-08-21,Personal,Docente,False,canceled,2026-08-21 09:13:37.459000-03:00,2026-08-21 10:21:40.498000-03:00,,False,
G-03197,generado_ia,2026-08-21,Personal,Docente,False,no_show,2026-08-21 09:23:42.396000-03:00,,,False,
G-03198,generado_ia,2026-08-21,Becas Nutrirse,Becas Nutrirse Vianda,False,no_show,2026-08-21 09:26:51.421000-03:00,,,False,
G-03199,generado_ia,2026-08-21,Becas Nutrirse,Becas Nutrirse Vianda,False,no_show,2026-08-21 09:43:59.064000-03:00,,,False,
G-03200,generado_ia,2026-08-21,Becas personal,Becas Nodocentes,False,canceled,2026-08-21 09:50:00.698000-03:00,2026-08-21 09:59:57.661000-03:00,,False,
G-03201,generado_ia,2026-08-21,Estudiantes,Estudiante de Grado,False,no_show,2026-08-21 09:52:17.374000-03:00,,,False,
G-03202,generado_ia,2026-08-21,Becas Nutrirse,Becas Nutrirse Vianda,False,no_show,2026-08-21 09:55:52.108000-03:00,,,False,
G-03203,generado_ia,2026-08-21,Becas personal,Becas Docentes,False,canceled,2026-08-21 10:01:04.344000-03:00,2026-08-21 10:06:01.055000-03:00,,False,
G-03204,generado_ia,2026-08-21,Becas Nutrirse,Becas Nutrirse Vianda,False,no_show,2026-08-21 10:11:53.592000-03:00,,,False,
G-03205,generado_ia,2026-08-21,Becas personal,Becas Nodocentes,False,no_show,2026-08-21 10:15:08.115000-03:00,,,False,
G-03206,generado_ia,2026-08-21,Estudiantes,Estudiante de Grado,False,no_show,2026-08-21 10:19:21.157000-03:00,,,False,
G-03207,generado_ia,2026-08-21,Estudiantes,Estudiante de Grado,False,no_show,2026-08-21 10:20:19.013000-03:00,,,False,
G-03208,generado_ia,2026-08-21,Estudiantes,Estudiante de Grado,False,no_show,2026-08-21 10:20:38.582000-03:00,,,False,
G-03209,generado_ia,2026-08-21,Becas Nutrirse,Becas Nutrirse Vianda,False,no_show,2026-08-21 10:21:10.909000-03:00,,,False,
G-03210,generado_ia,2026-08-21,Becas Nutrirse,Becas Nutrirse Vianda,False,no_show,2026-08-21 10:24:33.063000-03:00,,,False,
G-03211,generado_ia,2026-08-21,Estudiantes,Estudiante de Grado,False,no_show,2026-08-21 10:27:36.154000-03:00,,,False,
G-03212,generado_ia,2026-08-21,Estudiantes,Estudiante de Grado,False,no_show,2026-08-21 10:28:43.104000-03:00,,,False,
G-03213,generado_ia,2026-08-21,Estudiantes,Estudiante de Grado,False,canceled,2026-08-21 10:28:50.510000-03:00,2026-08-21 10:52:59.143000-03:00,,False,
G-03214,generado_ia,2026-08-21,Estudiantes,Estudiante de Grado,False,no_show,2026-08-21 10:29:20.212000-03:00,,,False,
G-03215,generado_ia,2026-08-21,Estudiantes,Estudiante de Grado,False,canceled,2026-08-21 10:29:29.137000-03:00,2026-08-21 10:50:18.572000-03:00,,False,
G-03216,generado_ia,2026-08-21,Estudiantes,Estudiante de Grado,False,no_show,2026-08-21 10:29:33.143000-03:00,,,False,
G-03217,generado_ia,2026-08-21,Estudiantes,Estudiante de Grado,False,no_show,2026-08-21 10:31:17.825000-03:00,,,False,
G-03218,generado_ia,2026-08-21,Becas Nutrirse,Becas Nutrirse Vianda,False,no_show,2026-08-21 10:31:23.682000-03:00,,,False,
G-03219,generado_ia,2026-08-21,Becas Nutrirse,Becas Nutrirse Vianda,False,canceled,2026-08-21 10:31:44.022000-03:00,2026-08-21 10:53:16.421000-03:00,,False,
G-03220,generado_ia,2026-08-21,Estudiantes,Estudiante de Grado,False,no_show,2026-08-21 10:32:43.689000-03:00,,,False,
G-03221,generado_ia,2026-08-21,Becas Nutrirse,Becas Nutrirse Vianda,False,no_show,2026-08-21 10:39:54.742000-03:00,,,False,
G-03222,generado_ia,2026-08-21,Becas Nutrirse,Becas Nutrirse Vianda,False,no_show,2026-08-21 10:55:54.304000-03:00,,,False,
G-03223,generado_ia,2026-08-21,Becas Nutrirse,Becas Nutrirse Vianda,False,no_show,2026-08-21 10:56:21.476000-03:00,,,False,
G-03224,generado_ia,2026-08-21,Estudiantes,Estudiante de Grado,False,no_show,2026-08-21 11:13:09.058000-03:00,,,False,
G-03225,generado_ia,2026-08-24,Estudiantes,Estudiante de Grado,False,no_show,2026-08-24 08:00:20.956000-03:00,,,False,
G-03226,generado_ia,2026-08-24,Becas Nutrirse,Becas Nutrirse Vianda,False,canceled,2026-08-24 08:00:25.452000-03:00,2026-08-24 08:36:57.628000-03:00,,False,
G-03227,generado_ia,2026-08-24,Estudiantes,Estudiante de Grado,False,no_show,2026-08-24 08:00:27.111000-03:00,,,False,
G-03228,generado_ia,2026-08-24,Estudiantes,Estudiante de Grado,False,no_show,2026-08-24 08:00:28.011000-03:00,,,False,
G-03229,generado_ia,2026-08-24,Estudiantes,Estudiante de Grado,False,no_show,2026-08-24 08:00:33.479000-03:00,,,False,
G-03230,generado_ia,2026-08-24,Estudiantes,Estudiante de Grado,False,no_show,2026-08-24 08:00:34.956000-03:00,,,False,
G-03231,generado_ia,2026-08-24,Estudiantes,Estudiante de Grado,False,no_show,2026-08-24 08:00:36.264000-03:00,,,False,
G-03232,generado_ia,2026-08-24,Becas personal,Becas Nodocentes,False,canceled,2026-08-24 08:00:43.376000-03:00,2026-08-24 09:34:28.351000-03:00,,False,
G-03233,generado_ia,2026-08-24,Estudiantes,Estudiante de Grado,False,canceled,2026-08-24 08:00:46.800000-03:00,2026-08-24 09:03:20.864000-03:00,,False,
G-03234,generado_ia,2026-08-24,Estudiantes,Estudiante de Grado,False,canceled,2026-08-24 08:00:47.233000-03:00,2026-08-24 09:26:27.253000-03:00,,False,
G-03235,generado_ia,2026-08-24,Personal,Docente,False,canceled,2026-08-24 08:00:57.496000-03:00,2026-08-24 08:35:42.855000-03:00,,False,
G-03236,generado_ia,2026-08-24,Estudiantes,Estudiante de Grado,False,no_show,2026-08-24 08:01:01.529000-03:00,,,False,
G-03237,generado_ia,2026-08-24,Estudiantes,Estudiante de Grado,False,no_show,2026-08-24 08:01:02.054000-03:00,,,False,
G-03238,generado_ia,2026-08-24,Becas Nutrirse,Becas Nutrirse Vianda,False,no_show,2026-08-24 08:01:16.326000-03:00,,,False,
G-03239,generado_ia,2026-08-24,Estudiantes,Estudiante de Grado,False,canceled,2026-08-24 08:01:25.558000-03:00,2026-08-24 09:21:05.732000-03:00,,False,
G-03240,generado_ia,2026-08-24,Becas Nutrirse,Becas Nutrirse Vianda,False,canceled,2026-08-24 08:01:25.913000-03:00,2026-08-24 10:38:05.171000-03:00,,False,
G-03241,generado_ia,2026-08-24,Estudiantes,Estudiante de Grado,False,no_show,2026-08-24 08:01:28.697000-03:00,,,False,
G-03242,generado_ia,2026-08-24,Estudiantes,Estudiante de Grado,False,no_show,2026-08-24 08:01:37.204000-03:00,,,False,
G-03243,generado_ia,2026-08-24,Becas Nutrirse,Becas Nutrirse Vianda,False,no_show,2026-08-24 08:01:43.843000-03:00,,,False,
G-03244,generado_ia,2026-08-24,Estudiantes,Estudiante de Grado,False,canceled,2026-08-24 08:01:48.089000-03:00,2026-08-24 08:22:35.918000-03:00,,False,
G-03245,generado_ia,2026-08-24,Estudiantes,Estudiante de Grado,False,no_show,2026-08-24 08:01:48.251000-03:00,,,False,
G-03246,generado_ia,2026-08-24,Estudiantes,Estudiante de Grado,False,no_show,2026-08-24 08:02:18.516000-03:00,,,False,
G-03247,generado_ia,2026-08-24,Estudiantes,Estudiante de Grado,False,no_show,2026-08-24 08:02:23.838000-03:00,,,False,
G-03248,generado_ia,2026-08-24,Estudiantes,Estudiante de Grado,False,no_show,2026-08-24 08:02:27.899000-03:00,,,False,
G-03249,generado_ia,2026-08-24,Estudiantes,Estudiante de Grado,False,no_show,2026-08-24 08:02:51.676000-03:00,,,False,
G-03250,generado_ia,2026-08-24,Estudiantes,Estudiante de Grado,False,no_show,2026-08-24 08:02:54.285000-03:00,,,False,
G-03251,generado_ia,2026-08-24,Becas personal,Becas Docentes,False,no_show,2026-08-24 08:03:06.820000-03:00,,,False,
G-03252,generado_ia,2026-08-24,Estudiantes,Estudiante de Grado,False,no_show,2026-08-24 08:03:27.489000-03:00,,,False,
G-03253,generado_ia,2026-08-24,Estudiantes,Estudiante de Grado,False,no_show,2026-08-24 08:03:37.820000-03:00,,,False,
G-03254,generado_ia,2026-08-24,Becas Nutrirse,Becas Nutrirse Vianda,False,canceled,2026-08-24 08:03:48.251000-03:00,2026-08-24 09:58:44.569000-03:00,,False,
G-03255,generado_ia,2026-08-24,Estudiantes,Estudiante de Grado,False,no_show,2026-08-24 08:03:58.129000-03:00,,,False,
G-03256,generado_ia,2026-08-24,Estudiantes,Estudiante de Grado,False,canceled,2026-08-24 08:04:08.149000-03:00,2026-08-24 10:42:02.553000-03:00,,False,
G-03257,generado_ia,2026-08-24,Estudiantes,Estudiante de Grado,False,no_show,2026-08-24 08:04:10.186000-03:00,,,False,
G-03258,generado_ia,2026-08-24,Estudiantes,Estudiante de Grado,False,no_show,2026-08-24 08:04:23.098000-03:00,,,False,
G-03259,generado_ia,2026-08-24,Estudiantes,Estudiante de Grado,False,no_show,2026-08-24 08:04:38.771000-03:00,,,False,
G-03260,generado_ia,2026-08-24,Estudiantes,Estudiante de Grado,False,no_show,2026-08-24 08:04:49.236000-03:00,,,False,
G-03261,generado_ia,2026-08-24,Becas Nutrirse,Becas Nutrirse Vianda,False,no_show,2026-08-24 08:04:51.734000-03:00,,,False,
G-03262,generado_ia,2026-08-24,Estudiantes,Estudiante de Grado,False,no_show,2026-08-24 08:04:58.968000-03:00,,,False,
G-03263,generado_ia,2026-08-24,Estudiantes,Estudiante de Grado,False,no_show,2026-08-24 08:05:01.861000-03:00,,,False,
G-03264,generado_ia,2026-08-24,Estudiantes,Estudiante de Grado,False,canceled,2026-08-24 08:05:26.901000-03:00,2026-08-24 09:45:32.326000-03:00,,False,
G-03265,generado_ia,2026-08-24,Estudiantes,Estudiante de Grado,False,no_show,2026-08-24 08:06:00.223000-03:00,,,False,
G-03266,generado_ia,2026-08-24,Estudiantes,Estudiante de Grado,False,no_show,2026-08-24 08:06:01.726000-03:00,,,False,
G-03267,generado_ia,2026-08-24,Becas personal,Becas Nodocentes,False,canceled,2026-08-24 08:06:26.573000-03:00,2026-08-24 09:10:08.159000-03:00,,False,
G-03268,generado_ia,2026-08-24,Estudiantes,Estudiante de Grado,False,no_show,2026-08-24 08:06:28.551000-03:00,,,False,
G-03269,generado_ia,2026-08-24,Becas Nutrirse,Becas Nutrirse Vianda,False,canceled,2026-08-24 08:06:30.922000-03:00,2026-08-24 10:48:48.848000-03:00,,False,
G-03270,generado_ia,2026-08-24,Estudiantes,Estudiante de Grado,False,no_show,2026-08-24 08:06:36.652000-03:00,,,False,
G-03271,generado_ia,2026-08-24,Estudiantes,Estudiante de Grado,False,no_show,2026-08-24 08:06:39.431000-03:00,,,False,
G-03272,generado_ia,2026-08-24,Estudiantes,Estudiante de Grado,False,no_show,2026-08-24 08:06:43.054000-03:00,,,False,
G-03273,generado_ia,2026-08-24,Estudiantes,Estudiante de Grado,False,no_show,2026-08-24 08:07:01.985000-03:00,,,False,
G-03274,generado_ia,2026-08-24,Becas Nutrirse,Becas Nutrirse Vianda,False,canceled,2026-08-24 08:07:06.722000-03:00,2026-08-24 08:48:32.844000-03:00,,False,
G-03275,generado_ia,2026-08-24,Becas Nutrirse,Becas Nutrirse Vianda,False,no_show,2026-08-24 08:07:19.246000-03:00,,,False,
G-03276,generado_ia,2026-08-24,Becas Nutrirse,Becas Nutrirse Vianda,False,canceled,2026-08-24 08:07:28.592000-03:00,2026-08-24 08:35:49.058000-03:00,,False,
G-03277,generado_ia,2026-08-24,Estudiantes,Estudiante de Grado,False,no_show,2026-08-24 08:07:59.798000-03:00,,,False,
G-03278,generado_ia,2026-08-24,Estudiantes,Estudiante de Grado,False,canceled,2026-08-24 08:08:17.965000-03:00,2026-08-24 10:48:01.317000-03:00,,False,
G-03279,generado_ia,2026-08-24,Becas Nutrirse,Becas Nutrirse Vianda,False,canceled,2026-08-24 08:08:23.415000-03:00,2026-08-24 10:56:07.097000-03:00,,False,
G-03280,generado_ia,2026-08-24,Becas Nutrirse,Becas Nutrirse Vianda,False,no_show,2026-08-24 08:08:56.547000-03:00,,,False,
G-03281,generado_ia,2026-08-24,Becas Nutrirse,Becas Nutrirse Vianda,False,canceled,2026-08-24 08:08:59.718000-03:00,2026-08-24 09:20:50.845000-03:00,,False,
G-03282,generado_ia,2026-08-24,Estudiantes,Estudiante de Grado,False,no_show,2026-08-24 08:09:33.291000-03:00,,,False,
G-03283,generado_ia,2026-08-24,Estudiantes,Estudiante de Grado,False,no_show,2026-08-24 08:09:51.843000-03:00,,,False,
G-03284,generado_ia,2026-08-24,Estudiantes,Estudiante de Grado sin TACC,True,no_show,2026-08-24 08:10:24.140000-03:00,,,False,
G-03285,generado_ia,2026-08-24,Estudiantes,Estudiante de Grado,False,no_show,2026-08-24 08:10:38.522000-03:00,,,False,
G-03286,generado_ia,2026-08-24,Estudiantes,Estudiante de Grado,False,no_show,2026-08-24 08:10:45.026000-03:00,,,False,
G-03287,generado_ia,2026-08-24,Estudiantes,Estudiante de Grado,False,no_show,2026-08-24 08:11:08.349000-03:00,,,False,
G-03288,generado_ia,2026-08-24,Estudiantes,Estudiante de Grado,False,no_show,2026-08-24 08:11:38.261000-03:00,,,False,
G-03289,generado_ia,2026-08-24,Estudiantes,Estudiante de Grado,False,canceled,2026-08-24 08:11:43.369000-03:00,2026-08-24 09:00:52.568000-03:00,,False,
G-03290,generado_ia,2026-08-24,Estudiantes,Estudiante de Grado,False,no_show,2026-08-24 08:12:03.463000-03:00,,,False,
G-03291,generado_ia,2026-08-24,Estudiantes,Estudiante de Grado,False,canceled,2026-08-24 08:12:15.651000-03:00,2026-08-24 09:56:15.840000-03:00,,False,
G-03292,generado_ia,2026-08-24,Estudiantes,Estudiante de Grado,False,no_show,2026-08-24 08:12:58.853000-03:00,,,False,
G-03293,generado_ia,2026-08-24,Estudiantes,Estudiante de Grado,False,no_show,2026-08-24 08:13:44.595000-03:00,,,False,
G-03294,generado_ia,2026-08-24,Estudiantes,Estudiante de Grado,False,no_show,2026-08-24 08:13:58.485000-03:00,,,False,
G-03295,generado_ia,2026-08-24,Becas Nutrirse,Becas Nutrirse Vianda,False,no_show,2026-08-24 08:14:10.824000-03:00,,,False,
G-03296,generado_ia,2026-08-24,Estudiantes,Estudiante de Grado,False,no_show,2026-08-24 08:14:38.558000-03:00,,,False,
G-03297,generado_ia,2026-08-24,Estudiantes,Estudiante de Grado,False,no_show,2026-08-24 08:15:11.257000-03:00,,,False,
G-03298,generado_ia,2026-08-24,Estudiantes,Estudiante de Grado,False,no_show,2026-08-24 08:15:11.874000-03:00,,,False,
G-03299,generado_ia,2026-08-24,Estudiantes,Estudiante de Grado,False,no_show,2026-08-24 08:16:07.333000-03:00,,,False,
G-03300,generado_ia,2026-08-24,Becas Nutrirse,Becas Nutrirse Vianda,False,canceled,2026-08-24 08:16:26.971000-03:00,2026-08-24 10:16:04.217000-03:00,,False,
G-03301,generado_ia,2026-08-24,Estudiantes,Estudiante de Grado,False,no_show,2026-08-24 08:17:13.790000-03:00,,,False,
G-03302,generado_ia,2026-08-24,Estudiantes,Estudiante de Grado,False,no_show,2026-08-24 08:17:15.832000-03:00,,,False,
G-03303,generado_ia,2026-08-24,Becas Nutrirse,Becas Nutrirse Vianda,False,no_show,2026-08-24 08:17:21.664000-03:00,,,False,
G-03304,generado_ia,2026-08-24,Estudiantes,Estudiante de Grado,False,canceled,2026-08-24 08:17:51.115000-03:00,2026-08-24 09:02:26.636000-03:00,,False,
G-03305,generado_ia,2026-08-24,Estudiantes,Estudiante de Grado,False,no_show,2026-08-24 08:18:05.876000-03:00,,,False,
G-03306,generado_ia,2026-08-24,Estudiantes,Estudiante de Grado,False,no_show,2026-08-24 08:18:07.931000-03:00,,,False,
G-03307,generado_ia,2026-08-24,Estudiantes,Estudiante de Grado,False,no_show,2026-08-24 08:18:27.350000-03:00,,,False,
G-03308,generado_ia,2026-08-24,Estudiantes,Estudiante de Grado,False,no_show,2026-08-24 08:18:34.301000-03:00,,,False,
G-03309,generado_ia,2026-08-24,Estudiantes,Estudiante de Grado,False,canceled,2026-08-24 08:19:16.201000-03:00,2026-08-24 08:42:02.622000-03:00,,False,
G-03310,generado_ia,2026-08-24,Estudiantes,Estudiante de Grado,False,no_show,2026-08-24 08:19:19.801000-03:00,,,False,
G-03311,generado_ia,2026-08-24,Estudiantes,Estudiante de Grado,False,canceled,2026-08-24 08:20:07.977000-03:00,2026-08-24 10:25:00.212000-03:00,,False,
G-03312,generado_ia,2026-08-24,Becas personal,Becas Nodocentes,False,no_show,2026-08-24 08:20:14.418000-03:00,,,False,
G-03313,generado_ia,2026-08-24,Becas Nutrirse,Becas Nutrirse Vianda,False,no_show,2026-08-24 08:20:21.583000-03:00,,,False,
G-03314,generado_ia,2026-08-24,Estudiantes,Estudiante de Grado,False,no_show,2026-08-24 08:20:47.870000-03:00,,,False,
G-03315,generado_ia,2026-08-24,Estudiantes,Estudiante de Grado,False,no_show,2026-08-24 08:21:22.850000-03:00,,,False,
G-03316,generado_ia,2026-08-24,Estudiantes,Estudiante de Grado,False,no_show,2026-08-24 08:21:23.640000-03:00,,,False,
G-03317,generado_ia,2026-08-24,Becas personal,Becas Nodocentes,False,no_show,2026-08-24 08:21:23.761000-03:00,,,False,
G-03318,generado_ia,2026-08-24,Estudiantes,Estudiante de Grado,False,canceled,2026-08-24 08:22:07.535000-03:00,2026-08-24 10:04:46.216000-03:00,,False,
G-03319,generado_ia,2026-08-24,Estudiantes,Estudiante de Grado,False,no_show,2026-08-24 08:23:24.887000-03:00,,,False,
G-03320,generado_ia,2026-08-24,Estudiantes,Estudiante de Grado,False,no_show,2026-08-24 08:24:02.535000-03:00,,,False,
G-03321,generado_ia,2026-08-24,Estudiantes,Estudiante de Grado,False,no_show,2026-08-24 08:25:00.127000-03:00,,,False,
G-03322,generado_ia,2026-08-24,Estudiantes,Estudiante de Grado sin TACC,True,canceled,2026-08-24 08:25:42.560000-03:00,2026-08-24 08:30:57.571000-03:00,,False,
G-03323,generado_ia,2026-08-24,Estudiantes,Estudiante de Grado sin TACC,True,no_show,2026-08-24 08:25:56.121000-03:00,,,False,
G-03324,generado_ia,2026-08-24,Estudiantes,Estudiante de Grado,False,no_show,2026-08-24 08:26:34.553000-03:00,,,False,
G-03325,generado_ia,2026-08-24,Estudiantes,Estudiante de Grado,False,no_show,2026-08-24 08:27:05.186000-03:00,,,False,
G-03326,generado_ia,2026-08-24,Estudiantes,Estudiante de Grado,False,no_show,2026-08-24 08:27:57.523000-03:00,,,False,
G-03327,generado_ia,2026-08-24,Becas Nutrirse,Becas Nutrirse Vianda,False,canceled,2026-08-24 08:28:56.626000-03:00,2026-08-24 10:28:10.254000-03:00,,False,
G-03328,generado_ia,2026-08-24,Estudiantes,Estudiante Preuniversitario Monserrat,False,canceled,2026-08-24 08:30:04.465000-03:00,2026-08-24 08:59:50.939000-03:00,,False,
G-03329,generado_ia,2026-08-24,Estudiantes,Estudiante de Grado,False,no_show,2026-08-24 08:30:09.352000-03:00,,,False,
G-03330,generado_ia,2026-08-24,Estudiantes,Estudiante de Grado,False,no_show,2026-08-24 08:32:01.525000-03:00,,,False,
G-03331,generado_ia,2026-08-24,Estudiantes,Estudiante de Grado,False,no_show,2026-08-24 08:33:00.163000-03:00,,,False,
G-03332,generado_ia,2026-08-24,Estudiantes,Estudiante de Grado,False,no_show,2026-08-24 08:33:13.961000-03:00,,,False,
G-03333,generado_ia,2026-08-24,Estudiantes,Estudiante de Grado,False,no_show,2026-08-24 08:33:41.751000-03:00,,,False,
G-03334,generado_ia,2026-08-24,Estudiantes,Estudiante de Grado,False,no_show,2026-08-24 08:34:07.231000-03:00,,,False,
G-03335,generado_ia,2026-08-24,Estudiantes,Estudiante de Grado,False,no_show,2026-08-24 08:34:13.403000-03:00,,,False,
G-03336,generado_ia,2026-08-24,Becas Nutrirse,Becas Nutrirse Vianda,False,canceled,2026-08-24 08:34:16.770000-03:00,2026-08-24 09:39:36.431000-03:00,,False,
G-03337,generado_ia,2026-08-24,Personal,Nodocente,False,no_show,2026-08-24 08:34:54.044000-03:00,,,False,
G-03338,generado_ia,2026-08-24,Estudiantes,Estudiante de Grado,False,no_show,2026-08-24 08:35:23.387000-03:00,,,False,
G-03339,generado_ia,2026-08-24,Estudiantes,Estudiante de Grado,False,canceled,2026-08-24 08:37:45.328000-03:00,2026-08-24 10:49:54.601000-03:00,,False,
G-03340,generado_ia,2026-08-24,Estudiantes,Estudiante de Grado,False,no_show,2026-08-24 08:38:16.248000-03:00,,,False,
G-03341,generado_ia,2026-08-24,Estudiantes,Estudiante de Grado,False,no_show,2026-08-24 08:38:19.285000-03:00,,,False,
G-03342,generado_ia,2026-08-24,Becas Nutrirse,Becas Nutrirse Vianda,False,canceled,2026-08-24 08:39:40.268000-03:00,2026-08-24 10:30:12.679000-03:00,,False,
G-03343,generado_ia,2026-08-24,Becas Nutrirse,Becas Nutrirse Vianda,False,no_show,2026-08-24 08:39:59.952000-03:00,,,False,
G-03344,generado_ia,2026-08-24,Estudiantes,Estudiante de Grado,False,no_show,2026-08-24 08:40:14.573000-03:00,,,False,
G-03345,generado_ia,2026-08-24,Estudiantes,Estudiante de Grado,False,no_show,2026-08-24 08:40:38.342000-03:00,,,False,
G-03346,generado_ia,2026-08-24,Estudiantes,Estudiante de Grado,False,no_show,2026-08-24 08:40:49.513000-03:00,,,False,
G-03347,generado_ia,2026-08-24,Becas Nutrirse,Becas Nutrirse Vianda,False,no_show,2026-08-24 08:43:49.471000-03:00,,,False,
G-03348,generado_ia,2026-08-24,Becas personal,Becas Nodocentes,False,no_show,2026-08-24 08:44:29.926000-03:00,,,False,
G-03349,generado_ia,2026-08-24,Becas Nutrirse,Becas Nutrirse Vianda,False,no_show,2026-08-24 08:44:45.007000-03:00,,,False,
G-03350,generado_ia,2026-08-24,Estudiantes,Estudiante de Grado,False,canceled,2026-08-24 08:44:52.554000-03:00,2026-08-24 09:04:20.380000-03:00,,False,
G-03351,generado_ia,2026-08-24,Estudiantes,Estudiante de Grado,False,no_show,2026-08-24 08:48:40.517000-03:00,,,False,
G-03352,generado_ia,2026-08-24,Estudiantes,Estudiante de Grado,False,canceled,2026-08-24 08:49:20.428000-03:00,2026-08-24 10:21:38.299000-03:00,,False,
G-03353,generado_ia,2026-08-24,Estudiantes,Estudiante de Grado,False,canceled,2026-08-24 08:49:31.182000-03:00,2026-08-24 09:50:32.221000-03:00,,False,
G-03354,generado_ia,2026-08-24,Becas Nutrirse,Becas Nutrirse Vianda,False,no_show,2026-08-24 08:51:28.227000-03:00,,,False,
G-03355,generado_ia,2026-08-24,Estudiantes,Estudiante de Grado,False,canceled,2026-08-24 08:51:40.502000-03:00,2026-08-24 10:17:19.401000-03:00,,False,
G-03356,generado_ia,2026-08-24,Estudiantes,Estudiante de Grado,False,no_show,2026-08-24 08:52:13.292000-03:00,,,False,
G-03357,generado_ia,2026-08-24,Estudiantes,Estudiante de Grado,False,no_show,2026-08-24 08:52:35.574000-03:00,,,False,
G-03358,generado_ia,2026-08-24,Becas Nutrirse,Becas Nutrirse Vianda,False,canceled,2026-08-24 08:52:50.384000-03:00,2026-08-24 09:40:04.637000-03:00,,False,
G-03359,generado_ia,2026-08-24,Estudiantes,Estudiante de Grado,False,no_show,2026-08-24 08:54:52.238000-03:00,,,False,
G-03360,generado_ia,2026-08-24,Estudiantes,Estudiante de Grado,False,no_show,2026-08-24 08:55:37.632000-03:00,,,False,
G-03361,generado_ia,2026-08-24,Estudiantes,Estudiante de Grado,False,canceled,2026-08-24 08:57:04.236000-03:00,2026-08-24 09:39:10.210000-03:00,,False,
G-03362,generado_ia,2026-08-24,Becas personal,Becas Docentes,False,canceled,2026-08-24 09:00:08.490000-03:00,2026-08-24 09:30:16.198000-03:00,,False,
G-03363,generado_ia,2026-08-24,Becas Nutrirse,Becas Nutrirse Vianda,False,no_show,2026-08-24 09:01:34.667000-03:00,,,False,
G-03364,generado_ia,2026-08-24,Estudiantes,Estudiante de Grado,False,no_show,2026-08-24 09:02:54.468000-03:00,,,False,
G-03365,generado_ia,2026-08-24,Becas Nutrirse,Becas Nutrirse Vianda,False,no_show,2026-08-24 09:03:21.623000-03:00,,,False,
G-03366,generado_ia,2026-08-24,Becas personal,Becas Nodocentes,False,no_show,2026-08-24 09:08:24.124000-03:00,,,False,
G-03367,generado_ia,2026-08-24,Becas Nutrirse,Becas Nutrirse Vianda,False,no_show,2026-08-24 09:08:56.397000-03:00,,,False,
G-03368,generado_ia,2026-08-24,Becas Nutrirse,Becas Nutrirse Vianda,False,no_show,2026-08-24 09:10:16.216000-03:00,,,False,
G-03369,generado_ia,2026-08-24,Becas Nutrirse,Becas Nutrirse Vianda,False,no_show,2026-08-24 09:10:42.335000-03:00,,,False,
G-03370,generado_ia,2026-08-24,Becas Nutrirse,Becas Nutrirse Vianda,False,no_show,2026-08-24 09:11:25.518000-03:00,,,False,
G-03371,generado_ia,2026-08-24,Becas Nutrirse,Becas Nutrirse Vianda,False,no_show,2026-08-24 09:12:26.392000-03:00,,,False,
G-03372,generado_ia,2026-08-24,Becas Nutrirse,Becas Nutrirse Vianda,False,no_show,2026-08-24 09:17:59.433000-03:00,,,False,
G-03373,generado_ia,2026-08-24,Becas Nutrirse,Becas Nutrirse Vianda,False,canceled,2026-08-24 09:19:25.435000-03:00,2026-08-24 09:56:28.983000-03:00,,False,
G-03374,generado_ia,2026-08-24,Becas personal,Becas Nodocentes,False,no_show,2026-08-24 09:20:12.384000-03:00,,,False,
G-03375,generado_ia,2026-08-24,Becas Nutrirse,Becas Nutrirse Vianda,False,no_show,2026-08-24 09:20:48.235000-03:00,,,False,
G-03376,generado_ia,2026-08-24,Estudiantes,Estudiante de Grado,False,no_show,2026-08-24 09:22:16.241000-03:00,,,False,
G-03377,generado_ia,2026-08-24,Becas Nutrirse,Becas Nutrirse Vianda,False,no_show,2026-08-24 09:27:38.096000-03:00,,,False,
G-03378,generado_ia,2026-08-24,Becas personal,Becas Nodocentes,False,canceled,2026-08-24 09:29:05.445000-03:00,2026-08-24 10:18:53.121000-03:00,,False,
G-03379,generado_ia,2026-08-24,Becas Nutrirse,Becas Nutrirse Vianda,False,canceled,2026-08-24 09:33:16.401000-03:00,2026-08-24 10:39:44.805000-03:00,,False,
G-03380,generado_ia,2026-08-24,Estudiantes,Estudiante de Grado,False,no_show,2026-08-24 09:34:09.270000-03:00,,,False,
G-03381,generado_ia,2026-08-24,Becas Nutrirse,Becas Nutrirse Vianda,False,canceled,2026-08-24 09:41:05.567000-03:00,2026-08-24 10:17:30.917000-03:00,,False,
G-03382,generado_ia,2026-08-24,Becas Nutrirse,Becas Nutrirse Vianda,False,no_show,2026-08-24 09:44:18.327000-03:00,,,False,
G-03383,generado_ia,2026-08-24,Becas Nutrirse,Becas Nutrirse Vianda,False,canceled,2026-08-24 09:45:24.102000-03:00,2026-08-24 10:50:30.305000-03:00,,False,
G-03384,generado_ia,2026-08-24,Becas Nutrirse,Becas Nutrirse Vianda,False,canceled,2026-08-24 09:45:44.388000-03:00,2026-08-24 10:41:52.521000-03:00,,False,
G-03385,generado_ia,2026-08-24,Personal,Docente,False,no_show,2026-08-24 09:46:42.771000-03:00,,,False,
G-03386,generado_ia,2026-08-24,Becas Nutrirse,Becas Nutrirse Vianda,False,no_show,2026-08-24 09:49:32.303000-03:00,,,False,
G-03387,generado_ia,2026-08-24,Becas Nutrirse,Becas Nutrirse Vianda,False,no_show,2026-08-24 09:54:04.143000-03:00,,,False,
G-03388,generado_ia,2026-08-24,Becas personal,Becas Nodocentes,False,no_show,2026-08-24 10:00:31.366000-03:00,,,False,
G-03389,generado_ia,2026-08-24,Becas personal,Becas Nodocentes,False,canceled,2026-08-24 10:01:33.943000-03:00,2026-08-24 10:05:33.747000-03:00,,False,
G-03390,generado_ia,2026-08-24,Estudiantes,Estudiante de Grado,False,canceled,2026-08-24 10:01:49.309000-03:00,2026-08-24 10:49:17.302000-03:00,,False,
G-03391,generado_ia,2026-08-24,Becas Nutrirse,Becas Nutrirse Vianda,False,no_show,2026-08-24 10:09:29.096000-03:00,,,False,
G-03392,generado_ia,2026-08-24,Becas Nutrirse,Becas Nutrirse Vianda,False,no_show,2026-08-24 10:09:58.702000-03:00,,,False,
G-03393,generado_ia,2026-08-24,Becas Nutrirse,Becas Nutrirse Vianda,False,no_show,2026-08-24 10:11:40.183000-03:00,,,False,
G-03394,generado_ia,2026-08-24,Becas Nutrirse,Becas Nutrirse Vianda,False,no_show,2026-08-24 10:12:52.080000-03:00,,,False,
G-03395,generado_ia,2026-08-24,Becas Nutrirse,Becas Nutrirse Vianda,False,no_show,2026-08-24 10:19:38.275000-03:00,,,False,
G-03396,generado_ia,2026-08-24,Estudiantes,Estudiante de Grado,False,no_show,2026-08-24 10:25:44.961000-03:00,,,False,
G-03397,generado_ia,2026-08-24,Becas Nutrirse,Becas Nutrirse Vianda,False,no_show,2026-08-24 10:30:49.083000-03:00,,,False,
G-03398,generado_ia,2026-08-24,Becas personal,Becas Nodocentes,False,no_show,2026-08-24 10:33:08.948000-03:00,,,False,
G-03399,generado_ia,2026-08-24,Becas personal,Becas Nodocentes,False,no_show,2026-08-24 10:46:43.566000-03:00,,,False,
G-03400,generado_ia,2026-08-24,Estudiantes,Estudiante de Grado,False,no_show,2026-08-24 10:48:19.887000-03:00,,,False,
G-03401,generado_ia,2026-08-24,Estudiantes,Estudiante de Grado,False,no_show,2026-08-24 10:48:30.776000-03:00,,,False,
G-03402,generado_ia,2026-08-24,Becas Nutrirse,Becas Nutrirse Vianda,False,canceled,2026-08-24 10:53:55.696000-03:00,2026-08-24 10:56:07.004000-03:00,,False,
G-03403,generado_ia,2026-08-25,Estudiantes,Estudiante de Grado,False,canceled,2026-08-25 08:00:01.796000-03:00,2026-08-25 10:45:57.676000-03:00,,False,
G-03404,generado_ia,2026-08-25,Estudiantes,Estudiante de Grado,False,no_show,2026-08-25 08:00:03.416000-03:00,,,False,
G-03405,generado_ia,2026-08-25,Estudiantes,Estudiante de Grado,False,no_show,2026-08-25 08:00:29.348000-03:00,,,False,
G-03406,generado_ia,2026-08-25,Estudiantes,Estudiante de Grado,False,no_show,2026-08-25 08:01:01.923000-03:00,,,False,
G-03407,generado_ia,2026-08-25,Becas personal,Becas Docentes,False,no_show,2026-08-25 08:01:41.048000-03:00,,,False,
G-03408,generado_ia,2026-08-25,Estudiantes,Estudiante de Grado,False,canceled,2026-08-25 08:02:02.011000-03:00,2026-08-25 10:50:39.724000-03:00,,False,
G-03409,generado_ia,2026-08-25,Estudiantes,Estudiante de Grado,False,no_show,2026-08-25 08:02:09.566000-03:00,,,False,
G-03410,generado_ia,2026-08-25,Estudiantes,Estudiante de Grado,False,canceled,2026-08-25 08:02:11.018000-03:00,2026-08-25 09:31:13.892000-03:00,,False,
G-03411,generado_ia,2026-08-25,Becas Nutrirse,Becas Nutrirse Vianda,False,no_show,2026-08-25 08:02:21.080000-03:00,,,False,
G-03412,generado_ia,2026-08-25,Estudiantes,Estudiante de Grado,False,no_show,2026-08-25 08:02:30.177000-03:00,,,False,
G-03413,generado_ia,2026-08-25,Estudiantes,Estudiante de Grado,False,no_show,2026-08-25 08:02:34.853000-03:00,,,False,
G-03414,generado_ia,2026-08-25,Estudiantes,Estudiante de Grado,False,no_show,2026-08-25 08:02:57.299000-03:00,,,False,
G-03415,generado_ia,2026-08-25,Estudiantes,Estudiante de Grado,False,no_show,2026-08-25 08:03:17.599000-03:00,,,False,
G-03416,generado_ia,2026-08-25,Estudiantes,Estudiante de Grado,False,no_show,2026-08-25 08:03:52.969000-03:00,,,False,
G-03417,generado_ia,2026-08-25,Becas Nutrirse,Becas Nutrirse Vianda,False,canceled,2026-08-25 08:03:56.550000-03:00,2026-08-25 10:13:50.906000-03:00,,False,
G-03418,generado_ia,2026-08-25,Estudiantes,Estudiante de Grado,False,canceled,2026-08-25 08:03:58.482000-03:00,2026-08-25 08:31:44.183000-03:00,,False,
G-03419,generado_ia,2026-08-25,Estudiantes,Estudiante de Grado,False,canceled,2026-08-25 08:04:11.369000-03:00,2026-08-25 10:59:03.856000-03:00,,False,
G-03420,generado_ia,2026-08-25,Estudiantes,Estudiante de Grado,False,canceled,2026-08-25 08:04:25.189000-03:00,2026-08-25 09:52:42.342000-03:00,,False,
G-03421,generado_ia,2026-08-25,Estudiantes,Estudiante de Grado,False,no_show,2026-08-25 08:04:38.095000-03:00,,,False,
G-03422,generado_ia,2026-08-25,Estudiantes,Estudiante de Grado,False,canceled,2026-08-25 08:05:17.568000-03:00,2026-08-25 09:17:52.971000-03:00,,False,
G-03423,generado_ia,2026-08-25,Estudiantes,Estudiante de Grado,False,no_show,2026-08-25 08:05:45.117000-03:00,,,False,
G-03424,generado_ia,2026-08-25,Estudiantes,Estudiante de Grado,False,no_show,2026-08-25 08:06:00.574000-03:00,,,False,
G-03425,generado_ia,2026-08-25,Becas Nutrirse,Becas Nutrirse Vianda,False,canceled,2026-08-25 08:06:02.117000-03:00,2026-08-25 10:43:04.138000-03:00,,False,
G-03426,generado_ia,2026-08-25,Estudiantes,Estudiante de Grado,False,no_show,2026-08-25 08:06:05.192000-03:00,,,False,
G-03427,generado_ia,2026-08-25,Becas Nutrirse,Becas Nutrirse Vianda,False,canceled,2026-08-25 08:06:09.704000-03:00,2026-08-25 09:37:48.818000-03:00,,False,
G-03428,generado_ia,2026-08-25,Estudiantes,Estudiante de Grado,False,no_show,2026-08-25 08:06:21.593000-03:00,,,False,
G-03429,generado_ia,2026-08-25,Estudiantes,Estudiante de Grado,False,no_show,2026-08-25 08:06:32.842000-03:00,,,False,
G-03430,generado_ia,2026-08-25,Estudiantes,Estudiante de Grado,False,no_show,2026-08-25 08:08:56.037000-03:00,,,False,
G-03431,generado_ia,2026-08-25,Estudiantes,Estudiante de Grado,False,no_show,2026-08-25 08:09:10.907000-03:00,,,False,
G-03432,generado_ia,2026-08-25,Estudiantes,Estudiante de Grado,False,no_show,2026-08-25 08:09:35.221000-03:00,,,False,
G-03433,generado_ia,2026-08-25,Estudiantes,Estudiante de Grado,False,no_show,2026-08-25 08:10:22.912000-03:00,,,False,
G-03434,generado_ia,2026-08-25,Becas Nutrirse,Becas Nutrirse Vianda,False,canceled,2026-08-25 08:11:29.291000-03:00,2026-08-25 09:01:46.520000-03:00,,False,
G-03435,generado_ia,2026-08-25,Becas Nutrirse,Becas Nutrirse Vianda,False,no_show,2026-08-25 08:15:38.561000-03:00,,,False,
G-03436,generado_ia,2026-08-25,Estudiantes,Estudiante de Grado,False,canceled,2026-08-25 08:45:21.753000-03:00,2026-08-25 10:45:07.241000-03:00,,False,
G-03437,generado_ia,2026-08-25,Estudiantes,Estudiante de Grado,False,no_show,2026-08-25 08:49:09.252000-03:00,,,False,
G-03438,generado_ia,2026-08-25,Estudiantes,Estudiante de Grado,False,no_show,2026-08-25 08:51:05.605000-03:00,,,False,
G-03439,generado_ia,2026-08-25,Estudiantes,Estudiante de Grado,False,no_show,2026-08-25 09:03:51.597000-03:00,,,False,
G-03440,generado_ia,2026-08-25,Estudiantes,Estudiante de Grado,False,no_show,2026-08-25 09:18:41.613000-03:00,,,False,
G-03441,generado_ia,2026-08-25,Estudiantes,Estudiante de Grado,False,no_show,2026-08-25 09:26:40.821000-03:00,,,False,
G-03442,generado_ia,2026-08-25,Estudiantes,Estudiante de Grado,False,no_show,2026-08-25 09:27:38.070000-03:00,,,False,
G-03443,generado_ia,2026-08-25,Becas Nutrirse,Becas Nutrirse Vianda,False,no_show,2026-08-25 09:29:21.645000-03:00,,,False,
G-03444,generado_ia,2026-08-25,Becas Nutrirse,Becas Nutrirse Vianda,False,no_show,2026-08-25 09:29:58.743000-03:00,,,False,
G-03445,generado_ia,2026-08-25,Becas Nutrirse,Becas Nutrirse Vianda,False,no_show,2026-08-25 09:30:35.309000-03:00,,,False,
G-03446,generado_ia,2026-08-25,Becas Nutrirse,Becas Nutrirse Vianda,False,no_show,2026-08-25 09:30:53.985000-03:00,,,False,
G-03447,generado_ia,2026-08-25,Estudiantes,Estudiante de Grado,False,no_show,2026-08-25 09:32:43.349000-03:00,,,False,
G-03448,generado_ia,2026-08-25,Estudiantes,Estudiante de Grado,False,no_show,2026-08-25 09:33:04.755000-03:00,,,False,
G-03449,generado_ia,2026-08-25,Estudiantes,Estudiante de Grado,False,no_show,2026-08-25 09:33:37.363000-03:00,,,False,
G-03450,generado_ia,2026-08-25,Estudiantes,Estudiante de Grado,False,no_show,2026-08-25 09:34:01.444000-03:00,,,False,
G-03451,generado_ia,2026-08-25,Estudiantes,Estudiante de Grado,False,canceled,2026-08-25 09:34:16.989000-03:00,2026-08-25 10:59:41.732000-03:00,,False,
G-03452,generado_ia,2026-08-25,Becas Nutrirse,Becas Nutrirse Vianda,False,canceled,2026-08-25 09:34:20.456000-03:00,2026-08-25 10:27:54.082000-03:00,,False,
G-03453,generado_ia,2026-08-25,Estudiantes,Estudiante de Grado,False,no_show,2026-08-25 09:34:24.520000-03:00,,,False,
G-03454,generado_ia,2026-08-25,Estudiantes,Estudiante de Grado,False,no_show,2026-08-25 09:35:21.616000-03:00,,,False,
G-03455,generado_ia,2026-08-25,Estudiantes,Estudiante de Grado,False,canceled,2026-08-25 09:35:29.051000-03:00,2026-08-25 10:00:16.977000-03:00,,False,
G-03456,generado_ia,2026-08-25,Estudiantes,Estudiante de Grado,False,no_show,2026-08-25 09:35:48.137000-03:00,,,False,
G-03457,generado_ia,2026-08-25,Estudiantes,Estudiante de Grado,False,no_show,2026-08-25 09:35:52.517000-03:00,,,False,
G-03458,generado_ia,2026-08-25,Estudiantes,Estudiante de Grado,False,canceled,2026-08-25 09:35:53.336000-03:00,2026-08-25 10:31:16.240000-03:00,,False,
G-03459,generado_ia,2026-08-25,Estudiantes,Estudiante de Grado,False,no_show,2026-08-25 09:36:01.184000-03:00,,,False,
G-03460,generado_ia,2026-08-25,Estudiantes,Estudiante de Grado,False,no_show,2026-08-25 09:36:16.444000-03:00,,,False,
G-03461,generado_ia,2026-08-25,Estudiantes,Estudiante de Grado,False,no_show,2026-08-25 09:36:23.165000-03:00,,,False,
G-03462,generado_ia,2026-08-25,Estudiantes,Estudiante de Grado,False,no_show,2026-08-25 09:36:47.016000-03:00,,,False,
G-03463,generado_ia,2026-08-25,Estudiantes,Estudiante de Grado,False,no_show,2026-08-25 09:36:53.452000-03:00,,,False,
G-03464,generado_ia,2026-08-25,Estudiantes,Estudiante de Grado,False,no_show,2026-08-25 09:36:55.829000-03:00,,,False,
G-03465,generado_ia,2026-08-25,Estudiantes,Estudiante de Grado,False,no_show,2026-08-25 09:37:00.530000-03:00,,,False,
G-03466,generado_ia,2026-08-25,Estudiantes,Estudiante de Grado,False,canceled,2026-08-25 09:37:30.715000-03:00,2026-08-25 09:57:11.385000-03:00,,False,
G-03467,generado_ia,2026-08-25,Estudiantes,Estudiante de Grado,False,no_show,2026-08-25 09:37:34.686000-03:00,,,False,
G-03468,generado_ia,2026-08-25,Estudiantes,Estudiante de Grado,False,canceled,2026-08-25 09:37:38.768000-03:00,2026-08-25 09:50:21.828000-03:00,,False,
G-03469,generado_ia,2026-08-25,Becas Nutrirse,Becas Nutrirse Vianda,False,canceled,2026-08-25 09:37:44.968000-03:00,2026-08-25 10:06:37.870000-03:00,,False,
G-03470,generado_ia,2026-08-25,Estudiantes,Estudiante de Grado,False,no_show,2026-08-25 09:37:58.956000-03:00,,,False,
G-03471,generado_ia,2026-08-25,Estudiantes,Estudiante de Grado,False,no_show,2026-08-25 09:38:04.888000-03:00,,,False,
G-03472,generado_ia,2026-08-25,Estudiantes,Estudiante de Grado,False,no_show,2026-08-25 09:38:06.488000-03:00,,,False,
G-03473,generado_ia,2026-08-25,Personal,Docente,False,canceled,2026-08-25 09:38:18.228000-03:00,2026-08-25 10:59:46.395000-03:00,,False,
G-03474,generado_ia,2026-08-25,Estudiantes,Estudiante de Grado,False,no_show,2026-08-25 09:38:18.624000-03:00,,,False,
G-03475,generado_ia,2026-08-25,Estudiantes,Estudiante de Grado,False,canceled,2026-08-25 09:38:30.284000-03:00,2026-08-25 09:41:44.639000-03:00,,False,
G-03476,generado_ia,2026-08-25,Estudiantes,Estudiante de Grado,False,canceled,2026-08-25 09:38:56.650000-03:00,2026-08-25 10:30:23.505000-03:00,,False,
G-03477,generado_ia,2026-08-25,Becas Nutrirse,Becas Nutrirse Vianda,False,no_show,2026-08-25 09:39:23.090000-03:00,,,False,
G-03478,generado_ia,2026-08-25,Estudiantes,Estudiante de Grado,False,no_show,2026-08-25 09:39:46.425000-03:00,,,False,
G-03479,generado_ia,2026-08-25,Estudiantes,Estudiante de Grado,False,no_show,2026-08-25 09:39:59.947000-03:00,,,False,
G-03480,generado_ia,2026-08-25,Estudiantes,Estudiante de Grado,False,no_show,2026-08-25 09:40:00.797000-03:00,,,False,
G-03481,generado_ia,2026-08-25,Estudiantes,Estudiante de Grado,False,canceled,2026-08-25 09:40:02.367000-03:00,2026-08-25 09:47:26.924000-03:00,,False,
G-03482,generado_ia,2026-08-25,Estudiantes,Estudiante de Grado,False,canceled,2026-08-25 09:40:08.034000-03:00,2026-08-25 10:35:02.141000-03:00,,False,
G-03483,generado_ia,2026-08-25,Estudiantes,Estudiante de Grado,False,no_show,2026-08-25 09:40:23.447000-03:00,,,False,
G-03484,generado_ia,2026-08-25,Estudiantes,Estudiante de Grado,False,canceled,2026-08-25 09:40:53.280000-03:00,2026-08-25 10:59:12.760000-03:00,,False,
G-03485,generado_ia,2026-08-25,Estudiantes,Estudiante de Grado,False,no_show,2026-08-25 09:41:10.195000-03:00,,,False,
G-03486,generado_ia,2026-08-25,Becas Nutrirse,Becas Nutrirse Vianda,False,no_show,2026-08-25 09:41:29.727000-03:00,,,False,
G-03487,generado_ia,2026-08-25,Becas personal,Becas Nodocentes,False,canceled,2026-08-25 09:41:35.877000-03:00,2026-08-25 09:56:21.168000-03:00,,False,
G-03488,generado_ia,2026-08-25,Estudiantes,Estudiante de Grado,False,no_show,2026-08-25 09:41:42.704000-03:00,,,False,
G-03489,generado_ia,2026-08-25,Estudiantes,Estudiante de Grado,False,canceled,2026-08-25 09:41:49.713000-03:00,2026-08-25 10:45:18.885000-03:00,,False,
G-03490,generado_ia,2026-08-25,Becas Nutrirse,Becas Nutrirse Vianda,False,canceled,2026-08-25 09:42:05.635000-03:00,2026-08-25 10:55:15.531000-03:00,,False,
G-03491,generado_ia,2026-08-25,Estudiantes,Estudiante de Grado,False,no_show,2026-08-25 09:42:10.133000-03:00,,,False,
G-03492,generado_ia,2026-08-25,Estudiantes,Estudiante de Grado,False,no_show,2026-08-25 09:42:38.442000-03:00,,,False,
G-03493,generado_ia,2026-08-25,Estudiantes,Estudiante de Grado,False,no_show,2026-08-25 09:42:41.191000-03:00,,,False,
G-03494,generado_ia,2026-08-25,Estudiantes,Estudiante de Grado,False,no_show,2026-08-25 09:42:42.860000-03:00,,,False,
G-03495,generado_ia,2026-08-25,Estudiantes,Estudiante de Grado,False,no_show,2026-08-25 09:42:52.190000-03:00,,,False,
G-03496,generado_ia,2026-08-25,Estudiantes,Estudiante de Grado,False,no_show,2026-08-25 09:43:03.480000-03:00,,,False,
G-03497,generado_ia,2026-08-25,Estudiantes,Estudiante de Grado,False,no_show,2026-08-25 09:43:09.968000-03:00,,,False,
G-03498,generado_ia,2026-08-25,Estudiantes,Estudiante de Grado,False,no_show,2026-08-25 09:43:25.144000-03:00,,,False,
G-03499,generado_ia,2026-08-25,Estudiantes,Estudiante de Grado,False,canceled,2026-08-25 09:43:37.163000-03:00,2026-08-25 10:07:27.573000-03:00,,False,
G-03500,generado_ia,2026-08-25,Estudiantes,Estudiante de Grado,False,no_show,2026-08-25 09:43:42.036000-03:00,,,False,
G-03501,generado_ia,2026-08-25,Estudiantes,Estudiante de Grado,False,no_show,2026-08-25 09:43:55.231000-03:00,,,False,
G-03502,generado_ia,2026-08-25,Becas Nutrirse,Becas Nutrirse Vianda,False,no_show,2026-08-25 09:44:20.261000-03:00,,,False,
G-03503,generado_ia,2026-08-25,Becas Nutrirse,Becas Nutrirse Vianda,False,no_show,2026-08-25 09:44:29.886000-03:00,,,False,
G-03504,generado_ia,2026-08-25,Becas Nutrirse,Becas Nutrirse Vianda,False,no_show,2026-08-25 09:44:31.014000-03:00,,,False,
G-03505,generado_ia,2026-08-25,Estudiantes,Estudiante de Grado,False,no_show,2026-08-25 09:45:00.971000-03:00,,,False,
G-03506,generado_ia,2026-08-25,Estudiantes,Estudiante de Grado,False,no_show,2026-08-25 09:45:13.935000-03:00,,,False,
G-03507,generado_ia,2026-08-25,Estudiantes,Estudiante de Grado,False,no_show,2026-08-25 09:45:15.021000-03:00,,,False,
G-03508,generado_ia,2026-08-25,Estudiantes,Estudiante de Grado,False,no_show,2026-08-25 09:45:17.160000-03:00,,,False,
G-03509,generado_ia,2026-08-25,Becas Nutrirse,Becas Nutrirse Vianda,False,canceled,2026-08-25 09:45:31.111000-03:00,2026-08-25 10:13:37.286000-03:00,,False,
G-03510,generado_ia,2026-08-25,Estudiantes,Estudiante de Grado,False,no_show,2026-08-25 09:45:44.647000-03:00,,,False,
G-03511,generado_ia,2026-08-25,Estudiantes,Estudiante de Grado,False,no_show,2026-08-25 09:46:05.826000-03:00,,,False,
G-03512,generado_ia,2026-08-25,Estudiantes,Estudiante de Grado,False,no_show,2026-08-25 09:46:10.563000-03:00,,,False,
G-03513,generado_ia,2026-08-25,Personal,Docente,False,no_show,2026-08-25 09:46:15.456000-03:00,,,False,
G-03514,generado_ia,2026-08-25,Estudiantes,Estudiante de Grado,False,no_show,2026-08-25 09:46:16.313000-03:00,,,False,
G-03515,generado_ia,2026-08-25,Estudiantes,Estudiante de Grado,False,no_show,2026-08-25 09:46:17.476000-03:00,,,False,
G-03516,generado_ia,2026-08-25,Estudiantes,Estudiante de Grado,False,no_show,2026-08-25 09:46:18.014000-03:00,,,False,
G-03517,generado_ia,2026-08-25,Estudiantes,Estudiante de Grado,False,no_show,2026-08-25 09:46:18.925000-03:00,,,False,
G-03518,generado_ia,2026-08-25,Estudiantes,Estudiante de Grado,False,canceled,2026-08-25 09:46:22.222000-03:00,2026-08-25 10:17:41.236000-03:00,,False,
G-03519,generado_ia,2026-08-25,Becas Nutrirse,Becas Nutrirse Vianda,False,no_show,2026-08-25 09:46:26.024000-03:00,,,False,
G-03520,generado_ia,2026-08-25,Estudiantes,Estudiante de Grado,False,no_show,2026-08-25 09:46:26.575000-03:00,,,False,
G-03521,generado_ia,2026-08-25,Estudiantes,Estudiante de Grado,False,canceled,2026-08-25 09:46:34.048000-03:00,2026-08-25 10:21:54.890000-03:00,,False,
G-03522,generado_ia,2026-08-25,Estudiantes,Estudiante de Grado,False,no_show,2026-08-25 09:46:52.754000-03:00,,,False,
G-03523,generado_ia,2026-08-25,Estudiantes,Estudiante de Grado,False,no_show,2026-08-25 09:46:54.797000-03:00,,,False,
G-03524,generado_ia,2026-08-25,Estudiantes,Estudiante de Grado,False,canceled,2026-08-25 09:47:16.780000-03:00,2026-08-25 10:45:34.495000-03:00,,False,
G-03525,generado_ia,2026-08-25,Estudiantes,Estudiante de Grado,False,no_show,2026-08-25 09:47:16.866000-03:00,,,False,
G-03526,generado_ia,2026-08-25,Estudiantes,Estudiante de Grado,False,canceled,2026-08-25 09:47:33.173000-03:00,2026-08-25 10:10:29.139000-03:00,,False,
G-03527,generado_ia,2026-08-25,Estudiantes,Estudiante de Grado,False,no_show,2026-08-25 09:47:33.268000-03:00,,,False,
G-03528,generado_ia,2026-08-25,Estudiantes,Estudiante de Grado,False,no_show,2026-08-25 09:47:38.184000-03:00,,,False,
G-03529,generado_ia,2026-08-25,Estudiantes,Estudiante de Grado,False,no_show,2026-08-25 09:47:49.432000-03:00,,,False,
G-03530,generado_ia,2026-08-25,Estudiantes,Estudiante de Grado,False,canceled,2026-08-25 09:47:57.560000-03:00,2026-08-25 10:58:01.704000-03:00,,False,
G-03531,generado_ia,2026-08-25,Estudiantes,Estudiante de Grado,False,no_show,2026-08-25 09:48:20.643000-03:00,,,False,
G-03532,generado_ia,2026-08-25,Estudiantes,Estudiante de Grado,False,canceled,2026-08-25 09:48:22.421000-03:00,2026-08-25 09:53:10.795000-03:00,,False,
G-03533,generado_ia,2026-08-25,Estudiantes,Estudiante de Grado,False,canceled,2026-08-25 09:48:27.860000-03:00,2026-08-25 10:00:48.824000-03:00,,False,
G-03534,generado_ia,2026-08-25,Becas Nutrirse,Becas Nutrirse Vianda,False,no_show,2026-08-25 09:49:09.430000-03:00,,,False,
G-03535,generado_ia,2026-08-25,Estudiantes,Estudiante de Grado,False,no_show,2026-08-25 09:49:14.164000-03:00,,,False,
G-03536,generado_ia,2026-08-25,Estudiantes,Estudiante de Grado,False,no_show,2026-08-25 09:50:03.120000-03:00,,,False,
G-03537,generado_ia,2026-08-25,Becas Nutrirse,Becas Nutrirse Vianda,False,no_show,2026-08-25 09:50:05.333000-03:00,,,False,
G-03538,generado_ia,2026-08-25,Becas personal,Becas Nodocentes,False,no_show,2026-08-25 09:50:09.357000-03:00,,,False,
G-03539,generado_ia,2026-08-25,Estudiantes,Estudiante de Grado,False,no_show,2026-08-25 09:50:28.710000-03:00,,,False,
G-03540,generado_ia,2026-08-25,Becas personal,Becas Docentes,False,canceled,2026-08-25 09:50:32.159000-03:00,2026-08-25 10:12:17.099000-03:00,,False,
G-03541,generado_ia,2026-08-25,Estudiantes,Estudiante de Grado,False,no_show,2026-08-25 09:50:47.977000-03:00,,,False,
G-03542,generado_ia,2026-08-25,Estudiantes,Estudiante de Grado,False,no_show,2026-08-25 09:50:54.071000-03:00,,,False,
G-03543,generado_ia,2026-08-25,Becas Nutrirse,Becas Nutrirse Vianda,False,no_show,2026-08-25 09:50:59.723000-03:00,,,False,
G-03544,generado_ia,2026-08-25,Estudiantes,Estudiante de Grado,False,no_show,2026-08-25 09:51:05.051000-03:00,,,False,
G-03545,generado_ia,2026-08-25,Estudiantes,Estudiante de Grado,False,no_show,2026-08-25 09:51:29.909000-03:00,,,False,
G-03546,generado_ia,2026-08-25,Estudiantes,Estudiante de Grado,False,no_show,2026-08-25 09:51:33.207000-03:00,,,False,
G-03547,generado_ia,2026-08-25,Becas Nutrirse,Becas Nutrirse Vianda,False,no_show,2026-08-25 09:51:39.438000-03:00,,,False,
G-03548,generado_ia,2026-08-25,Becas Nutrirse,Becas Nutrirse Vianda,False,canceled,2026-08-25 09:51:42.314000-03:00,2026-08-25 10:04:54.789000-03:00,,False,
G-03549,generado_ia,2026-08-25,Estudiantes,Estudiante de Grado,False,no_show,2026-08-25 09:51:57.119000-03:00,,,False,
G-03550,generado_ia,2026-08-25,Becas Nutrirse,Becas Nutrirse Vianda,False,canceled,2026-08-25 09:52:05.064000-03:00,2026-08-25 10:49:04.964000-03:00,,False,
G-03551,generado_ia,2026-08-25,Becas Nutrirse,Becas Nutrirse Vianda,False,no_show,2026-08-25 09:52:18.343000-03:00,,,False,
G-03552,generado_ia,2026-08-25,Becas personal,Becas Nodocentes sin TACC,True,canceled,2026-08-25 09:52:20.281000-03:00,2026-08-25 10:40:04.439000-03:00,,False,
G-03553,generado_ia,2026-08-25,Becas Nutrirse,Becas Nutrirse Vianda,False,no_show,2026-08-25 09:52:25.411000-03:00,,,False,
G-03554,generado_ia,2026-08-25,Estudiantes,Estudiante de Grado,False,canceled,2026-08-25 09:52:32.504000-03:00,2026-08-25 10:56:44.136000-03:00,,False,
G-03555,generado_ia,2026-08-25,Estudiantes,Estudiante de Grado,False,no_show,2026-08-25 09:52:44.637000-03:00,,,False,
G-03556,generado_ia,2026-08-25,Estudiantes,Estudiante de Grado,False,no_show,2026-08-25 09:53:10.042000-03:00,,,False,
G-03557,generado_ia,2026-08-25,Estudiantes,Estudiante de Grado,False,canceled,2026-08-25 09:53:10.482000-03:00,2026-08-25 10:10:18.479000-03:00,,False,
G-03558,generado_ia,2026-08-25,Estudiantes,Estudiante de Grado,False,no_show,2026-08-25 09:53:23.881000-03:00,,,False,
G-03559,generado_ia,2026-08-25,Estudiantes,Estudiante de Grado,False,no_show,2026-08-25 09:53:40.843000-03:00,,,False,
G-03560,generado_ia,2026-08-25,Becas personal,Becas Nodocentes,False,canceled,2026-08-25 09:54:07.732000-03:00,2026-08-25 10:03:33.099000-03:00,,False,
G-03561,generado_ia,2026-08-25,Estudiantes,Estudiante de Grado,False,canceled,2026-08-25 09:54:22.556000-03:00,2026-08-25 10:41:11.939000-03:00,,False,
G-03562,generado_ia,2026-08-25,Estudiantes,Estudiante de Grado,False,no_show,2026-08-25 09:54:25.573000-03:00,,,False,
G-03563,generado_ia,2026-08-25,Estudiantes,Estudiante de Grado,False,no_show,2026-08-25 09:54:28.356000-03:00,,,False,
G-03564,generado_ia,2026-08-25,Estudiantes,Estudiante de Grado,False,no_show,2026-08-25 09:54:35.125000-03:00,,,False,
G-03565,generado_ia,2026-08-25,Estudiantes,Estudiante de Grado,False,canceled,2026-08-25 09:54:45.494000-03:00,2026-08-25 10:50:17.029000-03:00,,False,
G-03566,generado_ia,2026-08-25,Becas personal,Becas Nodocentes,False,no_show,2026-08-25 09:54:50.185000-03:00,,,False,
G-03567,generado_ia,2026-08-25,Estudiantes,Estudiante de Grado,False,no_show,2026-08-25 09:54:50.250000-03:00,,,False,
G-03568,generado_ia,2026-08-25,Estudiantes,Estudiante de Grado,False,no_show,2026-08-25 09:54:55.005000-03:00,,,False,
G-03569,generado_ia,2026-08-25,Estudiantes,Estudiante de Grado,False,no_show,2026-08-25 09:55:01.318000-03:00,,,False,
G-03570,generado_ia,2026-08-25,Estudiantes,Estudiante de Grado,False,no_show,2026-08-25 09:55:07.151000-03:00,,,False,
G-03571,generado_ia,2026-08-25,Becas Nutrirse,Becas Nutrirse Vianda,False,no_show,2026-08-25 09:58:10.676000-03:00,,,False,
G-03572,generado_ia,2026-08-25,Becas Nutrirse,Becas Nutrirse Vianda,False,no_show,2026-08-25 10:01:13.961000-03:00,,,False,
G-03573,generado_ia,2026-08-25,Becas Nutrirse,Becas Nutrirse Vianda,False,canceled,2026-08-25 10:01:25.418000-03:00,2026-08-25 10:17:06.495000-03:00,,False,
G-03574,generado_ia,2026-08-25,Becas Nutrirse,Becas Nutrirse Vianda,False,canceled,2026-08-25 10:02:33.990000-03:00,2026-08-25 10:43:29.299000-03:00,,False,
G-03575,generado_ia,2026-08-25,Becas Nutrirse,Becas Nutrirse Vianda,False,no_show,2026-08-25 10:05:30.491000-03:00,,,False,
G-03576,generado_ia,2026-08-25,Estudiantes,Estudiante de Grado,False,no_show,2026-08-25 10:07:31.799000-03:00,,,False,
G-03577,generado_ia,2026-08-25,Becas Nutrirse,Becas Nutrirse Vianda,False,no_show,2026-08-25 10:08:58.653000-03:00,,,False,
G-03578,generado_ia,2026-08-25,Becas Nutrirse,Becas Nutrirse Vianda,False,no_show,2026-08-25 10:09:38.487000-03:00,,,False,
G-03579,generado_ia,2026-08-25,Becas Nutrirse,Becas Nutrirse Vianda,False,no_show,2026-08-25 10:09:55.506000-03:00,,,False,
G-03580,generado_ia,2026-08-25,Becas Nutrirse,Becas Nutrirse Vianda,False,no_show,2026-08-25 10:10:32.631000-03:00,,,False,
G-03581,generado_ia,2026-08-25,Becas Nutrirse,Becas Nutrirse Vianda,False,no_show,2026-08-25 10:10:34.346000-03:00,,,False,
G-03582,generado_ia,2026-08-25,Becas Nutrirse,Becas Nutrirse Vianda,False,canceled,2026-08-25 10:11:00.350000-03:00,2026-08-25 10:25:58.528000-03:00,,False,
G-03583,generado_ia,2026-08-25,Becas Nutrirse,Becas Nutrirse Vianda,False,canceled,2026-08-25 10:19:07.165000-03:00,2026-08-25 10:38:10.102000-03:00,,False,
G-03584,generado_ia,2026-08-25,Becas Nutrirse,Becas Nutrirse Vianda,False,no_show,2026-08-25 10:22:48.969000-03:00,,,False,
G-03585,generado_ia,2026-08-25,Becas Nutrirse,Becas Nutrirse Vianda,False,no_show,2026-08-25 10:26:23.718000-03:00,,,False,
G-03586,generado_ia,2026-08-25,Becas personal,Becas Nodocentes,False,canceled,2026-08-25 10:27:43.341000-03:00,2026-08-25 10:35:46.055000-03:00,,False,
G-03587,generado_ia,2026-08-25,Estudiantes,Estudiante de Grado,False,no_show,2026-08-25 10:28:27.442000-03:00,,,False,
G-03588,generado_ia,2026-08-25,Estudiantes,Estudiante de Grado,False,canceled,2026-08-25 10:29:16.753000-03:00,2026-08-25 10:51:02.409000-03:00,,False,
G-03589,generado_ia,2026-08-25,Estudiantes,Estudiante de Grado,False,no_show,2026-08-25 10:29:17.996000-03:00,,,False,
G-03590,generado_ia,2026-08-25,Estudiantes,Estudiante de Grado,False,no_show,2026-08-25 10:30:07.442000-03:00,,,False,
G-03591,generado_ia,2026-08-25,Estudiantes,Estudiante de Grado,False,no_show,2026-08-25 10:30:34.104000-03:00,,,False,
G-03592,generado_ia,2026-08-25,Becas Nutrirse,Becas Nutrirse Vianda,False,no_show,2026-08-25 10:31:18.148000-03:00,,,False,
G-03593,generado_ia,2026-08-25,Becas Nutrirse,Becas Nutrirse Vianda,False,no_show,2026-08-25 10:32:04.029000-03:00,,,False,
G-03594,generado_ia,2026-08-25,Becas Nutrirse,Becas Nutrirse Vianda,False,canceled,2026-08-25 10:33:12.980000-03:00,2026-08-25 10:47:05.936000-03:00,,False,
G-03595,generado_ia,2026-08-25,Becas Nutrirse,Becas Nutrirse Vianda,False,no_show,2026-08-25 10:34:53.375000-03:00,,,False,
G-03596,generado_ia,2026-08-25,Becas Nutrirse,Becas Nutrirse Vianda,False,no_show,2026-08-25 10:48:35.977000-03:00,,,False,
G-03597,generado_ia,2026-08-25,Personal,Nodocente,False,no_show,2026-08-25 10:55:55.847000-03:00,,,False,
G-03598,generado_ia,2026-08-25,Personal,Nodocente,False,no_show,2026-08-25 10:57:11.979000-03:00,,,False,
G-03599,generado_ia,2026-08-25,Becas personal,Becas Nodocentes,False,no_show,2026-08-25 11:34:20.044000-03:00,,,False,
G-03600,generado_ia,2026-08-25,Becas Nutrirse,Becas Nutrirse Vianda,False,no_show,2026-08-25 12:40:00.354000-03:00,,,False,
G-03601,generado_ia,2026-08-26,Estudiantes,Estudiante de Grado,False,canceled,2026-08-26 08:00:00.218000-03:00,2026-08-26 08:30:02.019000-03:00,,False,
G-03602,generado_ia,2026-08-26,Estudiantes,Estudiante de Grado,False,no_show,2026-08-26 08:00:01.558000-03:00,,,False,
G-03603,generado_ia,2026-08-26,Estudiantes,Estudiante de Grado,False,no_show,2026-08-26 08:00:10.595000-03:00,,,False,
G-03604,generado_ia,2026-08-26,Estudiantes,Estudiante de Grado,False,canceled,2026-08-26 08:00:15.360000-03:00,2026-08-26 09:31:34.362000-03:00,,False,
G-03605,generado_ia,2026-08-26,Estudiantes,Estudiante de Grado,False,no_show,2026-08-26 08:00:16.559000-03:00,,,False,
G-03606,generado_ia,2026-08-26,Estudiantes,Estudiante de Grado,False,canceled,2026-08-26 08:00:17.847000-03:00,2026-08-26 09:17:59.564000-03:00,,False,
G-03607,generado_ia,2026-08-26,Estudiantes,Estudiante de Grado,False,no_show,2026-08-26 08:00:24.387000-03:00,,,False,
G-03608,generado_ia,2026-08-26,Estudiantes,Estudiante de Grado,False,no_show,2026-08-26 08:00:25.661000-03:00,,,False,
G-03609,generado_ia,2026-08-26,Estudiantes,Estudiante de Grado,False,no_show,2026-08-26 08:00:27.811000-03:00,,,False,
G-03610,generado_ia,2026-08-26,Estudiantes,Estudiante de Grado,False,no_show,2026-08-26 08:00:32.753000-03:00,,,False,
G-03611,generado_ia,2026-08-26,Estudiantes,Estudiante de Grado,False,no_show,2026-08-26 08:00:34.129000-03:00,,,False,
G-03612,generado_ia,2026-08-26,Estudiantes,Estudiante de Grado,False,no_show,2026-08-26 08:00:36.862000-03:00,,,False,
G-03613,generado_ia,2026-08-26,Estudiantes,Estudiante de Grado,False,no_show,2026-08-26 08:00:39.288000-03:00,,,False,
G-03614,generado_ia,2026-08-26,Estudiantes,Estudiante de Grado,False,no_show,2026-08-26 08:00:47.635000-03:00,,,False,
G-03615,generado_ia,2026-08-26,Estudiantes,Estudiante de Grado,False,no_show,2026-08-26 08:00:53.562000-03:00,,,False,
G-03616,generado_ia,2026-08-26,Estudiantes,Estudiante de Grado,False,canceled,2026-08-26 08:00:54.778000-03:00,2026-08-26 08:52:37.881000-03:00,,False,
G-03617,generado_ia,2026-08-26,Estudiantes,Estudiante de Grado,False,canceled,2026-08-26 08:00:57.644000-03:00,2026-08-26 09:12:00.287000-03:00,,False,
G-03618,generado_ia,2026-08-26,Estudiantes,Estudiante de Grado,False,no_show,2026-08-26 08:00:59.613000-03:00,,,False,
G-03619,generado_ia,2026-08-26,Becas Nutrirse,Becas Nutrirse Vianda,False,no_show,2026-08-26 08:01:01.490000-03:00,,,False,
G-03620,generado_ia,2026-08-26,Becas Nutrirse,Becas Nutrirse Vianda,False,no_show,2026-08-26 08:01:07.856000-03:00,,,False,
G-03621,generado_ia,2026-08-26,Estudiantes,Estudiante de Grado,False,no_show,2026-08-26 08:01:08.490000-03:00,,,False,
G-03622,generado_ia,2026-08-26,Estudiantes,Estudiante de Grado,False,no_show,2026-08-26 08:01:19.234000-03:00,,,False,
G-03623,generado_ia,2026-08-26,Estudiantes,Estudiante de Grado,False,no_show,2026-08-26 08:01:21.026000-03:00,,,False,
G-03624,generado_ia,2026-08-26,Estudiantes,Estudiante de Grado,False,no_show,2026-08-26 08:01:23.346000-03:00,,,False,
G-03625,generado_ia,2026-08-26,Estudiantes,Estudiante de Grado,False,no_show,2026-08-26 08:01:32.771000-03:00,,,False,
G-03626,generado_ia,2026-08-26,Estudiantes,Estudiante de Grado,False,no_show,2026-08-26 08:01:32.980000-03:00,,,False,
G-03627,generado_ia,2026-08-26,Estudiantes,Estudiante de Grado,False,no_show,2026-08-26 08:01:34.920000-03:00,,,False,
G-03628,generado_ia,2026-08-26,Estudiantes,Estudiante de Grado,False,no_show,2026-08-26 08:01:40.800000-03:00,,,False,
G-03629,generado_ia,2026-08-26,Estudiantes,Estudiante de Grado,False,canceled,2026-08-26 08:01:40.940000-03:00,2026-08-26 08:09:51.131000-03:00,,False,
G-03630,generado_ia,2026-08-26,Becas personal,Becas Nodocentes,False,no_show,2026-08-26 08:01:49.609000-03:00,,,False,
G-03631,generado_ia,2026-08-26,Becas Nutrirse,Becas Nutrirse Vianda,False,no_show,2026-08-26 08:01:59.491000-03:00,,,False,
G-03632,generado_ia,2026-08-26,Estudiantes,Estudiante de Grado,False,no_show,2026-08-26 08:02:03.890000-03:00,,,False,
G-03633,generado_ia,2026-08-26,Estudiantes,Estudiante de Grado,False,no_show,2026-08-26 08:02:05.841000-03:00,,,False,
G-03634,generado_ia,2026-08-26,Estudiantes,Estudiante de Grado,False,no_show,2026-08-26 08:02:07.528000-03:00,,,False,
G-03635,generado_ia,2026-08-26,Estudiantes,Estudiante de Grado,False,no_show,2026-08-26 08:02:11.947000-03:00,,,False,
G-03636,generado_ia,2026-08-26,Estudiantes,Estudiante de Grado,False,canceled,2026-08-26 08:02:12.322000-03:00,2026-08-26 09:36:24.916000-03:00,,False,
G-03637,generado_ia,2026-08-26,Estudiantes,Estudiante de Grado,False,canceled,2026-08-26 08:02:15.482000-03:00,2026-08-26 09:01:35.579000-03:00,,False,
G-03638,generado_ia,2026-08-26,Estudiantes,Estudiante de Grado,False,no_show,2026-08-26 08:02:15.485000-03:00,,,False,
G-03639,generado_ia,2026-08-26,Estudiantes,Estudiante de Grado,False,no_show,2026-08-26 08:02:19.873000-03:00,,,False,
G-03640,generado_ia,2026-08-26,Estudiantes,Estudiante de Grado,False,canceled,2026-08-26 08:02:29.416000-03:00,2026-08-26 08:27:03.338000-03:00,,False,
G-03641,generado_ia,2026-08-26,Estudiantes,Estudiante de Grado,False,no_show,2026-08-26 08:02:29.508000-03:00,,,False,
G-03642,generado_ia,2026-08-26,Estudiantes,Estudiante de Grado,False,no_show,2026-08-26 08:02:31.188000-03:00,,,False,
G-03643,generado_ia,2026-08-26,Estudiantes,Estudiante de Grado,False,no_show,2026-08-26 08:02:31.649000-03:00,,,False,
G-03644,generado_ia,2026-08-26,Estudiantes,Estudiante de Grado,False,no_show,2026-08-26 08:02:33.377000-03:00,,,False,
G-03645,generado_ia,2026-08-26,Estudiantes,Estudiante de Grado,False,canceled,2026-08-26 08:02:36.606000-03:00,2026-08-26 10:58:15.238000-03:00,,False,
G-03646,generado_ia,2026-08-26,Estudiantes,Estudiante de Grado,False,no_show,2026-08-26 08:02:45.295000-03:00,,,False,
G-03647,generado_ia,2026-08-26,Estudiantes,Estudiante de Grado,False,no_show,2026-08-26 08:02:47.960000-03:00,,,False,
G-03648,generado_ia,2026-08-26,Becas Nutrirse,Becas Nutrirse Vianda,False,no_show,2026-08-26 08:02:54.597000-03:00,,,False,
G-03649,generado_ia,2026-08-26,Estudiantes,Estudiante de Grado,False,no_show,2026-08-26 08:02:55.381000-03:00,,,False,
G-03650,generado_ia,2026-08-26,Estudiantes,Estudiante de Grado,False,no_show,2026-08-26 08:02:57.595000-03:00,,,False,
G-03651,generado_ia,2026-08-26,Estudiantes,Estudiante de Grado,False,no_show,2026-08-26 08:03:09.763000-03:00,,,False,
G-03652,generado_ia,2026-08-26,Estudiantes,Estudiante de Grado,False,no_show,2026-08-26 08:03:18.539000-03:00,,,False,
G-03653,generado_ia,2026-08-26,Becas Nutrirse,Becas Nutrirse Vianda,False,no_show,2026-08-26 08:03:28.739000-03:00,,,False,
G-03654,generado_ia,2026-08-26,Estudiantes,Estudiante de Grado,False,canceled,2026-08-26 08:03:32.041000-03:00,2026-08-26 09:49:19.573000-03:00,,False,
G-03655,generado_ia,2026-08-26,Estudiantes,Estudiante de Grado,False,no_show,2026-08-26 08:03:32.451000-03:00,,,False,
G-03656,generado_ia,2026-08-26,Estudiantes,Estudiante de Grado,False,no_show,2026-08-26 08:03:32.494000-03:00,,,False,
G-03657,generado_ia,2026-08-26,Estudiantes,Estudiante de Grado,False,no_show,2026-08-26 08:03:39.926000-03:00,,,False,
G-03658,generado_ia,2026-08-26,Estudiantes,Estudiante de Grado,False,no_show,2026-08-26 08:03:51.204000-03:00,,,False,
G-03659,generado_ia,2026-08-26,Estudiantes,Estudiante de Grado,False,no_show,2026-08-26 08:03:56.862000-03:00,,,False,
G-03660,generado_ia,2026-08-26,Estudiantes,Estudiante de Grado,False,no_show,2026-08-26 08:04:00.635000-03:00,,,False,
G-03661,generado_ia,2026-08-26,Estudiantes,Estudiante de Grado,False,no_show,2026-08-26 08:04:05.828000-03:00,,,False,
G-03662,generado_ia,2026-08-26,Estudiantes,Estudiante de Grado,False,no_show,2026-08-26 08:04:07.671000-03:00,,,False,
G-03663,generado_ia,2026-08-26,Estudiantes,Estudiante de Grado,False,no_show,2026-08-26 08:04:17.718000-03:00,,,False,
G-03664,generado_ia,2026-08-26,Estudiantes,Estudiante de Grado,False,no_show,2026-08-26 08:04:35.883000-03:00,,,False,
G-03665,generado_ia,2026-08-26,Becas Nutrirse,Becas Nutrirse Vianda,False,no_show,2026-08-26 08:04:40.114000-03:00,,,False,
G-03666,generado_ia,2026-08-26,Estudiantes,Estudiante de Grado,False,no_show,2026-08-26 08:05:12.218000-03:00,,,False,
G-03667,generado_ia,2026-08-26,Becas Nutrirse,Becas Nutrirse Vianda,False,no_show,2026-08-26 08:05:26.800000-03:00,,,False,
G-03668,generado_ia,2026-08-26,Estudiantes,Estudiante de Grado,False,canceled,2026-08-26 08:05:30.905000-03:00,2026-08-26 10:46:31.713000-03:00,,False,
G-03669,generado_ia,2026-08-26,Estudiantes,Estudiante de Grado,False,canceled,2026-08-26 08:05:37.018000-03:00,2026-08-26 08:51:11.993000-03:00,,False,
G-03670,generado_ia,2026-08-26,Estudiantes,Estudiante de Grado,False,no_show,2026-08-26 08:05:40.107000-03:00,,,False,
G-03671,generado_ia,2026-08-26,Estudiantes,Estudiante de Grado,False,no_show,2026-08-26 08:05:50.479000-03:00,,,False,
G-03672,generado_ia,2026-08-26,Estudiantes,Estudiante de Grado,False,no_show,2026-08-26 08:05:55.235000-03:00,,,False,
G-03673,generado_ia,2026-08-26,Becas Nutrirse,Becas Nutrirse Vianda,False,no_show,2026-08-26 08:06:31.248000-03:00,,,False,
G-03674,generado_ia,2026-08-26,Becas Nutrirse,Becas Nutrirse Vianda,False,canceled,2026-08-26 08:06:35.686000-03:00,2026-08-26 09:22:07.128000-03:00,,False,
G-03675,generado_ia,2026-08-26,Becas Nutrirse,Becas Nutrirse Vianda,False,no_show,2026-08-26 08:06:38.541000-03:00,,,False,
G-03676,generado_ia,2026-08-26,Becas Nutrirse,Becas Nutrirse Vianda,False,canceled,2026-08-26 08:07:00.823000-03:00,2026-08-26 10:05:30.248000-03:00,,False,
G-03677,generado_ia,2026-08-26,Estudiantes,Estudiante de Grado,False,no_show,2026-08-26 08:07:14.570000-03:00,,,False,
G-03678,generado_ia,2026-08-26,Becas personal,Becas Nodocentes,False,canceled,2026-08-26 08:07:25.113000-03:00,2026-08-26 08:54:11.474000-03:00,,False,
G-03679,generado_ia,2026-08-26,Estudiantes,Estudiante de Grado,False,no_show,2026-08-26 08:07:26.314000-03:00,,,False,
G-03680,generado_ia,2026-08-26,Estudiantes,Estudiante de Grado,False,no_show,2026-08-26 08:07:37.041000-03:00,,,False,
G-03681,generado_ia,2026-08-26,Estudiantes,Estudiante de Grado,False,no_show,2026-08-26 08:07:56.239000-03:00,,,False,
G-03682,generado_ia,2026-08-26,Estudiantes,Estudiante de Grado,False,no_show,2026-08-26 08:08:40.651000-03:00,,,False,
G-03683,generado_ia,2026-08-26,Becas Nutrirse,Becas Nutrirse Vianda,False,no_show,2026-08-26 08:08:44.549000-03:00,,,False,
G-03684,generado_ia,2026-08-26,Estudiantes,Estudiante de Grado,False,no_show,2026-08-26 08:08:52.854000-03:00,,,False,
G-03685,generado_ia,2026-08-26,Estudiantes,Estudiante de Grado,False,no_show,2026-08-26 08:09:15.390000-03:00,,,False,
G-03686,generado_ia,2026-08-26,Becas Nutrirse,Becas Nutrirse Vianda,False,canceled,2026-08-26 08:09:17.859000-03:00,2026-08-26 09:11:11.503000-03:00,,False,
G-03687,generado_ia,2026-08-26,Estudiantes,Estudiante de Grado,False,canceled,2026-08-26 08:09:27.695000-03:00,2026-08-26 08:36:01.427000-03:00,,False,
G-03688,generado_ia,2026-08-26,Estudiantes,Estudiante de Grado,False,canceled,2026-08-26 08:09:28.685000-03:00,2026-08-26 08:29:57.963000-03:00,,False,
G-03689,generado_ia,2026-08-26,Estudiantes,Estudiante de Grado,False,no_show,2026-08-26 08:09:42.281000-03:00,,,False,
G-03690,generado_ia,2026-08-26,Estudiantes,Estudiante de Grado,False,no_show,2026-08-26 08:09:48.015000-03:00,,,False,
G-03691,generado_ia,2026-08-26,Estudiantes,Estudiante de Grado,False,canceled,2026-08-26 08:09:53.578000-03:00,2026-08-26 09:01:53.628000-03:00,,False,
G-03692,generado_ia,2026-08-26,Estudiantes,Estudiante de Grado,False,no_show,2026-08-26 08:10:00.999000-03:00,,,False,
G-03693,generado_ia,2026-08-26,Estudiantes,Estudiante de Grado,False,no_show,2026-08-26 08:10:05.915000-03:00,,,False,
G-03694,generado_ia,2026-08-26,Estudiantes,Estudiante de Grado,False,canceled,2026-08-26 08:10:07.742000-03:00,2026-08-26 10:38:23.944000-03:00,,False,
G-03695,generado_ia,2026-08-26,Becas Nutrirse,Becas Nutrirse Vianda,False,canceled,2026-08-26 08:10:36.889000-03:00,2026-08-26 10:31:26.536000-03:00,,False,
G-03696,generado_ia,2026-08-26,Estudiantes,Estudiante de Grado,False,no_show,2026-08-26 08:12:06.288000-03:00,,,False,
G-03697,generado_ia,2026-08-26,Estudiantes,Estudiante de Grado,False,no_show,2026-08-26 08:12:31.023000-03:00,,,False,
G-03698,generado_ia,2026-08-26,Estudiantes,Estudiante de Grado,False,no_show,2026-08-26 08:12:41.460000-03:00,,,False,
G-03699,generado_ia,2026-08-26,Becas Nutrirse,Becas Nutrirse Vianda sin TACC,True,no_show,2026-08-26 08:12:47.861000-03:00,,,False,
G-03700,generado_ia,2026-08-26,Estudiantes,Estudiante de Grado,False,canceled,2026-08-26 08:13:04.433000-03:00,2026-08-26 09:08:23.725000-03:00,,False,
G-03701,generado_ia,2026-08-26,Estudiantes,Estudiante de Grado,False,no_show,2026-08-26 08:13:24.297000-03:00,,,False,
G-03702,generado_ia,2026-08-26,Estudiantes,Estudiante de Grado,False,no_show,2026-08-26 08:13:25.867000-03:00,,,False,
G-03703,generado_ia,2026-08-26,Becas personal,Becas Nodocentes,False,no_show,2026-08-26 08:13:28.284000-03:00,,,False,
G-03704,generado_ia,2026-08-26,Becas Nutrirse,Becas Nutrirse Vianda,False,no_show,2026-08-26 08:13:38.328000-03:00,,,False,
G-03705,generado_ia,2026-08-26,Estudiantes,Estudiante de Grado,False,no_show,2026-08-26 08:13:47.961000-03:00,,,False,
G-03706,generado_ia,2026-08-26,Estudiantes,Estudiante de Grado,False,no_show,2026-08-26 08:14:19.383000-03:00,,,False,
G-03707,generado_ia,2026-08-26,Estudiantes,Estudiante de Grado,False,no_show,2026-08-26 08:15:24.774000-03:00,,,False,
G-03708,generado_ia,2026-08-26,Estudiantes,Estudiante de Grado,False,no_show,2026-08-26 08:15:44.284000-03:00,,,False,
G-03709,generado_ia,2026-08-26,Estudiantes,Estudiante de Grado,False,no_show,2026-08-26 08:16:03.857000-03:00,,,False,
G-03710,generado_ia,2026-08-26,Estudiantes,Estudiante de Grado,False,no_show,2026-08-26 08:16:12.131000-03:00,,,False,
G-03711,generado_ia,2026-08-26,Estudiantes,Estudiante de Grado,False,canceled,2026-08-26 08:17:40.846000-03:00,2026-08-26 08:57:19.890000-03:00,,False,
G-03712,generado_ia,2026-08-26,Estudiantes,Estudiante de Grado,False,no_show,2026-08-26 08:17:47.820000-03:00,,,False,
G-03713,generado_ia,2026-08-26,Estudiantes,Estudiante de Grado,False,canceled,2026-08-26 08:17:52.014000-03:00,2026-08-26 10:58:55.271000-03:00,,False,
G-03714,generado_ia,2026-08-26,Estudiantes,Estudiante de Grado,False,no_show,2026-08-26 08:18:07.968000-03:00,,,False,
G-03715,generado_ia,2026-08-26,Estudiantes,Estudiante de Grado,False,canceled,2026-08-26 08:18:15.688000-03:00,2026-08-26 09:04:15.901000-03:00,,False,
G-03716,generado_ia,2026-08-26,Estudiantes,Estudiante de Grado,False,no_show,2026-08-26 08:18:51.220000-03:00,,,False,
G-03717,generado_ia,2026-08-26,Estudiantes,Estudiante de Grado,False,canceled,2026-08-26 08:18:56.128000-03:00,2026-08-26 09:25:02.931000-03:00,,False,
G-03718,generado_ia,2026-08-26,Estudiantes,Estudiante de Grado,False,no_show,2026-08-26 08:19:39.786000-03:00,,,False,
G-03719,generado_ia,2026-08-26,Estudiantes,Estudiante de Grado,False,no_show,2026-08-26 08:20:29.102000-03:00,,,False,
G-03720,generado_ia,2026-08-26,Estudiantes,Estudiante de Grado,False,no_show,2026-08-26 08:20:31.051000-03:00,,,False,
G-03721,generado_ia,2026-08-26,Estudiantes,Estudiante de Grado,False,no_show,2026-08-26 08:20:54.512000-03:00,,,False,
G-03722,generado_ia,2026-08-26,Becas Nutrirse,Becas Nutrirse Vianda,False,no_show,2026-08-26 08:20:57.402000-03:00,,,False,
G-03723,generado_ia,2026-08-26,Estudiantes,Estudiante de Grado,False,no_show,2026-08-26 08:21:36.583000-03:00,,,False,
G-03724,generado_ia,2026-08-26,Estudiantes,Estudiante de Grado,False,no_show,2026-08-26 08:21:43.724000-03:00,,,False,
G-03725,generado_ia,2026-08-26,Estudiantes,Estudiante de Grado,False,canceled,2026-08-26 08:22:21.332000-03:00,2026-08-26 10:40:24.444000-03:00,,False,
G-03726,generado_ia,2026-08-26,Estudiantes,Estudiante de Grado,False,no_show,2026-08-26 08:23:16.470000-03:00,,,False,
G-03727,generado_ia,2026-08-26,Becas Nutrirse,Becas Nutrirse Vianda,False,no_show,2026-08-26 08:23:49.362000-03:00,,,False,
G-03728,generado_ia,2026-08-26,Estudiantes,Estudiante de Grado,False,no_show,2026-08-26 08:24:47.033000-03:00,,,False,
G-03729,generado_ia,2026-08-26,Estudiantes,Estudiante de Grado,False,no_show,2026-08-26 08:24:53.149000-03:00,,,False,
G-03730,generado_ia,2026-08-26,Estudiantes,Estudiante de Grado,False,no_show,2026-08-26 08:24:53.590000-03:00,,,False,
G-03731,generado_ia,2026-08-26,Estudiantes,Estudiante de Grado,False,no_show,2026-08-26 08:25:00.050000-03:00,,,False,
G-03732,generado_ia,2026-08-26,Estudiantes,Estudiante de Grado,False,no_show,2026-08-26 08:25:34.903000-03:00,,,False,
G-03733,generado_ia,2026-08-26,Estudiantes,Estudiante de Grado,False,canceled,2026-08-26 08:26:14.338000-03:00,2026-08-26 08:51:29.262000-03:00,,False,
G-03734,generado_ia,2026-08-26,Estudiantes,Estudiante de Grado,False,no_show,2026-08-26 08:26:28.806000-03:00,,,False,
G-03735,generado_ia,2026-08-26,Becas personal,Becas Nodocentes,False,no_show,2026-08-26 08:26:48.846000-03:00,,,False,
G-03736,generado_ia,2026-08-26,Estudiantes,Estudiante de Grado sin TACC,True,no_show,2026-08-26 08:27:38.550000-03:00,,,False,
G-03737,generado_ia,2026-08-26,Becas Nutrirse,Becas Nutrirse Vianda,False,canceled,2026-08-26 08:29:49.859000-03:00,2026-08-26 10:04:32.998000-03:00,,False,
G-03738,generado_ia,2026-08-26,Becas Nutrirse,Becas Nutrirse Vianda,False,no_show,2026-08-26 08:30:12.889000-03:00,,,False,
G-03739,generado_ia,2026-08-26,Becas Nutrirse,Becas Nutrirse Vianda,False,canceled,2026-08-26 08:31:10.644000-03:00,2026-08-26 10:17:28.382000-03:00,,False,
G-03740,generado_ia,2026-08-26,Estudiantes,Estudiante de Grado sin TACC,True,no_show,2026-08-26 08:31:43.362000-03:00,,,False,
G-03741,generado_ia,2026-08-26,Personal,Nodocente,False,no_show,2026-08-26 08:31:45.619000-03:00,,,False,
G-03742,generado_ia,2026-08-26,Becas Nutrirse,Becas Nutrirse Vianda,False,no_show,2026-08-26 08:34:24.888000-03:00,,,False,
G-03743,generado_ia,2026-08-26,Becas Nutrirse,Becas Nutrirse Vianda,False,canceled,2026-08-26 08:36:32.252000-03:00,2026-08-26 09:43:14.355000-03:00,,False,
G-03744,generado_ia,2026-08-26,Becas Nutrirse,Becas Nutrirse Vianda,False,canceled,2026-08-26 08:39:01.575000-03:00,2026-08-26 09:45:11.517000-03:00,,False,
G-03745,generado_ia,2026-08-26,Becas Nutrirse,Becas Nutrirse Vianda,False,no_show,2026-08-26 08:40:03.698000-03:00,,,False,
G-03746,generado_ia,2026-08-26,Personal,Docente,False,no_show,2026-08-26 08:40:08.341000-03:00,,,False,
G-03747,generado_ia,2026-08-26,Becas Nutrirse,Becas Nutrirse Vianda,False,no_show,2026-08-26 08:41:16.300000-03:00,,,False,
G-03748,generado_ia,2026-08-26,Becas personal,Becas Nodocentes,False,no_show,2026-08-26 08:44:54.239000-03:00,,,False,
G-03749,generado_ia,2026-08-26,Estudiantes,Estudiante de Grado,False,canceled,2026-08-26 08:46:20.985000-03:00,2026-08-26 10:24:17.333000-03:00,,False,
G-03750,generado_ia,2026-08-26,Becas Nutrirse,Becas Nutrirse Vianda,False,no_show,2026-08-26 08:46:49.099000-03:00,,,False,
G-03751,generado_ia,2026-08-26,Becas Nutrirse,Becas Nutrirse Vianda,False,canceled,2026-08-26 08:52:51.646000-03:00,2026-08-26 09:01:32.710000-03:00,,False,
G-03752,generado_ia,2026-08-26,Becas Nutrirse,Becas Nutrirse Vianda,False,no_show,2026-08-26 08:54:16.756000-03:00,,,False,
G-03753,generado_ia,2026-08-26,Becas Nutrirse,Becas Nutrirse Vianda,False,canceled,2026-08-26 08:54:30.538000-03:00,2026-08-26 09:59:03.137000-03:00,,False,
G-03754,generado_ia,2026-08-26,Becas Nutrirse,Becas Nutrirse Vianda,False,canceled,2026-08-26 08:55:47.720000-03:00,2026-08-26 10:38:13.332000-03:00,,False,
G-03755,generado_ia,2026-08-26,Becas Nutrirse,Becas Nutrirse Vianda,False,no_show,2026-08-26 08:56:46.388000-03:00,,,False,
G-03756,generado_ia,2026-08-26,Becas Nutrirse,Becas Nutrirse Vianda,False,no_show,2026-08-26 09:03:20.905000-03:00,,,False,
G-03757,generado_ia,2026-08-26,Becas Nutrirse,Becas Nutrirse Vianda,False,no_show,2026-08-26 09:04:25.727000-03:00,,,False,
G-03758,generado_ia,2026-08-26,Becas Nutrirse,Becas Nutrirse Vianda,False,canceled,2026-08-26 09:05:12.359000-03:00,2026-08-26 10:04:07.248000-03:00,,False,
G-03759,generado_ia,2026-08-26,Becas Nutrirse,Becas Nutrirse Vianda,False,no_show,2026-08-26 09:08:00.030000-03:00,,,False,
G-03760,generado_ia,2026-08-26,Becas personal,Becas Nodocentes,False,no_show,2026-08-26 09:15:07.899000-03:00,,,False,
G-03761,generado_ia,2026-08-26,Becas Nutrirse,Becas Nutrirse Vianda,False,no_show,2026-08-26 09:17:45.800000-03:00,,,False,
G-03762,generado_ia,2026-08-26,Becas Nutrirse,Becas Nutrirse Vianda,False,no_show,2026-08-26 09:17:52.347000-03:00,,,False,
G-03763,generado_ia,2026-08-26,Becas personal,Becas Nodocentes,False,canceled,2026-08-26 09:21:27.683000-03:00,2026-08-26 10:59:16.096000-03:00,,False,
G-03764,generado_ia,2026-08-26,Becas Nutrirse,Becas Nutrirse Vianda,False,canceled,2026-08-26 09:31:21.199000-03:00,2026-08-26 10:54:00.636000-03:00,,False,
G-03765,generado_ia,2026-08-26,Becas personal,Becas Nodocentes,False,canceled,2026-08-26 09:34:19.284000-03:00,2026-08-26 10:24:07.103000-03:00,,False,
G-03766,generado_ia,2026-08-26,Becas Nutrirse,Becas Nutrirse Vianda,False,no_show,2026-08-26 09:34:21.891000-03:00,,,False,
G-03767,generado_ia,2026-08-26,Becas Nutrirse,Becas Nutrirse Vianda,False,canceled,2026-08-26 09:37:32.267000-03:00,2026-08-26 10:27:01.707000-03:00,,False,
G-03768,generado_ia,2026-08-26,Becas personal,Becas Nodocentes,False,no_show,2026-08-26 09:37:51.833000-03:00,,,False,
G-03769,generado_ia,2026-08-26,Becas Nutrirse,Becas Nutrirse Vianda,False,no_show,2026-08-26 09:38:46.601000-03:00,,,False,
G-03770,generado_ia,2026-08-26,Becas Nutrirse,Becas Nutrirse Vianda,False,no_show,2026-08-26 09:39:45.394000-03:00,,,False,
G-03771,generado_ia,2026-08-26,Becas Nutrirse,Becas Nutrirse Vianda,False,canceled,2026-08-26 09:40:40.461000-03:00,2026-08-26 10:40:17.047000-03:00,,False,
G-03772,generado_ia,2026-08-26,Becas personal,Becas Docentes,False,no_show,2026-08-26 09:49:57.598000-03:00,,,False,
G-03773,generado_ia,2026-08-26,Becas Nutrirse,Becas Nutrirse Vianda,False,canceled,2026-08-26 09:50:30.921000-03:00,2026-08-26 09:52:51.765000-03:00,,False,
G-03774,generado_ia,2026-08-26,Becas Nutrirse,Becas Nutrirse Vianda,False,canceled,2026-08-26 09:53:58.849000-03:00,2026-08-26 10:04:01.183000-03:00,,False,
G-03775,generado_ia,2026-08-26,Becas Nutrirse,Becas Nutrirse Vianda,False,no_show,2026-08-26 10:00:00.560000-03:00,,,False,
G-03776,generado_ia,2026-08-26,Becas Nutrirse,Becas Nutrirse Vianda,False,no_show,2026-08-26 10:02:42.740000-03:00,,,False,
G-03777,generado_ia,2026-08-26,Becas Nutrirse,Becas Nutrirse Vianda,False,no_show,2026-08-26 10:04:08.082000-03:00,,,False,
G-03778,generado_ia,2026-08-26,Estudiantes,Estudiante de Grado,False,canceled,2026-08-26 10:58:31.259000-03:00,2026-08-26 10:59:40.156000-03:00,,False,
G-03779,generado_ia,2026-08-26,Estudiantes,Estudiante de Grado,False,no_show,2026-08-26 10:59:04.833000-03:00,,,False,
G-03780,generado_ia,2026-08-26,Estudiantes,Estudiante de Grado,False,no_show,2026-08-26 10:59:18.716000-03:00,,,False,
G-03781,generado_ia,2026-08-26,Estudiantes,Estudiante de Grado,False,canceled,2026-08-26 10:59:42.077000-03:00,2026-08-26 10:59:49.219000-03:00,,False,
G-03782,generado_ia,2026-08-26,Becas personal,Becas Nodocentes,False,no_show,2026-08-26 11:02:04.389000-03:00,,,False,
G-03783,generado_ia,2026-08-26,Estudiantes,Estudiante de Grado,False,no_show,2026-08-26 12:23:33.192000-03:00,,,False,
G-03784,generado_ia,2026-08-26,Becas Nutrirse,Becas Nutrirse Vianda,False,no_show,2026-08-26 14:20:57.473000-03:00,,,False,
G-03785,generado_ia,2026-08-26,Becas Nutrirse,Becas Nutrirse Vianda,False,canceled,2026-08-26 14:21:29.586000-03:00,2026-08-26 14:31:43.209000-03:00,,False,
G-03786,generado_ia,2026-08-31,Estudiantes,Estudiante de Grado,False,no_show,2026-08-31 08:00:07.942000-03:00,,,False,
G-03787,generado_ia,2026-08-31,Estudiantes,Estudiante de Grado,False,no_show,2026-08-31 08:00:11.097000-03:00,,,False,
G-03788,generado_ia,2026-08-31,Estudiantes,Estudiante de Grado,False,canceled,2026-08-31 08:00:11.710000-03:00,2026-08-31 10:53:04.568000-03:00,,False,
G-03789,generado_ia,2026-08-31,Estudiantes,Estudiante de Grado,False,no_show,2026-08-31 08:00:16.154000-03:00,,,False,
G-03790,generado_ia,2026-08-31,Estudiantes,Estudiante de Grado,False,no_show,2026-08-31 08:00:21.715000-03:00,,,False,
G-03791,generado_ia,2026-08-31,Becas Nutrirse,Becas Nutrirse Vianda,False,no_show,2026-08-31 08:00:22.200000-03:00,,,False,
G-03792,generado_ia,2026-08-31,Estudiantes,Estudiante de Grado,False,canceled,2026-08-31 08:00:23.114000-03:00,2026-08-31 10:31:30.955000-03:00,,False,
G-03793,generado_ia,2026-08-31,Estudiantes,Estudiante de Grado,False,no_show,2026-08-31 08:00:26.184000-03:00,,,False,
G-03794,generado_ia,2026-08-31,Estudiantes,Estudiante de Grado,False,no_show,2026-08-31 08:00:37.294000-03:00,,,False,
G-03795,generado_ia,2026-08-31,Estudiantes,Estudiante de Grado,False,no_show,2026-08-31 08:00:41.074000-03:00,,,False,
G-03796,generado_ia,2026-08-31,Estudiantes,Estudiante de Grado,False,no_show,2026-08-31 08:00:47.894000-03:00,,,False,
G-03797,generado_ia,2026-08-31,Estudiantes,Estudiante de Grado,False,no_show,2026-08-31 08:00:48.824000-03:00,,,False,
G-03798,generado_ia,2026-08-31,Estudiantes,Estudiante de Grado,False,no_show,2026-08-31 08:01:11.827000-03:00,,,False,
G-03799,generado_ia,2026-08-31,Estudiantes,Estudiante de Grado,False,no_show,2026-08-31 08:01:14.976000-03:00,,,False,
G-03800,generado_ia,2026-08-31,Becas Nutrirse,Becas Nutrirse Vianda,False,no_show,2026-08-31 08:01:15.186000-03:00,,,False,
G-03801,generado_ia,2026-08-31,Estudiantes,Estudiante de Grado,False,no_show,2026-08-31 08:01:21.909000-03:00,,,False,
G-03802,generado_ia,2026-08-31,Becas Nutrirse,Becas Nutrirse Vianda,False,no_show,2026-08-31 08:01:34.250000-03:00,,,False,
G-03803,generado_ia,2026-08-31,Becas Nutrirse,Becas Nutrirse Vianda,False,canceled,2026-08-31 08:01:55.071000-03:00,2026-08-31 10:51:53.042000-03:00,,False,
G-03804,generado_ia,2026-08-31,Estudiantes,Estudiante de Grado,False,no_show,2026-08-31 08:01:56.608000-03:00,,,False,
G-03805,generado_ia,2026-08-31,Becas Nutrirse,Becas Nutrirse Vianda,False,no_show,2026-08-31 08:02:18.351000-03:00,,,False,
G-03806,generado_ia,2026-08-31,Becas Nutrirse,Becas Nutrirse Vianda,False,no_show,2026-08-31 08:02:18.569000-03:00,,,False,
G-03807,generado_ia,2026-08-31,Estudiantes,Estudiante de Grado,False,no_show,2026-08-31 08:02:33.572000-03:00,,,False,
G-03808,generado_ia,2026-08-31,Becas Nutrirse,Becas Nutrirse Vianda,False,no_show,2026-08-31 08:02:35.340000-03:00,,,False,
G-03809,generado_ia,2026-08-31,Becas Nutrirse,Becas Nutrirse Vianda,False,no_show,2026-08-31 08:02:39.454000-03:00,,,False,
G-03810,generado_ia,2026-08-31,Estudiantes,Estudiante de Grado,False,no_show,2026-08-31 08:02:42.968000-03:00,,,False,
G-03811,generado_ia,2026-08-31,Estudiantes,Estudiante de Grado,False,canceled,2026-08-31 08:02:43.068000-03:00,2026-08-31 09:22:30.717000-03:00,,False,
G-03812,generado_ia,2026-08-31,Estudiantes,Estudiante de Grado,False,no_show,2026-08-31 08:02:46.708000-03:00,,,False,
G-03813,generado_ia,2026-08-31,Estudiantes,Estudiante de Grado,False,no_show,2026-08-31 08:02:47.823000-03:00,,,False,
G-03814,generado_ia,2026-08-31,Becas Nutrirse,Becas Nutrirse Vianda,False,no_show,2026-08-31 08:02:49.882000-03:00,,,False,
G-03815,generado_ia,2026-08-31,Becas personal,Becas Docentes,False,no_show,2026-08-31 08:02:59.585000-03:00,,,False,
G-03816,generado_ia,2026-08-31,Becas Nutrirse,Becas Nutrirse Vianda,False,no_show,2026-08-31 08:03:04.944000-03:00,,,False,
G-03817,generado_ia,2026-08-31,Estudiantes,Estudiante de Grado,False,no_show,2026-08-31 08:03:10.130000-03:00,,,False,
G-03818,generado_ia,2026-08-31,Estudiantes,Estudiante de Grado,False,no_show,2026-08-31 08:03:11.842000-03:00,,,False,
G-03819,generado_ia,2026-08-31,Estudiantes,Estudiante de Grado,False,canceled,2026-08-31 08:03:12.565000-03:00,2026-08-31 10:16:34.846000-03:00,,False,
G-03820,generado_ia,2026-08-31,Estudiantes,Estudiante de Grado,False,canceled,2026-08-31 08:03:22.746000-03:00,2026-08-31 08:20:06.418000-03:00,,False,
G-03821,generado_ia,2026-08-31,Becas Nutrirse,Becas Nutrirse Vianda,False,no_show,2026-08-31 08:03:29.180000-03:00,,,False,
G-03822,generado_ia,2026-08-31,Estudiantes,Estudiante de Grado,False,no_show,2026-08-31 08:03:29.649000-03:00,,,False,
G-03823,generado_ia,2026-08-31,Estudiantes,Estudiante de Grado,False,canceled,2026-08-31 08:03:35.054000-03:00,2026-08-31 10:46:23.262000-03:00,,False,
G-03824,generado_ia,2026-08-31,Estudiantes,Estudiante de Grado,False,no_show,2026-08-31 08:03:48.685000-03:00,,,False,
G-03825,generado_ia,2026-08-31,Estudiantes,Estudiante de Grado,False,no_show,2026-08-31 08:03:55.902000-03:00,,,False,
G-03826,generado_ia,2026-08-31,Estudiantes,Estudiante de Grado,False,no_show,2026-08-31 08:04:07.248000-03:00,,,False,
G-03827,generado_ia,2026-08-31,Estudiantes,Estudiante de Grado,False,canceled,2026-08-31 08:04:16.212000-03:00,2026-08-31 09:19:58.571000-03:00,,False,
G-03828,generado_ia,2026-08-31,Estudiantes,Estudiante de Grado,False,no_show,2026-08-31 08:04:27.475000-03:00,,,False,
G-03829,generado_ia,2026-08-31,Estudiantes,Estudiante de Grado,False,no_show,2026-08-31 08:04:35.107000-03:00,,,False,
G-03830,generado_ia,2026-08-31,Estudiantes,Estudiante de Grado,False,canceled,2026-08-31 08:04:51.449000-03:00,2026-08-31 09:20:58.663000-03:00,,False,
G-03831,generado_ia,2026-08-31,Estudiantes,Estudiante de Grado,False,no_show,2026-08-31 08:04:55.435000-03:00,,,False,
G-03832,generado_ia,2026-08-31,Estudiantes,Estudiante de Grado,False,no_show,2026-08-31 08:05:16.477000-03:00,,,False,
G-03833,generado_ia,2026-08-31,Estudiantes,Estudiante de Grado,False,canceled,2026-08-31 08:05:29.335000-03:00,2026-08-31 08:11:12.821000-03:00,,False,
G-03834,generado_ia,2026-08-31,Becas Nutrirse,Becas Nutrirse Vianda,False,no_show,2026-08-31 08:05:40.611000-03:00,,,False,
G-03835,generado_ia,2026-08-31,Estudiantes,Estudiante de Grado,False,no_show,2026-08-31 08:05:46.562000-03:00,,,False,
G-03836,generado_ia,2026-08-31,Estudiantes,Estudiante de Grado,False,no_show,2026-08-31 08:05:48.858000-03:00,,,False,
G-03837,generado_ia,2026-08-31,Estudiantes,Estudiante de Grado,False,no_show,2026-08-31 08:05:56.863000-03:00,,,False,
G-03838,generado_ia,2026-08-31,Estudiantes,Estudiante de Grado,False,no_show,2026-08-31 08:06:03.944000-03:00,,,False,
G-03839,generado_ia,2026-08-31,Becas Nutrirse,Becas Nutrirse Vianda,False,canceled,2026-08-31 08:06:06.289000-03:00,2026-08-31 09:49:58.809000-03:00,,False,
G-03840,generado_ia,2026-08-31,Becas Nutrirse,Becas Nutrirse Vianda,False,no_show,2026-08-31 08:06:16.310000-03:00,,,False,
G-03841,generado_ia,2026-08-31,Estudiantes,Estudiante de Grado,False,canceled,2026-08-31 08:06:45.372000-03:00,2026-08-31 10:14:50.207000-03:00,,False,
G-03842,generado_ia,2026-08-31,Estudiantes,Estudiante de Grado,False,no_show,2026-08-31 08:07:01.088000-03:00,,,False,
G-03843,generado_ia,2026-08-31,Estudiantes,Estudiante de Grado,False,canceled,2026-08-31 08:07:03.149000-03:00,2026-08-31 09:31:08.991000-03:00,,False,
G-03844,generado_ia,2026-08-31,Becas Nutrirse,Becas Nutrirse Vianda,False,canceled,2026-08-31 08:08:21.029000-03:00,2026-08-31 10:45:26.152000-03:00,,False,
G-03845,generado_ia,2026-08-31,Estudiantes,Estudiante de Grado,False,no_show,2026-08-31 08:08:32.681000-03:00,,,False,
G-03846,generado_ia,2026-08-31,Estudiantes,Estudiante de Grado,False,no_show,2026-08-31 08:08:37.129000-03:00,,,False,
G-03847,generado_ia,2026-08-31,Becas personal,Becas Nodocentes,False,no_show,2026-08-31 08:08:51.357000-03:00,,,False,
G-03848,generado_ia,2026-08-31,Estudiantes,Estudiante de Grado,False,canceled,2026-08-31 08:08:52.750000-03:00,2026-08-31 09:12:38.852000-03:00,,False,
G-03849,generado_ia,2026-08-31,Estudiantes,Estudiante de Grado,False,no_show,2026-08-31 08:08:57.724000-03:00,,,False,
G-03850,generado_ia,2026-08-31,Estudiantes,Estudiante de Grado,False,canceled,2026-08-31 08:09:15.621000-03:00,2026-08-31 08:51:18.039000-03:00,,False,
G-03851,generado_ia,2026-08-31,Estudiantes,Estudiante de Grado,False,canceled,2026-08-31 08:09:20.674000-03:00,2026-08-31 09:56:46.961000-03:00,,False,
G-03852,generado_ia,2026-08-31,Estudiantes,Estudiante de Grado,False,no_show,2026-08-31 08:09:45.148000-03:00,,,False,
G-03853,generado_ia,2026-08-31,Estudiantes,Estudiante de Grado,False,canceled,2026-08-31 08:10:21.972000-03:00,2026-08-31 08:18:48.084000-03:00,,False,
G-03854,generado_ia,2026-08-31,Estudiantes,Estudiante de Grado,False,no_show,2026-08-31 08:10:39.264000-03:00,,,False,
G-03855,generado_ia,2026-08-31,Estudiantes,Estudiante de Grado,False,canceled,2026-08-31 08:10:56.266000-03:00,2026-08-31 10:11:07.490000-03:00,,False,
G-03856,generado_ia,2026-08-31,Estudiantes,Estudiante de Grado,False,no_show,2026-08-31 08:11:06.606000-03:00,,,False,
G-03857,generado_ia,2026-08-31,Estudiantes,Estudiante de Grado,False,no_show,2026-08-31 08:11:06.991000-03:00,,,False,
G-03858,generado_ia,2026-08-31,Becas Nutrirse,Becas Nutrirse Vianda,False,no_show,2026-08-31 08:11:33.568000-03:00,,,False,
G-03859,generado_ia,2026-08-31,Estudiantes,Estudiante de Grado,False,canceled,2026-08-31 08:12:16.353000-03:00,2026-08-31 10:12:30.426000-03:00,,False,
G-03860,generado_ia,2026-08-31,Estudiantes,Estudiante de Grado,False,canceled,2026-08-31 08:12:18.081000-03:00,2026-08-31 10:10:46.084000-03:00,,False,
G-03861,generado_ia,2026-08-31,Estudiantes,Estudiante de Grado,False,canceled,2026-08-31 08:12:38.541000-03:00,2026-08-31 08:21:23.968000-03:00,,False,
G-03862,generado_ia,2026-08-31,Estudiantes,Estudiante de Grado,False,canceled,2026-08-31 08:13:15.960000-03:00,2026-08-31 08:33:46.203000-03:00,,False,
G-03863,generado_ia,2026-08-31,Estudiantes,Estudiante de Grado,False,canceled,2026-08-31 08:15:32.045000-03:00,2026-08-31 10:37:05.548000-03:00,,False,
G-03864,generado_ia,2026-08-31,Estudiantes,Estudiante de Grado,False,no_show,2026-08-31 08:15:56.518000-03:00,,,False,
G-03865,generado_ia,2026-08-31,Estudiantes,Estudiante de Grado,False,no_show,2026-08-31 08:16:03.968000-03:00,,,False,
G-03866,generado_ia,2026-08-31,Estudiantes,Estudiante de Grado,False,no_show,2026-08-31 08:16:16.104000-03:00,,,False,
G-03867,generado_ia,2026-08-31,Becas Nutrirse,Becas Nutrirse Vianda,False,no_show,2026-08-31 08:16:18.254000-03:00,,,False,
G-03868,generado_ia,2026-08-31,Estudiantes,Estudiante de Grado,False,no_show,2026-08-31 08:16:35.896000-03:00,,,False,
G-03869,generado_ia,2026-08-31,Estudiantes,Estudiante de Grado,False,no_show,2026-08-31 08:16:47.069000-03:00,,,False,
G-03870,generado_ia,2026-08-31,Estudiantes,Estudiante de Grado,False,no_show,2026-08-31 08:16:59.249000-03:00,,,False,
G-03871,generado_ia,2026-08-31,Estudiantes,Estudiante de Grado,False,canceled,2026-08-31 08:17:10.082000-03:00,2026-08-31 10:19:16.952000-03:00,,False,
G-03872,generado_ia,2026-08-31,Estudiantes,Estudiante de Grado,False,no_show,2026-08-31 08:17:29.199000-03:00,,,False,
G-03873,generado_ia,2026-08-31,Becas Nutrirse,Becas Nutrirse Vianda,False,no_show,2026-08-31 08:18:15.973000-03:00,,,False,
G-03874,generado_ia,2026-08-31,Becas Nutrirse,Becas Nutrirse Vianda,False,canceled,2026-08-31 08:18:45.333000-03:00,2026-08-31 08:41:19.098000-03:00,,False,
G-03875,generado_ia,2026-08-31,Becas Nutrirse,Becas Nutrirse Vianda,False,canceled,2026-08-31 08:19:07.530000-03:00,2026-08-31 09:58:41.446000-03:00,,False,
G-03876,generado_ia,2026-08-31,Becas Nutrirse,Becas Nutrirse Vianda,False,no_show,2026-08-31 08:19:17.925000-03:00,,,False,
G-03877,generado_ia,2026-08-31,Estudiantes,Estudiante de Grado,False,no_show,2026-08-31 08:19:32.942000-03:00,,,False,
G-03878,generado_ia,2026-08-31,Becas Nutrirse,Becas Nutrirse Vianda sin TACC,True,no_show,2026-08-31 08:19:44.669000-03:00,,,False,
G-03879,generado_ia,2026-08-31,Estudiantes,Estudiante de Grado,False,no_show,2026-08-31 08:19:50.597000-03:00,,,False,
G-03880,generado_ia,2026-08-31,Estudiantes,Estudiante de Grado,False,canceled,2026-08-31 08:19:55.073000-03:00,2026-08-31 10:07:49.051000-03:00,,False,
G-03881,generado_ia,2026-08-31,Estudiantes,Estudiante de Grado,False,no_show,2026-08-31 08:20:17.797000-03:00,,,False,
G-03882,generado_ia,2026-08-31,Becas Nutrirse,Becas Nutrirse Vianda,False,no_show,2026-08-31 08:21:08.419000-03:00,,,False,
G-03883,generado_ia,2026-08-31,Estudiantes,Estudiante de Grado,False,no_show,2026-08-31 08:21:09.205000-03:00,,,False,
G-03884,generado_ia,2026-08-31,Estudiantes,Estudiante de Grado,False,no_show,2026-08-31 08:21:17.792000-03:00,,,False,
G-03885,generado_ia,2026-08-31,Becas personal,Becas Docentes,False,no_show,2026-08-31 08:21:26.414000-03:00,,,False,
G-03886,generado_ia,2026-08-31,Estudiantes,Estudiante de Grado,False,no_show,2026-08-31 08:22:12.094000-03:00,,,False,
G-03887,generado_ia,2026-08-31,Estudiantes,Estudiante de Grado,False,canceled,2026-08-31 08:22:14.503000-03:00,2026-08-31 09:09:12.049000-03:00,,False,
G-03888,generado_ia,2026-08-31,Estudiantes,Estudiante de Grado,False,no_show,2026-08-31 08:22:16.380000-03:00,,,False,
G-03889,generado_ia,2026-08-31,Estudiantes,Estudiante de Grado,False,canceled,2026-08-31 08:22:34.164000-03:00,2026-08-31 10:43:53.105000-03:00,,False,
G-03890,generado_ia,2026-08-31,Estudiantes,Estudiante de Grado,False,canceled,2026-08-31 08:23:15.955000-03:00,2026-08-31 08:37:11.834000-03:00,,False,
G-03891,generado_ia,2026-08-31,Estudiantes,Estudiante de Grado,False,no_show,2026-08-31 08:23:31.635000-03:00,,,False,
G-03892,generado_ia,2026-08-31,Estudiantes,Estudiante de Grado,False,canceled,2026-08-31 08:23:51.147000-03:00,2026-08-31 09:08:46.483000-03:00,,False,
G-03893,generado_ia,2026-08-31,Estudiantes,Estudiante de Grado,False,no_show,2026-08-31 08:25:16.484000-03:00,,,False,
G-03894,generado_ia,2026-08-31,Estudiantes,Estudiante de Grado,False,no_show,2026-08-31 08:27:28.807000-03:00,,,False,
G-03895,generado_ia,2026-08-31,Estudiantes,Estudiante de Grado sin TACC,True,no_show,2026-08-31 08:28:36.726000-03:00,,,False,
G-03896,generado_ia,2026-08-31,Estudiantes,Estudiante de Grado,False,no_show,2026-08-31 08:28:37.179000-03:00,,,False,
G-03897,generado_ia,2026-08-31,Estudiantes,Estudiante de Grado,False,no_show,2026-08-31 08:29:14.287000-03:00,,,False,
G-03898,generado_ia,2026-08-31,Estudiantes,Estudiante de Grado,False,no_show,2026-08-31 08:29:17.198000-03:00,,,False,
G-03899,generado_ia,2026-08-31,Estudiantes,Estudiante de Grado,False,no_show,2026-08-31 08:30:27.874000-03:00,,,False,
G-03900,generado_ia,2026-08-31,Estudiantes,Estudiante de Grado,False,canceled,2026-08-31 08:30:29.911000-03:00,2026-08-31 10:57:26.235000-03:00,,False,
G-03901,generado_ia,2026-08-31,Becas Nutrirse,Becas Nutrirse Vianda,False,canceled,2026-08-31 08:30:34.239000-03:00,2026-08-31 10:57:34.461000-03:00,,False,
G-03902,generado_ia,2026-08-31,Becas Nutrirse,Becas Nutrirse Vianda,False,no_show,2026-08-31 08:30:43.567000-03:00,,,False,
G-03903,generado_ia,2026-08-31,Estudiantes,Estudiante de Grado,False,no_show,2026-08-31 08:30:59.629000-03:00,,,False,
G-03904,generado_ia,2026-08-31,Estudiantes,Estudiante de Grado,False,no_show,2026-08-31 08:31:24.344000-03:00,,,False,
G-03905,generado_ia,2026-08-31,Becas Nutrirse,Becas Nutrirse Vianda,False,canceled,2026-08-31 08:31:36.167000-03:00,2026-08-31 09:05:40.504000-03:00,,False,
G-03906,generado_ia,2026-08-31,Becas Nutrirse,Becas Nutrirse Vianda,False,canceled,2026-08-31 08:31:37.399000-03:00,2026-08-31 10:19:16.143000-03:00,,False,
G-03907,generado_ia,2026-08-31,Estudiantes,Estudiante de Grado,False,canceled,2026-08-31 08:31:40.980000-03:00,2026-08-31 10:07:43.586000-03:00,,False,
G-03908,generado_ia,2026-08-31,Estudiantes,Estudiante de Grado,False,no_show,2026-08-31 08:32:10.289000-03:00,,,False,
G-03909,generado_ia,2026-08-31,Becas Nutrirse,Becas Nutrirse Vianda,False,canceled,2026-08-31 08:32:32.027000-03:00,2026-08-31 09:08:58.994000-03:00,,False,
G-03910,generado_ia,2026-08-31,Estudiantes,Estudiante de Grado,False,canceled,2026-08-31 08:32:47.339000-03:00,2026-08-31 08:59:44.910000-03:00,,False,
G-03911,generado_ia,2026-08-31,Becas Nutrirse,Becas Nutrirse Vianda,False,canceled,2026-08-31 08:33:12.775000-03:00,2026-08-31 09:21:08.999000-03:00,,False,
G-03912,generado_ia,2026-08-31,Estudiantes,Estudiante de Grado,False,no_show,2026-08-31 08:33:16.208000-03:00,,,False,
G-03913,generado_ia,2026-08-31,Estudiantes,Estudiante de Grado,False,no_show,2026-08-31 08:33:16.368000-03:00,,,False,
G-03914,generado_ia,2026-08-31,Estudiantes,Estudiante de Grado,False,no_show,2026-08-31 08:33:49.088000-03:00,,,False,
G-03915,generado_ia,2026-08-31,Becas personal,Becas Nodocentes,False,no_show,2026-08-31 08:34:15.783000-03:00,,,False,
G-03916,generado_ia,2026-08-31,Estudiantes,Estudiante de Grado,False,no_show,2026-08-31 08:34:21.560000-03:00,,,False,
G-03917,generado_ia,2026-08-31,Estudiantes,Estudiante de Grado,False,canceled,2026-08-31 08:34:34.830000-03:00,2026-08-31 09:15:00.953000-03:00,,False,
G-03918,generado_ia,2026-08-31,Estudiantes,Estudiante de Grado,False,no_show,2026-08-31 08:34:50.764000-03:00,,,False,
G-03919,generado_ia,2026-08-31,Becas Nutrirse,Becas Nutrirse Vianda,False,no_show,2026-08-31 08:34:53.121000-03:00,,,False,
G-03920,generado_ia,2026-08-31,Estudiantes,Estudiante de Grado,False,no_show,2026-08-31 08:34:55.475000-03:00,,,False,
G-03921,generado_ia,2026-08-31,Becas Nutrirse,Becas Nutrirse Vianda,False,no_show,2026-08-31 08:35:42.636000-03:00,,,False,
G-03922,generado_ia,2026-08-31,Estudiantes,Estudiante de Grado,False,no_show,2026-08-31 08:35:55.196000-03:00,,,False,
G-03923,generado_ia,2026-08-31,Estudiantes,Estudiante de Grado,False,no_show,2026-08-31 08:35:59.078000-03:00,,,False,
G-03924,generado_ia,2026-08-31,Estudiantes,Estudiante de Grado,False,no_show,2026-08-31 08:37:40.352000-03:00,,,False,
G-03925,generado_ia,2026-08-31,Estudiantes,Estudiante de Grado,False,no_show,2026-08-31 08:38:24.515000-03:00,,,False,
G-03926,generado_ia,2026-08-31,Estudiantes,Estudiante de Grado,False,canceled,2026-08-31 08:39:05.501000-03:00,2026-08-31 09:16:09.750000-03:00,,False,
G-03927,generado_ia,2026-08-31,Estudiantes,Estudiante de Grado,False,no_show,2026-08-31 08:40:07.248000-03:00,,,False,
G-03928,generado_ia,2026-08-31,Estudiantes,Estudiante de Grado,False,no_show,2026-08-31 08:40:49.792000-03:00,,,False,
G-03929,generado_ia,2026-08-31,Estudiantes,Estudiante de Grado,False,no_show,2026-08-31 08:41:19.266000-03:00,,,False,
G-03930,generado_ia,2026-08-31,Becas Nutrirse,Becas Nutrirse Vianda,False,canceled,2026-08-31 08:42:32.504000-03:00,2026-08-31 08:53:28.089000-03:00,,False,
G-03931,generado_ia,2026-08-31,Becas Nutrirse,Becas Nutrirse Vianda,False,canceled,2026-08-31 08:42:51.581000-03:00,2026-08-31 10:38:34.293000-03:00,,False,
G-03932,generado_ia,2026-08-31,Estudiantes,Estudiante de Grado,False,no_show,2026-08-31 08:43:06.891000-03:00,,,False,
G-03933,generado_ia,2026-08-31,Estudiantes,Estudiante de Grado,False,no_show,2026-08-31 08:43:33.617000-03:00,,,False,
G-03934,generado_ia,2026-08-31,Estudiantes,Estudiante de Grado,False,no_show,2026-08-31 08:43:53.049000-03:00,,,False,
G-03935,generado_ia,2026-08-31,Becas Nutrirse,Becas Nutrirse Vianda,False,no_show,2026-08-31 08:45:26.533000-03:00,,,False,
G-03936,generado_ia,2026-08-31,Becas personal,Becas Nodocentes,False,no_show,2026-08-31 08:45:35.734000-03:00,,,False,
G-03937,generado_ia,2026-08-31,Becas Nutrirse,Becas Nutrirse Vianda,False,no_show,2026-08-31 08:45:57.568000-03:00,,,False,
G-03938,generado_ia,2026-08-31,Becas Nutrirse,Becas Nutrirse Vianda,False,no_show,2026-08-31 08:46:26.903000-03:00,,,False,
G-03939,generado_ia,2026-08-31,Becas Nutrirse,Becas Nutrirse Vianda,False,no_show,2026-08-31 08:47:56.896000-03:00,,,False,
G-03940,generado_ia,2026-08-31,Becas Nutrirse,Becas Nutrirse Vianda,False,canceled,2026-08-31 08:48:01.548000-03:00,2026-08-31 09:40:57.528000-03:00,,False,
G-03941,generado_ia,2026-08-31,Becas Nutrirse,Becas Nutrirse Vianda,False,no_show,2026-08-31 08:48:18.866000-03:00,,,False,
G-03942,generado_ia,2026-08-31,Estudiantes,Estudiante de Grado,False,no_show,2026-08-31 08:48:54.090000-03:00,,,False,
G-03943,generado_ia,2026-08-31,Becas Nutrirse,Becas Nutrirse Vianda,False,canceled,2026-08-31 08:49:19.149000-03:00,2026-08-31 10:44:28.560000-03:00,,False,
G-03944,generado_ia,2026-08-31,Becas personal,Becas Nodocentes,False,no_show,2026-08-31 08:53:44.790000-03:00,,,False,
G-03945,generado_ia,2026-08-31,Estudiantes,Estudiante de Grado,False,no_show,2026-08-31 08:54:01.926000-03:00,,,False,
G-03946,generado_ia,2026-08-31,Estudiantes,Estudiante de Grado,False,no_show,2026-08-31 08:54:26.385000-03:00,,,False,
G-03947,generado_ia,2026-08-31,Becas Nutrirse,Becas Nutrirse Vianda,False,canceled,2026-08-31 08:55:09.017000-03:00,2026-08-31 10:49:14.531000-03:00,,False,
G-03948,generado_ia,2026-08-31,Becas Nutrirse,Becas Nutrirse Vianda,False,canceled,2026-08-31 08:55:14.394000-03:00,2026-08-31 10:40:21.746000-03:00,,False,
G-03949,generado_ia,2026-08-31,Becas Nutrirse,Becas Nutrirse Vianda,False,no_show,2026-08-31 08:57:19.585000-03:00,,,False,
G-03950,generado_ia,2026-08-31,Becas Nutrirse,Becas Nutrirse Vianda,False,no_show,2026-08-31 08:59:57.053000-03:00,,,False,
G-03951,generado_ia,2026-08-31,Estudiantes,Estudiante de Grado,False,no_show,2026-08-31 09:01:05.796000-03:00,,,False,
G-03952,generado_ia,2026-08-31,Estudiantes,Estudiante de Grado,False,no_show,2026-08-31 09:01:06.393000-03:00,,,False,
G-03953,generado_ia,2026-08-31,Becas Nutrirse,Becas Nutrirse Vianda,False,canceled,2026-08-31 09:01:35.997000-03:00,2026-08-31 10:05:20.650000-03:00,,False,
G-03954,generado_ia,2026-08-31,Becas Nutrirse,Becas Nutrirse Vianda,False,canceled,2026-08-31 09:03:35.513000-03:00,2026-08-31 10:41:26.536000-03:00,,False,
G-03955,generado_ia,2026-08-31,Estudiantes,Estudiante de Grado,False,no_show,2026-08-31 09:04:05.456000-03:00,,,False,
G-03956,generado_ia,2026-08-31,Estudiantes,Estudiante de Grado,False,no_show,2026-08-31 09:05:20.530000-03:00,,,False,
G-03957,generado_ia,2026-08-31,Estudiantes,Estudiante de Grado,False,no_show,2026-08-31 09:06:11.918000-03:00,,,False,
G-03958,generado_ia,2026-08-31,Estudiantes,Estudiante de Grado,False,canceled,2026-08-31 09:07:17.316000-03:00,2026-08-31 10:58:06.804000-03:00,,False,
G-03959,generado_ia,2026-08-31,Becas Nutrirse,Becas Nutrirse Vianda,False,no_show,2026-08-31 09:07:17.562000-03:00,,,False,
G-03960,generado_ia,2026-08-31,Becas Nutrirse,Becas Nutrirse Vianda,False,canceled,2026-08-31 09:13:08.861000-03:00,2026-08-31 10:51:47.200000-03:00,,False,
G-03961,generado_ia,2026-08-31,Becas Nutrirse,Becas Nutrirse Vianda,False,no_show,2026-08-31 09:16:50.549000-03:00,,,False,
G-03962,generado_ia,2026-08-31,Becas Nutrirse,Becas Nutrirse Vianda,False,canceled,2026-08-31 09:22:16.853000-03:00,2026-08-31 09:25:50.519000-03:00,,False,
G-03963,generado_ia,2026-08-31,Estudiantes,Estudiante de Grado,False,no_show,2026-08-31 09:24:38.305000-03:00,,,False,
G-03964,generado_ia,2026-08-31,Becas Nutrirse,Becas Nutrirse Vianda,False,no_show,2026-08-31 09:27:36.895000-03:00,,,False,
G-03965,generado_ia,2026-08-31,Becas Nutrirse,Becas Nutrirse Vianda,False,canceled,2026-08-31 09:51:12.306000-03:00,2026-08-31 10:54:16.688000-03:00,,False,
G-03966,generado_ia,2026-08-31,Becas personal,Becas Nodocentes,False,canceled,2026-08-31 09:55:53.062000-03:00,2026-08-31 10:51:57.396000-03:00,,False,
G-03967,generado_ia,2026-08-31,Becas Nutrirse,Becas Nutrirse Vianda,False,no_show,2026-08-31 09:58:06.329000-03:00,,,False,
G-03968,generado_ia,2026-08-31,Becas Nutrirse,Becas Nutrirse Vianda,False,canceled,2026-08-31 09:59:19.792000-03:00,2026-08-31 10:35:32.218000-03:00,,False,
G-03969,generado_ia,2026-08-31,Becas Nutrirse,Becas Nutrirse Vianda,False,no_show,2026-08-31 10:02:23.795000-03:00,,,False,
G-03970,generado_ia,2026-08-31,Becas personal,Becas Nodocentes,False,no_show,2026-08-31 10:14:52.786000-03:00,,,False,
G-03971,generado_ia,2026-08-31,Becas Nutrirse,Becas Nutrirse Vianda,False,no_show,2026-08-31 10:15:30.779000-03:00,,,False,
G-03972,generado_ia,2026-08-31,Becas Nutrirse,Becas Nutrirse Vianda,False,canceled,2026-08-31 10:15:35.770000-03:00,2026-08-31 10:22:37.723000-03:00,,False,
G-03973,generado_ia,2026-08-31,Becas Nutrirse,Becas Nutrirse Vianda,False,no_show,2026-08-31 10:16:05.342000-03:00,,,False,
G-03974,generado_ia,2026-08-31,Becas Nutrirse,Becas Nutrirse Vianda,False,no_show,2026-08-31 10:17:26.611000-03:00,,,False,
G-03975,generado_ia,2026-08-31,Estudiantes,Estudiante de Grado,False,canceled,2026-08-31 10:18:11.459000-03:00,2026-08-31 10:29:22.966000-03:00,,False,
G-03976,generado_ia,2026-08-31,Becas Nutrirse,Becas Nutrirse Vianda,False,no_show,2026-08-31 10:28:03.229000-03:00,,,False,
G-03977,generado_ia,2026-08-31,Estudiantes,Estudiante de Grado,False,canceled,2026-08-31 10:31:26.660000-03:00,2026-08-31 10:41:35.483000-03:00,,False,
G-03978,generado_ia,2026-08-31,Becas Nutrirse,Becas Nutrirse Vianda,False,canceled,2026-08-31 10:32:22.480000-03:00,2026-08-31 10:45:39.753000-03:00,,False,
G-03979,generado_ia,2026-08-31,Estudiantes,Estudiante de Grado,False,canceled,2026-08-31 12:25:22.769000-03:00,2026-08-31 12:26:56.607000-03:00,,False,
G-03980,generado_ia,2026-08-31,Estudiantes,Estudiante de Grado,False,no_show,2026-08-31 12:26:32.482000-03:00,,,False,
G-03981,generado_ia,2026-09-01,Estudiantes,Estudiante de Grado,False,no_show,2026-09-01 08:00:05.984000-03:00,,,False,
G-03982,generado_ia,2026-09-01,Estudiantes,Estudiante de Grado,False,no_show,2026-09-01 08:00:06.191000-03:00,,,False,
G-03983,generado_ia,2026-09-01,Estudiantes,Estudiante de Grado,False,no_show,2026-09-01 08:00:13.402000-03:00,,,False,
G-03984,generado_ia,2026-09-01,Estudiantes,Estudiante de Grado,False,no_show,2026-09-01 08:00:14.778000-03:00,,,False,
G-03985,generado_ia,2026-09-01,Estudiantes,Estudiante de Grado,False,no_show,2026-09-01 08:00:14.850000-03:00,,,False,
G-03986,generado_ia,2026-09-01,Estudiantes,Estudiante de Grado,False,no_show,2026-09-01 08:00:23.393000-03:00,,,False,
G-03987,generado_ia,2026-09-01,Estudiantes,Estudiante de Grado,False,canceled,2026-09-01 08:00:34.085000-03:00,2026-09-01 09:08:23.750000-03:00,,False,
G-03988,generado_ia,2026-09-01,Estudiantes,Estudiante de Grado,False,no_show,2026-09-01 08:00:36.093000-03:00,,,False,
G-03989,generado_ia,2026-09-01,Becas Nutrirse,Becas Nutrirse Vianda,False,no_show,2026-09-01 08:00:36.983000-03:00,,,False,
G-03990,generado_ia,2026-09-01,Estudiantes,Estudiante de Grado,False,no_show,2026-09-01 08:00:38.080000-03:00,,,False,
G-03991,generado_ia,2026-09-01,Estudiantes,Estudiante de Grado,False,canceled,2026-09-01 08:00:42.982000-03:00,2026-09-01 10:38:18.339000-03:00,,False,
G-03992,generado_ia,2026-09-01,Estudiantes,Estudiante de Grado,False,no_show,2026-09-01 08:00:49.374000-03:00,,,False,
G-03993,generado_ia,2026-09-01,Estudiantes,Estudiante de Grado,False,no_show,2026-09-01 08:00:53.966000-03:00,,,False,
G-03994,generado_ia,2026-09-01,Estudiantes,Estudiante de Grado,False,no_show,2026-09-01 08:00:54.223000-03:00,,,False,
G-03995,generado_ia,2026-09-01,Estudiantes,Estudiante de Grado,False,canceled,2026-09-01 08:01:09.968000-03:00,2026-09-01 10:16:15.234000-03:00,,False,
G-03996,generado_ia,2026-09-01,Estudiantes,Estudiante de Grado,False,no_show,2026-09-01 08:01:17.357000-03:00,,,False,
G-03997,generado_ia,2026-09-01,Estudiantes,Estudiante de Grado,False,no_show,2026-09-01 08:01:20.989000-03:00,,,False,
G-03998,generado_ia,2026-09-01,Becas Nutrirse,Becas Nutrirse Vianda,False,no_show,2026-09-01 08:01:25.434000-03:00,,,False,
G-03999,generado_ia,2026-09-01,Estudiantes,Estudiante de Grado,False,no_show,2026-09-01 08:01:41.580000-03:00,,,False,
G-04000,generado_ia,2026-09-01,Estudiantes,Estudiante de Grado,False,canceled,2026-09-01 08:02:06.430000-03:00,2026-09-01 09:02:41.654000-03:00,,False,
G-04001,generado_ia,2026-09-01,Estudiantes,Estudiante de Grado,False,canceled,2026-09-01 08:02:52.103000-03:00,2026-09-01 10:49:06.669000-03:00,,False,
G-04002,generado_ia,2026-09-01,Estudiantes,Estudiante de Grado,False,canceled,2026-09-01 08:03:47.459000-03:00,2026-09-01 10:23:54.260000-03:00,,False,
G-04003,generado_ia,2026-09-01,Estudiantes,Estudiante de Grado,False,no_show,2026-09-01 08:03:52.549000-03:00,,,False,
G-04004,generado_ia,2026-09-01,Estudiantes,Estudiante de Grado,False,no_show,2026-09-01 08:04:52.537000-03:00,,,False,
G-04005,generado_ia,2026-09-01,Becas Nutrirse,Becas Nutrirse Vianda,False,canceled,2026-09-01 08:05:46.269000-03:00,2026-09-01 08:34:51.409000-03:00,,False,
G-04006,generado_ia,2026-09-01,Estudiantes,Estudiante de Grado,False,canceled,2026-09-01 08:22:15.018000-03:00,2026-09-01 09:19:41.106000-03:00,,False,
G-04007,generado_ia,2026-09-01,Estudiantes,Estudiante de Grado,False,no_show,2026-09-01 08:22:37.297000-03:00,,,False,
G-04008,generado_ia,2026-09-01,Becas Nutrirse,Becas Nutrirse Vianda,False,no_show,2026-09-01 09:52:51.611000-03:00,,,False,
G-04009,generado_ia,2026-09-01,Estudiantes,Estudiante de Grado,False,no_show,2026-09-01 09:53:18.722000-03:00,,,False,
G-04010,generado_ia,2026-09-01,Estudiantes,Estudiante de Grado,False,no_show,2026-09-01 09:54:14.959000-03:00,,,False,
G-04011,generado_ia,2026-09-01,Estudiantes,Estudiante de Grado,False,no_show,2026-09-01 09:55:12.618000-03:00,,,False,
G-04012,generado_ia,2026-09-01,Becas Nutrirse,Becas Nutrirse Vianda,False,canceled,2026-09-01 09:55:28.069000-03:00,2026-09-01 10:08:44.339000-03:00,,False,
G-04013,generado_ia,2026-09-01,Becas Nutrirse,Becas Nutrirse Vianda,False,canceled,2026-09-01 09:55:58.488000-03:00,2026-09-01 10:01:00.612000-03:00,,False,
G-04014,generado_ia,2026-09-01,Estudiantes,Estudiante de Grado,False,no_show,2026-09-01 09:56:39.202000-03:00,,,False,
G-04015,generado_ia,2026-09-01,Estudiantes,Estudiante de Grado,False,no_show,2026-09-01 09:56:48.548000-03:00,,,False,
G-04016,generado_ia,2026-09-01,Estudiantes,Estudiante de Grado,False,no_show,2026-09-01 09:57:34.054000-03:00,,,False,
G-04017,generado_ia,2026-09-01,Estudiantes,Estudiante de Grado,False,canceled,2026-09-01 09:57:57.457000-03:00,2026-09-01 10:24:29.568000-03:00,,False,
G-04018,generado_ia,2026-09-01,Estudiantes,Estudiante de Grado,False,no_show,2026-09-01 09:58:12.900000-03:00,,,False,
G-04019,generado_ia,2026-09-01,Estudiantes,Estudiante de Grado,False,no_show,2026-09-01 09:58:29.824000-03:00,,,False,
G-04020,generado_ia,2026-09-01,Estudiantes,Estudiante de Grado,False,no_show,2026-09-01 09:58:57.318000-03:00,,,False,
G-04021,generado_ia,2026-09-01,Becas Nutrirse,Becas Nutrirse Vianda,False,canceled,2026-09-01 09:59:26.045000-03:00,2026-09-01 10:58:51-03:00,,False,
G-04022,generado_ia,2026-09-01,Becas Nutrirse,Becas Nutrirse Vianda,False,no_show,2026-09-01 09:59:50.590000-03:00,,,False,
G-04023,generado_ia,2026-09-01,Estudiantes,Estudiante de Grado,False,no_show,2026-09-01 10:00:21.446000-03:00,,,False,
G-04024,generado_ia,2026-09-01,Estudiantes,Estudiante de Grado,False,no_show,2026-09-01 10:00:25.327000-03:00,,,False,
G-04025,generado_ia,2026-09-01,Estudiantes,Estudiante de Grado,False,no_show,2026-09-01 10:01:48.292000-03:00,,,False,
G-04026,generado_ia,2026-09-01,Becas personal,Becas Nodocentes,False,no_show,2026-09-01 10:02:23.270000-03:00,,,False,
G-04027,generado_ia,2026-09-01,Becas Nutrirse,Becas Nutrirse Vianda,False,canceled,2026-09-01 10:03:07.159000-03:00,2026-09-01 10:41:12.541000-03:00,,False,
G-04028,generado_ia,2026-09-01,Estudiantes,Estudiante de Grado,False,no_show,2026-09-01 10:03:47.215000-03:00,,,False,
G-04029,generado_ia,2026-09-01,Becas personal,Becas Nodocentes,False,canceled,2026-09-01 10:03:51.465000-03:00,2026-09-01 10:46:51.085000-03:00,,False,
G-04030,generado_ia,2026-09-01,Estudiantes,Estudiante de Grado,False,canceled,2026-09-01 10:04:07.810000-03:00,2026-09-01 10:34:41.637000-03:00,,False,
G-04031,generado_ia,2026-09-01,Estudiantes,Estudiante de Grado,False,no_show,2026-09-01 10:04:15.085000-03:00,,,False,
G-04032,generado_ia,2026-09-01,Becas personal,Becas Docentes,False,canceled,2026-09-01 10:04:53.032000-03:00,2026-09-01 10:09:06.751000-03:00,,False,
G-04033,generado_ia,2026-09-01,Estudiantes,Estudiante de Grado,False,no_show,2026-09-01 10:05:04.638000-03:00,,,False,
G-04034,generado_ia,2026-09-01,Becas Nutrirse,Becas Nutrirse Vianda,False,no_show,2026-09-01 10:05:20.879000-03:00,,,False,
G-04035,generado_ia,2026-09-01,Estudiantes,Estudiante de Grado,False,no_show,2026-09-01 10:05:30.857000-03:00,,,False,
G-04036,generado_ia,2026-09-01,Estudiantes,Estudiante de Grado,False,no_show,2026-09-01 10:05:53.338000-03:00,,,False,
G-04037,generado_ia,2026-09-01,Becas personal,Becas Nodocentes,False,no_show,2026-09-01 10:06:06.703000-03:00,,,False,
G-04038,generado_ia,2026-09-01,Estudiantes,Estudiante de Grado,False,canceled,2026-09-01 10:06:21.488000-03:00,2026-09-01 10:41:52.689000-03:00,,False,
G-04039,generado_ia,2026-09-01,Becas Nutrirse,Becas Nutrirse Vianda,False,canceled,2026-09-01 10:06:40.717000-03:00,2026-09-01 10:57:09.357000-03:00,,False,
G-04040,generado_ia,2026-09-01,Becas Nutrirse,Becas Nutrirse Vianda,False,no_show,2026-09-01 10:06:59.202000-03:00,,,False,
G-04041,generado_ia,2026-09-01,Estudiantes,Estudiante de Grado,False,no_show,2026-09-01 10:07:12.890000-03:00,,,False,
G-04042,generado_ia,2026-09-01,Estudiantes,Estudiante de Grado,False,no_show,2026-09-01 10:07:17.825000-03:00,,,False,
G-04043,generado_ia,2026-09-01,Estudiantes,Estudiante de Grado,False,no_show,2026-09-01 10:07:32.789000-03:00,,,False,
G-04044,generado_ia,2026-09-01,Estudiantes,Estudiante de Grado,False,no_show,2026-09-01 10:07:47.621000-03:00,,,False,
G-04045,generado_ia,2026-09-01,Estudiantes,Estudiante de Grado,False,no_show,2026-09-01 10:07:51.037000-03:00,,,False,
G-04046,generado_ia,2026-09-01,Becas Nutrirse,Becas Nutrirse Vianda,False,canceled,2026-09-01 10:07:53.069000-03:00,2026-09-01 10:48:25.096000-03:00,,False,
G-04047,generado_ia,2026-09-01,Estudiantes,Estudiante de Grado,False,no_show,2026-09-01 10:07:54.239000-03:00,,,False,
G-04048,generado_ia,2026-09-01,Estudiantes,Estudiante de Grado,False,no_show,2026-09-01 10:08:16.097000-03:00,,,False,
G-04049,generado_ia,2026-09-01,Estudiantes,Estudiante de Grado,False,no_show,2026-09-01 10:08:16.970000-03:00,,,False,
G-04050,generado_ia,2026-09-01,Becas Nutrirse,Becas Nutrirse Vianda,False,canceled,2026-09-01 10:08:17.996000-03:00,2026-09-01 10:27:37.856000-03:00,,False,
G-04051,generado_ia,2026-09-01,Estudiantes,Estudiante de Grado,False,no_show,2026-09-01 10:08:21.181000-03:00,,,False,
G-04052,generado_ia,2026-09-01,Becas Nutrirse,Becas Nutrirse Vianda,False,no_show,2026-09-01 10:08:28.131000-03:00,,,False,
G-04053,generado_ia,2026-09-01,Estudiantes,Estudiante de Grado,False,no_show,2026-09-01 10:08:30.789000-03:00,,,False,
G-04054,generado_ia,2026-09-01,Estudiantes,Estudiante de Grado,False,no_show,2026-09-01 10:09:04.146000-03:00,,,False,
G-04055,generado_ia,2026-09-01,Becas Nutrirse,Becas Nutrirse Vianda,False,canceled,2026-09-01 10:09:15.038000-03:00,2026-09-01 10:45:43.482000-03:00,,False,
G-04056,generado_ia,2026-09-01,Estudiantes,Estudiante de Grado,False,no_show,2026-09-01 10:09:19.707000-03:00,,,False,
G-04057,generado_ia,2026-09-01,Estudiantes,Estudiante de Grado,False,no_show,2026-09-01 10:09:37.789000-03:00,,,False,
G-04058,generado_ia,2026-09-01,Estudiantes,Estudiante de Grado,False,no_show,2026-09-01 10:09:40.185000-03:00,,,False,
G-04059,generado_ia,2026-09-01,Estudiantes,Estudiante de Grado,False,no_show,2026-09-01 10:09:48.817000-03:00,,,False,
G-04060,generado_ia,2026-09-01,Estudiantes,Estudiante de Grado,False,no_show,2026-09-01 10:10:32.198000-03:00,,,False,
G-04061,generado_ia,2026-09-01,Estudiantes,Estudiante de Grado,False,no_show,2026-09-01 10:10:53.023000-03:00,,,False,
G-04062,generado_ia,2026-09-01,Estudiantes,Estudiante de Grado,False,no_show,2026-09-01 10:10:59.949000-03:00,,,False,
G-04063,generado_ia,2026-09-01,Estudiantes,Estudiante de Grado,False,canceled,2026-09-01 10:11:04.328000-03:00,2026-09-01 10:18:24.275000-03:00,,False,
G-04064,generado_ia,2026-09-01,Estudiantes,Estudiante de Grado,False,canceled,2026-09-01 10:11:16.963000-03:00,2026-09-01 10:26:05.414000-03:00,,False,
G-04065,generado_ia,2026-09-01,Becas Nutrirse,Becas Nutrirse Vianda,False,canceled,2026-09-01 10:11:24.159000-03:00,2026-09-01 10:33:32.724000-03:00,,False,
G-04066,generado_ia,2026-09-01,Becas Nutrirse,Becas Nutrirse Vianda,False,no_show,2026-09-01 10:11:40.364000-03:00,,,False,
G-04067,generado_ia,2026-09-01,Estudiantes,Estudiante de Grado,False,no_show,2026-09-01 10:11:52.150000-03:00,,,False,
G-04068,generado_ia,2026-09-01,Estudiantes,Estudiante de Grado,False,no_show,2026-09-01 10:11:53.891000-03:00,,,False,
G-04069,generado_ia,2026-09-01,Estudiantes,Estudiante de Grado,False,no_show,2026-09-01 10:12:11.474000-03:00,,,False,
G-04070,generado_ia,2026-09-01,Becas Nutrirse,Becas Nutrirse Vianda,False,no_show,2026-09-01 10:12:12.660000-03:00,,,False,
G-04071,generado_ia,2026-09-01,Estudiantes,Estudiante de Grado,False,no_show,2026-09-01 10:12:25.753000-03:00,,,False,
G-04072,generado_ia,2026-09-01,Estudiantes,Estudiante de Grado,False,canceled,2026-09-01 10:12:51.275000-03:00,2026-09-01 10:32:01.415000-03:00,,False,
G-04073,generado_ia,2026-09-01,Estudiantes,Estudiante de Grado,False,no_show,2026-09-01 10:13:05.874000-03:00,,,False,
G-04074,generado_ia,2026-09-01,Estudiantes,Estudiante de Grado Centro sin TACC,True,no_show,2026-09-01 10:13:06.449000-03:00,,,False,
G-04075,generado_ia,2026-09-01,Estudiantes,Estudiante de Grado,False,no_show,2026-09-01 10:13:07.378000-03:00,,,False,
G-04076,generado_ia,2026-09-01,Estudiantes,Estudiante de Grado,False,no_show,2026-09-01 10:13:10.771000-03:00,,,False,
G-04077,generado_ia,2026-09-01,Becas Nutrirse,Becas Nutrirse Vianda,False,no_show,2026-09-01 10:13:19.838000-03:00,,,False,
G-04078,generado_ia,2026-09-01,Estudiantes,Estudiante de Grado,False,no_show,2026-09-01 10:13:24.338000-03:00,,,False,
G-04079,generado_ia,2026-09-01,Estudiantes,Estudiante de Grado,False,canceled,2026-09-01 10:13:32.647000-03:00,2026-09-01 10:53:34.568000-03:00,,False,
G-04080,generado_ia,2026-09-01,Becas Nutrirse,Becas Nutrirse Vianda,False,no_show,2026-09-01 10:13:37.916000-03:00,,,False,
G-04081,generado_ia,2026-09-01,Estudiantes,Estudiante de Grado,False,no_show,2026-09-01 10:13:39.977000-03:00,,,False,
G-04082,generado_ia,2026-09-01,Becas Nutrirse,Becas Nutrirse Vianda,False,no_show,2026-09-01 10:13:49.568000-03:00,,,False,
G-04083,generado_ia,2026-09-01,Estudiantes,Estudiante de Grado,False,no_show,2026-09-01 10:13:56.275000-03:00,,,False,
G-04084,generado_ia,2026-09-01,Becas Nutrirse,Becas Nutrirse Vianda,False,canceled,2026-09-01 10:14:10.647000-03:00,2026-09-01 10:35:08.815000-03:00,,False,
G-04085,generado_ia,2026-09-01,Estudiantes,Estudiante de Grado,False,no_show,2026-09-01 10:14:19.239000-03:00,,,False,
G-04086,generado_ia,2026-09-01,Estudiantes,Estudiante de Grado,False,no_show,2026-09-01 10:14:34.463000-03:00,,,False,
G-04087,generado_ia,2026-09-01,Estudiantes,Estudiante de Grado,False,no_show,2026-09-01 10:14:40.696000-03:00,,,False,
G-04088,generado_ia,2026-09-01,Becas Nutrirse,Becas Nutrirse Vianda,False,no_show,2026-09-01 10:14:46.889000-03:00,,,False,
G-04089,generado_ia,2026-09-01,Becas Nutrirse,Becas Nutrirse Vianda,False,canceled,2026-09-01 10:15:02.640000-03:00,2026-09-01 10:58:21.452000-03:00,,False,
G-04090,generado_ia,2026-09-01,Estudiantes,Estudiante de Grado,False,no_show,2026-09-01 10:15:11.495000-03:00,,,False,
G-04091,generado_ia,2026-09-01,Estudiantes,Estudiante de Grado,False,no_show,2026-09-01 10:15:15.731000-03:00,,,False,
G-04092,generado_ia,2026-09-01,Becas Nutrirse,Becas Nutrirse Vianda,False,no_show,2026-09-01 10:15:44.659000-03:00,,,False,
G-04093,generado_ia,2026-09-01,Becas Nutrirse,Becas Nutrirse Vianda,False,canceled,2026-09-01 10:15:48.436000-03:00,2026-09-01 10:25:35.761000-03:00,,False,
G-04094,generado_ia,2026-09-01,Estudiantes,Estudiante de Grado,False,no_show,2026-09-01 10:15:59.128000-03:00,,,False,
G-04095,generado_ia,2026-09-01,Estudiantes,Estudiante de Grado,False,canceled,2026-09-01 10:16:06.762000-03:00,2026-09-01 10:30:32.982000-03:00,,False,
G-04096,generado_ia,2026-09-01,Becas Nutrirse,Becas Nutrirse Vianda,False,no_show,2026-09-01 10:16:27.382000-03:00,,,False,
G-04097,generado_ia,2026-09-01,Estudiantes,Estudiante de Grado,False,no_show,2026-09-01 10:16:29.864000-03:00,,,False,
G-04098,generado_ia,2026-09-01,Estudiantes,Estudiante de Grado,False,no_show,2026-09-01 10:16:37.775000-03:00,,,False,
G-04099,generado_ia,2026-09-01,Becas Nutrirse,Becas Nutrirse Vianda,False,no_show,2026-09-01 10:16:38.852000-03:00,,,False,
G-04100,generado_ia,2026-09-01,Estudiantes,Estudiante de Grado,False,no_show,2026-09-01 10:16:41.953000-03:00,,,False,
G-04101,generado_ia,2026-09-01,Estudiantes,Estudiante de Grado,False,no_show,2026-09-01 10:16:54.904000-03:00,,,False,
G-04102,generado_ia,2026-09-01,Becas Nutrirse,Becas Nutrirse Vianda,False,canceled,2026-09-01 10:17:23.486000-03:00,2026-09-01 10:40:56.618000-03:00,,False,
G-04103,generado_ia,2026-09-01,Becas Nutrirse,Becas Nutrirse Vianda,False,canceled,2026-09-01 10:17:33.073000-03:00,2026-09-01 10:59:28.182000-03:00,,False,
G-04104,generado_ia,2026-09-01,Estudiantes,Estudiante de Grado,False,canceled,2026-09-01 10:17:43.253000-03:00,2026-09-01 10:37:54.113000-03:00,,False,
G-04105,generado_ia,2026-09-01,Estudiantes,Estudiante de Grado,False,canceled,2026-09-01 10:17:48.140000-03:00,2026-09-01 10:19:02.433000-03:00,,False,
G-04106,generado_ia,2026-09-01,Becas Nutrirse,Becas Nutrirse Vianda,False,no_show,2026-09-01 10:17:57.763000-03:00,,,False,
G-04107,generado_ia,2026-09-01,Estudiantes,Estudiante de Grado,False,no_show,2026-09-01 10:17:58.986000-03:00,,,False,
G-04108,generado_ia,2026-09-01,Becas Nutrirse,Becas Nutrirse Vianda,False,no_show,2026-09-01 10:18:00.650000-03:00,,,False,
G-04109,generado_ia,2026-09-01,Becas Nutrirse,Becas Nutrirse Vianda,False,no_show,2026-09-01 10:18:18.147000-03:00,,,False,
G-04110,generado_ia,2026-09-01,Estudiantes,Estudiante de Grado,False,canceled,2026-09-01 10:18:43.137000-03:00,2026-09-01 10:24:33.770000-03:00,,False,
G-04111,generado_ia,2026-09-01,Estudiantes,Estudiante de Grado,False,canceled,2026-09-01 10:19:23.788000-03:00,2026-09-01 10:49:35.746000-03:00,,False,
G-04112,generado_ia,2026-09-01,Becas personal,Becas Nodocentes,False,canceled,2026-09-01 10:19:37.509000-03:00,2026-09-01 10:35:36.433000-03:00,,False,
G-04113,generado_ia,2026-09-01,Estudiantes,Estudiante de Grado,False,no_show,2026-09-01 10:20:03.253000-03:00,,,False,
G-04114,generado_ia,2026-09-01,Estudiantes,Estudiante de Grado,False,no_show,2026-09-01 10:20:10.050000-03:00,,,False,
G-04115,generado_ia,2026-09-01,Estudiantes,Estudiante de Grado,False,no_show,2026-09-01 10:20:34.349000-03:00,,,False,
G-04116,generado_ia,2026-09-01,Estudiantes,Estudiante de Grado,False,no_show,2026-09-01 10:20:34.729000-03:00,,,False,
G-04117,generado_ia,2026-09-01,Estudiantes,Estudiante de Grado,False,canceled,2026-09-01 10:20:47.722000-03:00,2026-09-01 10:58:42.323000-03:00,,False,
G-04118,generado_ia,2026-09-01,Estudiantes,Estudiante de Grado,False,no_show,2026-09-01 10:20:56.478000-03:00,,,False,
G-04119,generado_ia,2026-09-01,Estudiantes,Estudiante de Grado,False,no_show,2026-09-01 10:21:13.014000-03:00,,,False,
G-04120,generado_ia,2026-09-01,Estudiantes,Estudiante de Grado,False,canceled,2026-09-01 10:21:21.257000-03:00,2026-09-01 10:26:43.411000-03:00,,False,
G-04121,generado_ia,2026-09-01,Becas Nutrirse,Becas Nutrirse Vianda,False,canceled,2026-09-01 10:21:27.916000-03:00,2026-09-01 10:44:43.744000-03:00,,False,
G-04122,generado_ia,2026-09-01,Estudiantes,Estudiante de Grado,False,no_show,2026-09-01 10:21:28.804000-03:00,,,False,
G-04123,generado_ia,2026-09-01,Estudiantes,Estudiante de Grado,False,no_show,2026-09-01 10:21:48.129000-03:00,,,False,
G-04124,generado_ia,2026-09-01,Estudiantes,Estudiante de Grado,False,no_show,2026-09-01 10:22:33.074000-03:00,,,False,
G-04125,generado_ia,2026-09-01,Estudiantes,Estudiante de Grado,False,no_show,2026-09-01 10:22:46.736000-03:00,,,False,
G-04126,generado_ia,2026-09-01,Estudiantes,Estudiante de Grado,False,no_show,2026-09-01 10:22:50.018000-03:00,,,False,
G-04127,generado_ia,2026-09-01,Becas Nutrirse,Becas Nutrirse Vianda,False,no_show,2026-09-01 10:22:53.548000-03:00,,,False,
G-04128,generado_ia,2026-09-01,Estudiantes,Estudiante de Grado,False,no_show,2026-09-01 10:22:54.786000-03:00,,,False,
G-04129,generado_ia,2026-09-01,Becas Nutrirse,Becas Nutrirse Vianda,False,no_show,2026-09-01 10:23:00.211000-03:00,,,False,
G-04130,generado_ia,2026-09-01,Becas Nutrirse,Becas Nutrirse Vianda,False,no_show,2026-09-01 10:23:04.927000-03:00,,,False,
G-04131,generado_ia,2026-09-01,Estudiantes,Estudiante de Grado,False,no_show,2026-09-01 10:23:09.795000-03:00,,,False,
G-04132,generado_ia,2026-09-01,Estudiantes,Estudiante de Grado,False,no_show,2026-09-01 10:23:18.299000-03:00,,,False,
G-04133,generado_ia,2026-09-01,Estudiantes,Estudiante de Grado,False,canceled,2026-09-01 10:23:28.482000-03:00,2026-09-01 10:50:20.436000-03:00,,False,
G-04134,generado_ia,2026-09-01,Estudiantes,Estudiante de Grado,False,no_show,2026-09-01 10:23:36.843000-03:00,,,False,
G-04135,generado_ia,2026-09-01,Estudiantes,Estudiante de Grado,False,no_show,2026-09-01 10:23:39.890000-03:00,,,False,
G-04136,generado_ia,2026-09-01,Becas personal,Becas Nodocentes,False,canceled,2026-09-01 10:23:40.377000-03:00,2026-09-01 10:49:46.057000-03:00,,False,
G-04137,generado_ia,2026-09-01,Becas Nutrirse,Becas Nutrirse Vianda,False,canceled,2026-09-01 10:23:56.854000-03:00,2026-09-01 10:33:18.006000-03:00,,False,
G-04138,generado_ia,2026-09-01,Becas Nutrirse,Becas Nutrirse Vianda,False,canceled,2026-09-01 10:24:16.732000-03:00,2026-09-01 10:50:37.031000-03:00,,False,
G-04139,generado_ia,2026-09-01,Estudiantes,Estudiante de Grado sin TACC,True,canceled,2026-09-01 10:24:16.960000-03:00,2026-09-01 10:45:52.340000-03:00,,False,
G-04140,generado_ia,2026-09-01,Becas Nutrirse,Becas Nutrirse Vianda,False,canceled,2026-09-01 10:24:24.013000-03:00,2026-09-01 10:37:10.249000-03:00,,False,
G-04141,generado_ia,2026-09-01,Becas Nutrirse,Becas Nutrirse Vianda,False,canceled,2026-09-01 10:24:46.950000-03:00,2026-09-01 10:27:28.178000-03:00,,False,
G-04142,generado_ia,2026-09-01,Becas Nutrirse,Becas Nutrirse Vianda,False,no_show,2026-09-01 10:25:15.021000-03:00,,,False,
G-04143,generado_ia,2026-09-01,Becas Nutrirse,Becas Nutrirse Vianda,False,canceled,2026-09-01 10:25:16.375000-03:00,2026-09-01 10:29:37.406000-03:00,,False,
G-04144,generado_ia,2026-09-01,Becas Nutrirse,Becas Nutrirse Vianda,False,no_show,2026-09-01 10:25:23.382000-03:00,,,False,
G-04145,generado_ia,2026-09-01,Personal,Docente,False,no_show,2026-09-01 10:25:26.840000-03:00,,,False,
G-04146,generado_ia,2026-09-01,Becas Nutrirse,Becas Nutrirse Vianda,False,no_show,2026-09-01 10:25:55.901000-03:00,,,False,
G-04147,generado_ia,2026-09-01,Estudiantes,Estudiante de Grado,False,no_show,2026-09-01 10:27:43.368000-03:00,,,False,
G-04148,generado_ia,2026-09-01,Becas Nutrirse,Becas Nutrirse Vianda,False,canceled,2026-09-01 10:28:54.994000-03:00,2026-09-01 10:44:14.610000-03:00,,False,
G-04149,generado_ia,2026-09-01,Personal,Docente,False,no_show,2026-09-01 10:29:14.027000-03:00,,,False,
G-04150,generado_ia,2026-09-01,Becas Nutrirse,Becas Nutrirse Vianda,False,canceled,2026-09-01 10:32:14.500000-03:00,2026-09-01 10:51:19.512000-03:00,,False,
G-04151,generado_ia,2026-09-01,Becas Nutrirse,Becas Nutrirse Vianda,False,no_show,2026-09-01 10:36:18.707000-03:00,,,False,
G-04152,generado_ia,2026-09-01,Becas Nutrirse,Becas Nutrirse Vianda,False,no_show,2026-09-01 10:37:48.752000-03:00,,,False,
G-04153,generado_ia,2026-09-01,Becas Nutrirse,Becas Nutrirse Vianda,False,no_show,2026-09-01 10:40:07.490000-03:00,,,False,
G-04154,generado_ia,2026-09-01,Becas Nutrirse,Becas Nutrirse Vianda,False,no_show,2026-09-01 10:40:36.565000-03:00,,,False,
G-04155,generado_ia,2026-09-01,Becas Nutrirse,Becas Nutrirse Vianda,False,canceled,2026-09-01 10:45:36.982000-03:00,2026-09-01 10:50:14.374000-03:00,,False,
G-04156,generado_ia,2026-09-01,Estudiantes,Estudiante de Grado,False,no_show,2026-09-01 10:51:11.153000-03:00,,,False,
G-04157,generado_ia,2026-09-01,Estudiantes,Estudiante de Grado,False,no_show,2026-09-01 10:51:50.989000-03:00,,,False,
G-04158,generado_ia,2026-09-01,Estudiantes,Estudiante de Grado,False,canceled,2026-09-01 10:52:11.142000-03:00,2026-09-01 10:55:54.848000-03:00,,False,
G-04159,generado_ia,2026-09-01,Estudiantes,Estudiante de Grado,False,no_show,2026-09-01 10:52:28.167000-03:00,,,False,
G-04160,generado_ia,2026-09-01,Estudiantes,Estudiante de Grado,False,no_show,2026-09-01 10:52:49.475000-03:00,,,False,
G-04161,generado_ia,2026-09-01,Estudiantes,Estudiante de Grado,False,no_show,2026-09-01 10:53:22.059000-03:00,,,False,
G-04162,generado_ia,2026-09-01,Estudiantes,Estudiante de Grado,False,no_show,2026-09-01 10:56:54.596000-03:00,,,False,
G-04163,generado_ia,2026-09-01,Estudiantes,Estudiante de Grado,False,no_show,2026-09-01 10:57:16.087000-03:00,,,False,
G-04164,generado_ia,2026-09-01,Becas personal,Becas Nodocentes,False,canceled,2026-09-01 10:57:16.485000-03:00,2026-09-01 10:59:03.698000-03:00,,False,
G-04165,generado_ia,2026-09-01,Becas Nutrirse,Becas Nutrirse Vianda,False,canceled,2026-09-01 10:58:13.333000-03:00,2026-09-01 10:59:46.130000-03:00,,False,
G-04166,generado_ia,2026-09-01,Estudiantes,Estudiante de Grado,False,no_show,2026-09-01 10:58:13.632000-03:00,,,False,
G-04167,generado_ia,2026-09-01,Becas Nutrirse,Becas Nutrirse Vianda,False,no_show,2026-09-01 10:59:22.576000-03:00,,,False,
G-04168,generado_ia,2026-09-01,Becas Nutrirse,Becas Nutrirse Vianda,False,no_show,2026-09-01 12:17:44.671000-03:00,,,False,
G-04169,generado_ia,2026-09-01,Estudiantes,Estudiante de Grado,False,no_show,2026-09-01 12:19:15.902000-03:00,,,False,
G-04170,generado_ia,2026-09-01,Estudiantes,Estudiante de Grado,False,canceled,2026-09-01 12:33:55.537000-03:00,2026-09-01 12:48:43.078000-03:00,,False,
